FlightID,RouteCode,Origin,Destination,FlightDate,FlightDurationMins,AircraftType,SeatsAvailable,SeatsSold,Revenue,OperationalCost,Profit,OccupancyPct,RouteType,YearMonth
1,BLR-HYD,BLR,HYD,13-01-2023,819,Boeing 777,150,85,316680.1,302752.41,13927.69,56.66666667,Domestic,2023-01
2,MAA-CMB,MAA,CMB,14-02-2023,664,Airbus A380,120,55,1280376.33,1092433.95,187942.38,45.83333333,International,2023-02
3,BOM-DEL,BOM,DEL,15-10-2023,263,ATR 72,250,141,487955.63,505355.29,-17399.66,56.4,Domestic,2023-10
4,BOM-DEL,BOM,DEL,23-03-2023,774,Airbus A380,180,107,298269.43,300684.36,-2414.93,59.44444444,Domestic,2023-03
5,BLR-HYD,BLR,HYD,17-02-2023,449,Boeing 737,180,161,561359.8,580601.51,-19241.71,89.44444444,Domestic,2023-02
6,DEL-FRA,DEL,FRA,02-10-2023,187,Airbus A380,120,89,2887255.23,2659485.01,227770.22,74.16666667,International,2023-10
7,DEL-LHR,DEL,LHR,23-10-2023,256,Boeing 737,120,96,3033218.41,3461305.36,-428086.95,80,International,2023-10
8,HYD-BOM,HYD,BOM,21-02-2023,449,Boeing 777,250,196,599112.79,462580.13,136532.66,78.4,Domestic,2023-02
9,CCU-DEL,CCU,DEL,10-12-2023,333,Boeing 737,350,275,924399.24,644201.4,280197.84,78.57142857,Domestic,2023-12
10,DEL-FRA,DEL,FRA,14-07-2023,336,ATR 72,150,121,3949776.24,4011392.54,-61616.3,80.66666667,International,2023-07
11,HYD-BOM,HYD,BOM,17-01-2023,884,Boeing 777,250,147,408626.06,455922.82,-47296.76,58.8,Domestic,2023-01
12,BOM-DXB,BOM,DXB,19-04-2023,731,Airbus A380,250,229,6788196.17,4315412.12,2472784.05,91.6,International,2023-04
13,DEL-MAA,DEL,MAA,07-05-2023,822,ATR 72,350,206,711164.49,774240.32,-63075.83,58.85714286,Domestic,2023-05
14,BLR-SIN,BLR,SIN,05-07-2023,284,Airbus A320,350,249,7802846.36,8322997.72,-520151.36,71.14285714,International,2023-07
15,DEL-MAA,DEL,MAA,18-11-2023,223,Airbus A380,350,169,521688.59,598727.82,-77039.23,48.28571429,Domestic,2023-11
16,HYD-DXB,HYD,DXB,09-05-2023,626,Boeing 737,120,97,2721291.83,1932376.03,788915.8,80.83333333,International,2023-05
17,BOM-DXB,BOM,DXB,27-02-2023,360,Airbus A380,150,103,3533645.61,3800477.42,-266831.81,68.66666667,International,2023-02
18,MAA-BLR,MAA,BLR,14-09-2023,840,Airbus A320,350,326,1293220.3,942844.08,350376.22,93.14285714,Domestic,2023-09
19,HYD-DXB,HYD,DXB,08-11-2023,263,Airbus A320,180,153,4297874.87,4371694.68,-73819.81,85,International,2023-11
20,HYD-DXB,HYD,DXB,01-01-2023,673,Boeing 777,250,115,3902695.11,4204112.46,-301417.35,46,International,2023-01
21,DEL-AMD,DEL,AMD,03-05-2023,119,Airbus A320,350,333,850540.68,715810.17,134730.51,95.14285714,Domestic,2023-05
22,BOM-CCU,BOM,CCU,30-09-2023,844,Airbus A320,150,119,488414.99,317018.53,171396.46,79.33333333,Domestic,2023-09
23,HYD-DXB,HYD,DXB,07-11-2023,493,Airbus A320,350,297,9013360.3,8812987.75,200372.55,84.85714286,International,2023-11
24,BLR-SIN,BLR,SIN,10-12-2023,725,Boeing 777,250,231,6184399.48,4321308.12,1863091.36,92.4,International,2023-12
25,BOM-CCU,BOM,CCU,23-06-2023,81,ATR 72,350,200,559278.26,331425.98,227852.28,57.14285714,Domestic,2023-06
26,DEL-BLR,DEL,BLR,28-04-2023,129,Boeing 737,180,87,246071.53,234109.17,11962.36,48.33333333,Domestic,2023-04
27,CCU-DEL,CCU,DEL,04-10-2023,195,ATR 72,350,245,934017.17,966239.08,-32221.91,70,Domestic,2023-10
28,CCU-DEL,CCU,DEL,18-02-2023,159,Airbus A380,180,121,392117.97,387195.13,4922.84,67.22222222,Domestic,2023-02
29,BLR-HYD,BLR,HYD,01-02-2023,472,Boeing 777,120,69,189223.95,155006.23,34217.72,57.5,Domestic,2023-02
30,BOM-BKK,BOM,BKK,04-04-2023,345,Airbus A380,150,137,2894915.95,2995697.66,-100781.71,91.33333333,International,2023-04
31,MAA-CMB,MAA,CMB,20-02-2023,111,ATR 72,120,115,3897983.05,4128811.63,-230828.58,95.83333333,International,2023-02
32,BOM-GOI,BOM,GOI,28-07-2023,557,Airbus A380,150,136,547318.01,355090.22,192227.79,90.66666667,Domestic,2023-07
33,BOM-DEL,BOM,DEL,19-07-2023,331,Airbus A380,180,121,498903.78,572369.16,-73465.38,67.22222222,Domestic,2023-07
34,MAA-CMB,MAA,CMB,05-12-2023,795,Airbus A380,150,82,1907772.11,1116218.34,791553.77,54.66666667,International,2023-12
35,MAA-CMB,MAA,CMB,01-02-2023,825,Boeing 777,120,57,1547654.18,1704945.8,-157291.62,47.5,International,2023-02
36,HYD-DXB,HYD,DXB,22-03-2023,118,ATR 72,120,108,2271004.56,1341656.17,929348.39,90,International,2023-03
37,HYD-BOM,HYD,BOM,26-07-2023,182,ATR 72,150,113,279283.45,167343.86,111939.59,75.33333333,Domestic,2023-07
38,BOM-NRT,BOM,NRT,17-10-2023,595,Boeing 777,180,100,3074287.7,2131131.81,943155.89,55.55555556,International,2023-10
39,BLR-SIN,BLR,SIN,09-03-2023,747,Boeing 777,250,154,4816806.98,2858899.55,1957907.43,61.6,International,2023-03
40,DEL-FRA,DEL,FRA,15-11-2023,636,Boeing 737,120,88,2427767.8,1528216.57,899551.23,73.33333333,International,2023-11
41,DEL-LHR,DEL,LHR,05-02-2023,310,Boeing 777,180,96,3120592.73,3033602.95,86989.78,53.33333333,International,2023-02
42,DEL-CDG,DEL,CDG,01-12-2023,601,Boeing 737,350,213,6379526.94,7102697.37,-723170.43,60.85714286,International,2023-12
43,DEL-MAA,DEL,MAA,16-05-2023,178,Boeing 737,350,186,540732,365739.12,174992.88,53.14285714,Domestic,2023-05
44,BOM-DXB,BOM,DXB,15-04-2023,763,Boeing 777,350,248,8327851.75,8808054.24,-480202.49,70.85714286,International,2023-04
45,BOM-CCU,BOM,CCU,21-11-2023,493,Boeing 777,120,54,204552.79,190698.03,13854.76,45,Domestic,2023-11
46,MAA-BLR,MAA,BLR,24-03-2023,819,Airbus A380,350,288,981974.12,606000.12,375974,82.28571429,Domestic,2023-03
47,DEL-MAA,DEL,MAA,07-10-2023,96,Boeing 777,350,259,821966.57,472710.77,349255.8,74,Domestic,2023-10
48,DEL-LHR,DEL,LHR,21-01-2023,426,Airbus A320,150,120,3036621.54,2690234.46,346387.08,80,International,2023-01
49,BOM-BKK,BOM,BKK,14-11-2023,827,Airbus A320,150,136,4711460.31,4883254.44,-171794.13,90.66666667,International,2023-11
50,BOM-BKK,BOM,BKK,13-01-2023,243,Boeing 777,250,218,7185489.37,7447397.51,-261908.14,87.2,International,2023-01
51,MAA-BLR,MAA,BLR,23-03-2023,866,Boeing 737,250,228,899566.67,614818.04,284748.63,91.2,Domestic,2023-03
52,DEL-FRA,DEL,FRA,29-06-2023,372,Airbus A320,150,69,1579889.33,1180109.66,399779.67,46,International,2023-06
53,BOM-CCU,BOM,CCU,23-05-2023,419,ATR 72,250,202,791555.2,592629.4,198925.8,80.8,Domestic,2023-05
54,BOM-DEL,BOM,DEL,01-03-2023,327,Airbus A320,350,336,966954.06,594716.9,372237.16,96,Domestic,2023-03
55,BOM-BKK,BOM,BKK,26-06-2023,806,Boeing 777,250,192,5312898.41,4149996.65,1162901.76,76.8,International,2023-06
56,BOM-NRT,BOM,NRT,08-04-2023,320,Boeing 737,250,112,3794966.28,3313275.76,481690.52,44.8,International,2023-04
57,CCU-DEL,CCU,DEL,06-07-2023,501,Boeing 737,180,140,503173.64,314370.41,188803.23,77.77777778,Domestic,2023-07
58,DEL-AMD,DEL,AMD,17-09-2023,376,Airbus A380,180,119,348929.34,218559.81,130369.53,66.11111111,Domestic,2023-09
59,BOM-BKK,BOM,BKK,07-12-2023,448,Airbus A320,350,263,6861966.54,7206678.13,-344711.59,75.14285714,International,2023-12
60,DEL-AMD,DEL,AMD,27-05-2023,275,Airbus A380,350,270,804613.13,655817.32,148795.81,77.14285714,Domestic,2023-05
61,CCU-DEL,CCU,DEL,19-09-2023,544,Airbus A320,120,72,258835.46,238531.5,20303.96,60,Domestic,2023-09
62,BOM-CCU,BOM,CCU,01-05-2023,748,Boeing 777,150,131,349146.06,201711.54,147434.52,87.33333333,Domestic,2023-05
63,CCU-KUL,CCU,KUL,09-11-2023,846,Boeing 737,250,167,4917562.28,3278347.69,1639214.59,66.8,International,2023-11
64,BLR-SIN,BLR,SIN,11-09-2023,469,Airbus A320,150,119,2389897.5,2391280.5,-1383,79.33333333,International,2023-09
65,BLR-HYD,BLR,HYD,06-08-2023,284,Airbus A320,350,243,827009.29,910108.84,-83099.55,69.42857143,Domestic,2023-08
66,BLR-HYD,BLR,HYD,22-08-2023,196,Airbus A380,350,340,1180416.82,1322094.89,-141678.07,97.14285714,Domestic,2023-08
67,DEL-FRA,DEL,FRA,10-11-2023,894,ATR 72,250,222,6264413.6,6817717.07,-553303.47,88.8,International,2023-11
68,CCU-KUL,CCU,KUL,19-08-2023,325,Airbus A320,180,154,4284202.57,3967381.77,316820.8,85.55555556,International,2023-08
69,MAA-BLR,MAA,BLR,14-08-2023,139,Boeing 777,150,89,264817.47,231474.66,33342.81,59.33333333,Domestic,2023-08
70,DEL-MAA,DEL,MAA,19-03-2023,296,Airbus A380,150,123,309420.27,245852.85,63567.42,82,Domestic,2023-03
71,MAA-CMB,MAA,CMB,27-08-2023,485,Boeing 737,150,133,3437006.24,3477829.16,-40822.92,88.66666667,International,2023-08
72,BOM-DEL,BOM,DEL,22-10-2023,449,Airbus A380,120,113,331937.81,260236.58,71701.23,94.16666667,Domestic,2023-10
73,BOM-BKK,BOM,BKK,03-10-2023,825,ATR 72,350,324,8852795.26,6318781.65,2534013.61,92.57142857,International,2023-10
74,CCU-KUL,CCU,KUL,15-01-2023,458,Boeing 777,250,208,6782377.67,7472314.85,-689937.18,83.2,International,2023-01
75,DEL-CDG,DEL,CDG,01-10-2023,87,Airbus A380,350,262,5346511.04,5002461.93,344049.11,74.85714286,International,2023-10
76,DEL-MAA,DEL,MAA,25-08-2023,246,Boeing 737,180,117,325375.66,242765.21,82610.45,65,Domestic,2023-08
77,BLR-SIN,BLR,SIN,23-05-2023,830,Airbus A380,180,160,4328736.41,4326202.18,2534.23,88.88888889,International,2023-05
78,DEL-BLR,DEL,BLR,29-06-2023,289,Boeing 737,120,101,415039.41,277917.2,137122.21,84.16666667,Domestic,2023-06
79,BOM-DEL,BOM,DEL,15-11-2023,216,Airbus A320,150,105,273619.61,306085.73,-32466.12,70,Domestic,2023-11
80,DEL-FRA,DEL,FRA,25-12-2023,322,Boeing 777,150,115,3962442.43,3887212.83,75229.6,76.66666667,International,2023-12
81,BOM-GOI,BOM,GOI,09-06-2023,170,ATR 72,120,113,388317.05,425135.6,-36818.55,94.16666667,Domestic,2023-06
82,BLR-SIN,BLR,SIN,23-07-2023,792,Airbus A320,120,91,2953730.28,2054938.6,898791.68,75.83333333,International,2023-07
83,DEL-AMD,DEL,AMD,17-12-2023,674,Boeing 737,350,302,913539.97,737251.25,176288.72,86.28571429,Domestic,2023-12
84,DEL-LHR,DEL,LHR,05-02-2023,578,Boeing 777,120,108,3492176.09,2141833.04,1350343.05,90,International,2023-02
85,DEL-LHR,DEL,LHR,22-11-2023,530,Airbus A320,250,135,3756537.16,3532175.91,224361.25,54,International,2023-11
86,DEL-CDG,DEL,CDG,03-10-2023,853,Airbus A380,250,170,5264116.85,3742983.55,1521133.3,68,International,2023-10
87,HYD-BOM,HYD,BOM,14-02-2023,345,Airbus A380,150,127,435067.63,413711.5,21356.13,84.66666667,Domestic,2023-02
88,BOM-DXB,BOM,DXB,15-01-2023,566,Boeing 777,150,106,2684171.7,1892371.77,791799.93,70.66666667,International,2023-01
89,MAA-BLR,MAA,BLR,02-11-2023,778,Boeing 777,350,159,652935.51,392654.38,260281.13,45.42857143,Domestic,2023-11
90,BOM-BKK,BOM,BKK,08-09-2023,628,Airbus A320,250,198,5417739.37,5557298.82,-139559.45,79.2,International,2023-09
91,BOM-CCU,BOM,CCU,31-05-2023,286,Airbus A380,150,91,313658.8,261577.73,52081.07,60.66666667,Domestic,2023-05
92,HYD-DXB,HYD,DXB,26-06-2023,495,ATR 72,180,114,3055904.4,2242953.75,812950.65,63.33333333,International,2023-06
93,HYD-BOM,HYD,BOM,03-03-2023,798,Airbus A320,180,92,309539.07,311802.97,-2263.9,51.11111111,Domestic,2023-03
94,BOM-GOI,BOM,GOI,09-04-2023,281,Airbus A380,180,150,623683.9,539350.69,84333.21,83.33333333,Domestic,2023-04
95,DEL-AMD,DEL,AMD,21-02-2023,258,Boeing 777,150,96,282631.84,275512.65,7119.19,64,Domestic,2023-02
96,DEL-MAA,DEL,MAA,21-05-2023,106,Boeing 737,350,211,864965.24,806771.93,58193.31,60.28571429,Domestic,2023-05
97,CCU-KUL,CCU,KUL,22-02-2023,72,ATR 72,180,125,3325879,2197136.21,1128742.79,69.44444444,International,2023-02
98,DEL-BLR,DEL,BLR,10-05-2023,549,Boeing 737,120,79,200134.48,185658.24,14476.24,65.83333333,Domestic,2023-05
99,DEL-BLR,DEL,BLR,19-03-2023,212,ATR 72,180,89,253360.19,224184.2,29175.99,49.44444444,Domestic,2023-03
100,BOM-BKK,BOM,BKK,07-11-2023,670,ATR 72,150,129,3316031.48,3631394.78,-315363.3,86,International,2023-11
101,DEL-AMD,DEL,AMD,29-10-2023,499,Boeing 777,350,272,951275.29,945618.61,5656.68,77.71428571,Domestic,2023-10
102,CCU-DEL,CCU,DEL,17-11-2023,276,Boeing 777,120,63,170910.46,101698.38,69212.08,52.5,Domestic,2023-11
103,BOM-DEL,BOM,DEL,29-07-2023,521,ATR 72,250,151,425315.24,414330.84,10984.4,60.4,Domestic,2023-07
104,DEL-FRA,DEL,FRA,06-02-2023,763,Airbus A320,180,156,4582635.74,4338426.28,244209.46,86.66666667,International,2023-02
105,CCU-DEL,CCU,DEL,06-08-2023,177,ATR 72,150,118,476146.59,498039.19,-21892.6,78.66666667,Domestic,2023-08
106,BOM-CCU,BOM,CCU,31-01-2023,229,Boeing 777,350,296,1013673.52,733054.58,280618.94,84.57142857,Domestic,2023-01
107,BLR-HYD,BLR,HYD,28-08-2023,765,Boeing 777,250,237,782301.43,662043.81,120257.62,94.8,Domestic,2023-08
108,BOM-CCU,BOM,CCU,03-11-2023,100,Airbus A380,180,138,337624.84,232068,105556.84,76.66666667,Domestic,2023-11
109,BOM-NRT,BOM,NRT,28-10-2023,81,Boeing 777,350,164,5140421.32,4278375.2,862046.12,46.85714286,International,2023-10
110,DEL-FRA,DEL,FRA,23-05-2023,245,ATR 72,250,196,5365673.86,3244866.82,2120807.04,78.4,International,2023-05
111,DEL-LHR,DEL,LHR,29-07-2023,401,Boeing 777,120,108,2694281.93,2603226.53,91055.4,90,International,2023-07
112,DEL-AMD,DEL,AMD,06-12-2023,470,ATR 72,120,82,243222.73,180949.02,62273.71,68.33333333,Domestic,2023-12
113,BLR-SIN,BLR,SIN,21-09-2023,61,ATR 72,250,167,3809894.27,2922446.51,887447.76,66.8,International,2023-09
114,CCU-KUL,CCU,KUL,17-11-2023,512,Boeing 737,150,88,1932937.46,1397161,535776.46,58.66666667,International,2023-11
115,CCU-KUL,CCU,KUL,04-03-2023,89,ATR 72,150,123,3033334.01,1693221.24,1340112.77,82,International,2023-03
116,BOM-BKK,BOM,BKK,17-02-2023,290,Boeing 737,250,237,7042607.94,4524049.33,2518558.61,94.8,International,2023-02
117,DEL-AMD,DEL,AMD,18-09-2023,782,Boeing 777,250,223,928670.2,646575.99,282094.21,89.2,Domestic,2023-09
118,MAA-CMB,MAA,CMB,16-03-2023,452,Airbus A320,350,251,8330663.35,8900615.35,-569952,71.71428571,International,2023-03
119,MAA-BLR,MAA,BLR,01-08-2023,408,ATR 72,180,159,462548.52,337259.63,125288.89,88.33333333,Domestic,2023-08
120,BOM-NRT,BOM,NRT,24-10-2023,735,Airbus A380,150,103,2808307.44,2104725.25,703582.19,68.66666667,International,2023-10
121,MAA-CMB,MAA,CMB,13-07-2023,526,Boeing 777,150,145,3419402.06,2666389.92,753012.14,96.66666667,International,2023-07
122,BOM-BKK,BOM,BKK,23-01-2023,385,Airbus A380,250,163,4882719.19,5089983.45,-207264.26,65.2,International,2023-01
123,DEL-MAA,DEL,MAA,11-09-2023,97,Airbus A320,350,336,1007190.4,614606.48,392583.92,96,Domestic,2023-09
124,DEL-FRA,DEL,FRA,21-02-2023,598,Airbus A380,120,99,2588818.25,2440915.95,147902.3,82.5,International,2023-02
125,DEL-MAA,DEL,MAA,08-02-2023,540,Boeing 777,180,140,436165.8,260909.67,175256.13,77.77777778,Domestic,2023-02
126,BOM-DXB,BOM,DXB,12-12-2023,606,Airbus A380,180,140,4663621.23,3930353.03,733268.2,77.77777778,International,2023-12
127,MAA-CMB,MAA,CMB,19-01-2023,692,Boeing 737,150,117,3956230.57,4543554.97,-587324.4,78,International,2023-01
128,BOM-CCU,BOM,CCU,11-08-2023,160,Boeing 737,250,134,393831.22,223447.37,170383.85,53.6,Domestic,2023-08
129,BOM-DXB,BOM,DXB,29-01-2023,360,Boeing 777,180,122,2886881.3,2301511.41,585369.89,67.77777778,International,2023-01
130,BOM-GOI,BOM,GOI,29-03-2023,239,Boeing 737,350,319,1121437.69,778836.09,342601.6,91.14285714,Domestic,2023-03
131,BOM-NRT,BOM,NRT,15-03-2023,297,Airbus A380,180,124,3720323.73,4052716.5,-332392.77,68.88888889,International,2023-03
132,DEL-FRA,DEL,FRA,28-05-2023,753,ATR 72,150,73,2495033.02,2850802.32,-355769.3,48.66666667,International,2023-05
133,DEL-AMD,DEL,AMD,24-11-2023,494,Boeing 777,250,224,617924.29,482485.14,135439.15,89.6,Domestic,2023-11
134,CCU-KUL,CCU,KUL,24-02-2023,302,Airbus A380,350,224,5474131.23,5307539.45,166591.78,64,International,2023-02
135,BOM-DEL,BOM,DEL,04-12-2023,465,Boeing 777,120,89,323465.08,322430.41,1034.67,74.16666667,Domestic,2023-12
136,DEL-BLR,DEL,BLR,07-11-2023,823,Airbus A380,180,155,436203.03,449794.76,-13591.73,86.11111111,Domestic,2023-11
137,HYD-BOM,HYD,BOM,22-11-2023,254,ATR 72,180,145,536162.31,506946.25,29216.06,80.55555556,Domestic,2023-11
138,DEL-MAA,DEL,MAA,18-11-2023,159,Boeing 737,180,156,383768.76,295086.22,88682.54,86.66666667,Domestic,2023-11
139,DEL-MAA,DEL,MAA,16-02-2023,362,Boeing 777,250,135,356114.83,311117.82,44997.01,54,Domestic,2023-02
140,DEL-LHR,DEL,LHR,29-09-2023,573,Boeing 777,150,87,2816220.21,2363114.87,453105.34,58,International,2023-09
141,DEL-AMD,DEL,AMD,23-06-2023,883,Boeing 737,250,240,636807.03,719528.34,-82721.31,96,Domestic,2023-06
142,BLR-SIN,BLR,SIN,13-10-2023,434,Boeing 737,250,114,3197538.65,2631163.8,566374.85,45.6,International,2023-10
143,MAA-BLR,MAA,BLR,27-10-2023,450,Boeing 777,120,96,311871.2,287460.45,24410.75,80,Domestic,2023-10
144,MAA-CMB,MAA,CMB,17-06-2023,684,Airbus A320,120,94,2534617.23,2460216.83,74400.4,78.33333333,International,2023-06
145,BOM-BKK,BOM,BKK,01-03-2023,203,Boeing 737,120,73,1999423.96,1216279.98,783143.98,60.83333333,International,2023-03
146,MAA-CMB,MAA,CMB,11-03-2023,457,Airbus A380,180,144,4485182.66,5012570.4,-527387.74,80,International,2023-03
147,BOM-BKK,BOM,BKK,28-10-2023,820,Airbus A320,250,199,6468573.85,5947150.71,521423.14,79.6,International,2023-10
148,MAA-BLR,MAA,BLR,17-01-2023,766,Boeing 777,150,102,419321.93,445852.48,-26530.55,68,Domestic,2023-01
149,BLR-HYD,BLR,HYD,18-12-2023,436,ATR 72,180,86,249106.45,281720.49,-32614.04,47.77777778,Domestic,2023-12
150,DEL-FRA,DEL,FRA,16-02-2023,738,Airbus A320,350,337,6995674.37,5247493.78,1748180.59,96.28571429,International,2023-02
151,DEL-MAA,DEL,MAA,17-10-2023,270,Boeing 737,350,195,543798.92,582853.07,-39054.15,55.71428571,Domestic,2023-10
152,BOM-DXB,BOM,DXB,17-03-2023,867,ATR 72,120,71,2467989.96,2819718.96,-351729,59.16666667,International,2023-03
153,MAA-CMB,MAA,CMB,09-05-2023,877,Airbus A320,120,96,1957123.42,1093867.98,863255.44,80,International,2023-05
154,HYD-BOM,HYD,BOM,29-10-2023,391,Boeing 737,150,88,231278.55,185618.69,45659.86,58.66666667,Domestic,2023-10
155,BLR-HYD,BLR,HYD,02-02-2023,547,Airbus A380,180,129,334922.34,285455.39,49466.95,71.66666667,Domestic,2023-02
156,DEL-CDG,DEL,CDG,23-01-2023,804,ATR 72,180,124,4273088.7,2506146.2,1766942.5,68.88888889,International,2023-01
157,CCU-KUL,CCU,KUL,25-07-2023,496,Boeing 737,250,206,5490607.6,5982346.74,-491739.14,82.4,International,2023-07
158,BOM-DXB,BOM,DXB,08-11-2023,211,Boeing 737,150,89,2625157.43,2307549.77,317607.66,59.33333333,International,2023-11
159,BOM-DXB,BOM,DXB,15-07-2023,671,ATR 72,180,124,3606093.83,2197939.71,1408154.12,68.88888889,International,2023-07
160,BLR-HYD,BLR,HYD,02-12-2023,726,ATR 72,150,101,403854.95,322392.62,81462.33,67.33333333,Domestic,2023-12
161,DEL-FRA,DEL,FRA,24-07-2023,485,Boeing 737,180,121,3627170.77,2809536.16,817634.61,67.22222222,International,2023-07
162,DEL-MAA,DEL,MAA,18-12-2023,545,Boeing 737,120,106,272188.3,165473.79,106714.51,88.33333333,Domestic,2023-12
163,DEL-LHR,DEL,LHR,08-03-2023,629,Boeing 737,350,334,9494033.74,9038395.68,455638.06,95.42857143,International,2023-03
164,BOM-BKK,BOM,BKK,01-07-2023,741,Airbus A380,120,115,3335707.41,2538432.35,797275.06,95.83333333,International,2023-07
165,BOM-NRT,BOM,NRT,17-09-2023,277,Airbus A320,250,142,3070505.15,3246211.89,-175706.74,56.8,International,2023-09
166,DEL-LHR,DEL,LHR,28-02-2023,840,Boeing 777,350,199,5260900.55,4664206.16,596694.39,56.85714286,International,2023-02
167,DEL-CDG,DEL,CDG,11-11-2023,751,ATR 72,120,92,2747807.09,2654608.93,93198.16,76.66666667,International,2023-11
168,BOM-DEL,BOM,DEL,03-04-2023,339,Boeing 777,180,114,310824.42,197669.07,113155.35,63.33333333,Domestic,2023-04
169,BLR-SIN,BLR,SIN,05-02-2023,205,Boeing 737,120,101,2345926.31,1881197.13,464729.18,84.16666667,International,2023-02
170,BOM-DXB,BOM,DXB,22-03-2023,438,Boeing 777,180,155,4419655.02,2656098.75,1763556.27,86.11111111,International,2023-03
171,DEL-BLR,DEL,BLR,21-03-2023,221,ATR 72,120,96,277419.37,262761.42,14657.95,80,Domestic,2023-03
172,CCU-KUL,CCU,KUL,07-11-2023,512,Airbus A380,180,101,2796204.65,2117016.92,679187.73,56.11111111,International,2023-11
173,BLR-HYD,BLR,HYD,26-05-2023,754,ATR 72,250,182,537838.19,366972.95,170865.24,72.8,Domestic,2023-05
174,DEL-CDG,DEL,CDG,29-01-2023,67,Airbus A320,180,171,5388251.54,5434033.02,-45781.48,95,International,2023-01
175,DEL-AMD,DEL,AMD,17-06-2023,182,Boeing 737,250,211,573128.89,445965.61,127163.28,84.4,Domestic,2023-06
176,HYD-BOM,HYD,BOM,14-09-2023,632,Boeing 777,120,79,295118.28,239556.88,55561.4,65.83333333,Domestic,2023-09
177,DEL-FRA,DEL,FRA,09-02-2023,380,ATR 72,250,188,5760787.07,4612180.47,1148606.6,75.2,International,2023-02
178,BLR-HYD,BLR,HYD,27-07-2023,81,Boeing 777,150,131,460153.94,482800.67,-22646.73,87.33333333,Domestic,2023-07
179,DEL-LHR,DEL,LHR,15-02-2023,507,Boeing 737,150,102,2652688.22,1584154.24,1068533.98,68,International,2023-02
180,DEL-AMD,DEL,AMD,23-06-2023,286,Boeing 777,150,73,258405.72,224389.94,34015.78,48.66666667,Domestic,2023-06
181,CCU-DEL,CCU,DEL,28-06-2023,419,Airbus A320,150,75,214555.71,140340.76,74214.95,50,Domestic,2023-06
182,DEL-MAA,DEL,MAA,02-12-2023,137,Airbus A320,250,173,590747.23,530302.48,60444.75,69.2,Domestic,2023-12
183,BOM-NRT,BOM,NRT,26-11-2023,710,ATR 72,180,163,4793546.56,3070623.41,1722923.15,90.55555556,International,2023-11
184,BOM-CCU,BOM,CCU,29-08-2023,512,Boeing 777,180,137,415588.95,247073.61,168515.34,76.11111111,Domestic,2023-08
185,DEL-FRA,DEL,FRA,20-08-2023,98,Boeing 737,180,160,3384154.4,3616138.25,-231983.85,88.88888889,International,2023-08
186,BOM-CCU,BOM,CCU,11-11-2023,668,ATR 72,250,173,587814.12,602562.78,-14748.66,69.2,Domestic,2023-11
187,DEL-BLR,DEL,BLR,19-08-2023,889,ATR 72,150,93,302820.3,193961.44,108858.86,62,Domestic,2023-08
188,DEL-BLR,DEL,BLR,19-08-2023,165,Boeing 777,120,86,233112.12,162862.9,70249.22,71.66666667,Domestic,2023-08
189,DEL-FRA,DEL,FRA,13-08-2023,596,ATR 72,350,186,4760257.03,3426129.05,1334127.98,53.14285714,International,2023-08
190,BOM-BKK,BOM,BKK,23-06-2023,755,ATR 72,120,104,3089796.36,1821580.52,1268215.84,86.66666667,International,2023-06
191,BLR-HYD,BLR,HYD,13-10-2023,754,Airbus A380,180,105,412946.02,466069.88,-53123.86,58.33333333,Domestic,2023-10
192,DEL-CDG,DEL,CDG,18-03-2023,401,Boeing 737,350,280,9450335.11,6956760.64,2493574.47,80,International,2023-03
193,BLR-SIN,BLR,SIN,08-03-2023,669,Boeing 737,180,134,3973421.46,2968487.28,1004934.18,74.44444444,International,2023-03
194,DEL-MAA,DEL,MAA,10-12-2023,779,ATR 72,120,95,300402.49,230437.81,69964.68,79.16666667,Domestic,2023-12
195,DEL-LHR,DEL,LHR,08-06-2023,244,Airbus A320,180,171,4667284.91,3201411.27,1465873.64,95,International,2023-06
196,DEL-MAA,DEL,MAA,21-03-2023,139,Boeing 777,120,86,289956.51,287980.86,1975.65,71.66666667,Domestic,2023-03
197,HYD-DXB,HYD,DXB,20-01-2023,737,Boeing 777,350,181,4642794.45,3005505.22,1637289.23,51.71428571,International,2023-01
198,DEL-CDG,DEL,CDG,26-03-2023,798,Airbus A380,120,80,2411635.51,1670101.29,741534.22,66.66666667,International,2023-03
199,DEL-FRA,DEL,FRA,09-11-2023,351,Airbus A380,150,109,2685980.01,2780457.54,-94477.53,72.66666667,International,2023-11
200,CCU-KUL,CCU,KUL,10-04-2023,436,ATR 72,250,173,4191197.65,3265460.42,925737.23,69.2,International,2023-04
201,HYD-DXB,HYD,DXB,03-08-2023,225,Airbus A320,350,183,4346258.82,4062480.38,283778.44,52.28571429,International,2023-08
202,DEL-LHR,DEL,LHR,11-10-2023,165,ATR 72,120,72,2264166.18,1615878.3,648287.88,60,International,2023-10
203,HYD-DXB,HYD,DXB,17-03-2023,507,Boeing 737,150,132,4391566.95,4867099.68,-475532.73,88,International,2023-03
204,BOM-BKK,BOM,BKK,28-01-2023,465,ATR 72,180,103,3596541.67,2787131.35,809410.32,57.22222222,International,2023-01
205,BOM-DEL,BOM,DEL,13-06-2023,161,Boeing 777,150,78,227477.87,238364.27,-10886.4,52,Domestic,2023-06
206,DEL-MAA,DEL,MAA,28-12-2023,540,Airbus A380,350,158,401731.81,282640.17,119091.64,45.14285714,Domestic,2023-12
207,DEL-MAA,DEL,MAA,08-10-2023,804,ATR 72,350,236,896118.13,620637.2,275480.93,67.42857143,Domestic,2023-10
208,BLR-HYD,BLR,HYD,25-01-2023,304,Airbus A380,350,242,629089.7,687650.48,-58560.78,69.14285714,Domestic,2023-01
209,DEL-CDG,DEL,CDG,02-10-2023,76,ATR 72,350,202,4475037.83,3613786.98,861250.85,57.71428571,International,2023-10
210,DEL-CDG,DEL,CDG,30-06-2023,306,ATR 72,250,137,4113181.63,3554162.14,559019.49,54.8,International,2023-06
211,DEL-LHR,DEL,LHR,04-02-2023,598,ATR 72,350,303,8367144.67,4704013.62,3663131.05,86.57142857,International,2023-02
212,CCU-KUL,CCU,KUL,23-01-2023,710,Airbus A380,180,105,2125581.51,2174707.97,-49126.46,58.33333333,International,2023-01
213,DEL-LHR,DEL,LHR,04-05-2023,810,Boeing 737,350,293,7321419.28,4221540.7,3099878.58,83.71428571,International,2023-05
214,MAA-CMB,MAA,CMB,23-06-2023,893,Airbus A320,250,242,6577068.15,4336700.37,2240367.78,96.8,International,2023-06
215,DEL-MAA,DEL,MAA,02-02-2023,793,Airbus A380,120,72,178477.29,119523.01,58954.28,60,Domestic,2023-02
216,DEL-BLR,DEL,BLR,11-06-2023,377,ATR 72,250,243,820721.63,576136.95,244584.68,97.2,Domestic,2023-06
217,CCU-DEL,CCU,DEL,27-05-2023,425,Boeing 737,180,107,410753.35,333601.89,77151.46,59.44444444,Domestic,2023-05
218,BLR-SIN,BLR,SIN,14-08-2023,455,Boeing 777,150,106,2911062.19,3215519.36,-304457.17,70.66666667,International,2023-08
219,HYD-DXB,HYD,DXB,17-05-2023,880,Boeing 737,250,122,3542489.54,3696250.48,-153760.94,48.8,International,2023-05
220,MAA-CMB,MAA,CMB,31-05-2023,388,Boeing 737,120,74,1808160.34,1478260.51,329899.83,61.66666667,International,2023-05
221,BOM-BKK,BOM,BKK,27-03-2023,766,Airbus A380,180,123,3800972.56,4169531.35,-368558.79,68.33333333,International,2023-03
222,DEL-CDG,DEL,CDG,11-08-2023,341,Boeing 737,120,96,2504942.73,2148869.16,356073.57,80,International,2023-08
223,BOM-GOI,BOM,GOI,16-01-2023,206,ATR 72,250,117,294959.35,300005.88,-5046.53,46.8,Domestic,2023-01
224,DEL-LHR,DEL,LHR,05-07-2023,452,ATR 72,120,92,2777105.64,3108398.01,-331292.37,76.66666667,International,2023-07
225,DEL-LHR,DEL,LHR,16-08-2023,841,Boeing 737,350,183,4667277.61,3447397.16,1219880.45,52.28571429,International,2023-08
226,MAA-BLR,MAA,BLR,08-05-2023,176,Boeing 737,150,107,331333.77,293894.26,37439.51,71.33333333,Domestic,2023-05
227,MAA-BLR,MAA,BLR,14-05-2023,780,Airbus A380,150,146,425449.6,467946.63,-42497.03,97.33333333,Domestic,2023-05
228,CCU-KUL,CCU,KUL,13-04-2023,185,Airbus A320,120,82,2745375.21,2243154.71,502220.5,68.33333333,International,2023-04
229,BOM-CCU,BOM,CCU,16-12-2023,387,Boeing 777,120,88,257193.39,187744.49,69448.9,73.33333333,Domestic,2023-12
230,BOM-GOI,BOM,GOI,31-12-2023,786,Airbus A320,180,129,337780.36,226511.53,111268.83,71.66666667,Domestic,2023-12
231,DEL-MAA,DEL,MAA,02-05-2023,869,Airbus A380,120,76,260687.55,216486.28,44201.27,63.33333333,Domestic,2023-05
232,MAA-CMB,MAA,CMB,08-03-2023,686,Boeing 737,120,73,2554556.57,2506842.04,47714.53,60.83333333,International,2023-03
233,HYD-DXB,HYD,DXB,30-07-2023,847,Airbus A380,350,171,5914154.01,5532118.31,382035.7,48.85714286,International,2023-07
234,DEL-FRA,DEL,FRA,27-08-2023,756,ATR 72,180,93,3016529.95,2656905.48,359624.47,51.66666667,International,2023-08
235,BOM-NRT,BOM,NRT,04-04-2023,846,Airbus A320,250,179,5911148.22,6199816.09,-288667.87,71.6,International,2023-04
236,HYD-DXB,HYD,DXB,20-03-2023,371,Airbus A320,150,93,2849518.32,2158834.54,690683.78,62,International,2023-03
237,HYD-DXB,HYD,DXB,26-05-2023,140,Boeing 777,150,117,3306726.68,2067042.05,1239684.63,78,International,2023-05
238,DEL-AMD,DEL,AMD,11-11-2023,606,Boeing 737,350,276,956410.44,859227.57,97182.87,78.85714286,Domestic,2023-11
239,BOM-GOI,BOM,GOI,04-12-2023,699,ATR 72,180,161,549736.51,574552.58,-24816.07,89.44444444,Domestic,2023-12
240,BOM-DEL,BOM,DEL,11-02-2023,106,ATR 72,180,143,540615.25,432466.29,108148.96,79.44444444,Domestic,2023-02
241,BOM-DEL,BOM,DEL,12-09-2023,702,ATR 72,180,142,418015.26,291326.02,126689.24,78.88888889,Domestic,2023-09
242,BLR-SIN,BLR,SIN,02-06-2023,524,Boeing 737,120,64,1678996.88,1391326.44,287670.44,53.33333333,International,2023-06
243,BOM-DXB,BOM,DXB,07-11-2023,207,Boeing 777,180,151,4969660.73,5641680.5,-672019.77,83.88888889,International,2023-11
244,DEL-MAA,DEL,MAA,09-07-2023,587,ATR 72,120,74,239734.15,170327.04,69407.11,61.66666667,Domestic,2023-07
245,HYD-BOM,HYD,BOM,14-03-2023,159,Boeing 737,180,171,676389.63,541707.5,134682.13,95,Domestic,2023-03
246,BOM-GOI,BOM,GOI,17-06-2023,651,Boeing 777,150,128,422000.38,362428.66,59571.72,85.33333333,Domestic,2023-06
247,CCU-KUL,CCU,KUL,07-06-2023,569,Boeing 737,120,114,3144310.03,3553108,-408797.97,95,International,2023-06
248,CCU-DEL,CCU,DEL,26-10-2023,421,Boeing 737,120,71,246762.9,260510.01,-13747.11,59.16666667,Domestic,2023-10
249,CCU-KUL,CCU,KUL,27-05-2023,609,Boeing 737,120,81,2692183.71,2655852.25,36331.46,67.5,International,2023-05
250,BLR-SIN,BLR,SIN,07-07-2023,106,Airbus A380,120,90,2062784.66,1819239.42,243545.24,75,International,2023-07
251,BOM-CCU,BOM,CCU,17-07-2023,576,Airbus A380,350,209,873695.92,837209.67,36486.25,59.71428571,Domestic,2023-07
252,BLR-HYD,BLR,HYD,07-03-2023,159,Airbus A380,180,156,469615.15,522855.02,-53239.87,86.66666667,Domestic,2023-03
253,DEL-MAA,DEL,MAA,12-04-2023,676,ATR 72,250,178,441715.19,279261.98,162453.21,71.2,Domestic,2023-04
254,BOM-DXB,BOM,DXB,31-08-2023,591,Airbus A380,150,115,3189247.39,2381664.6,807582.79,76.66666667,International,2023-08
255,DEL-CDG,DEL,CDG,13-06-2023,226,Airbus A380,350,294,7199623.45,5412850.21,1786773.24,84,International,2023-06
256,HYD-DXB,HYD,DXB,30-09-2023,561,ATR 72,180,126,2551443.85,1910377.65,641066.2,70,International,2023-09
257,BLR-HYD,BLR,HYD,02-08-2023,657,Boeing 777,120,91,261893.89,247058.8,14835.09,75.83333333,Domestic,2023-08
258,BOM-NRT,BOM,NRT,23-10-2023,293,Boeing 737,350,246,6854417.31,6735902.39,118514.92,70.28571429,International,2023-10
259,BLR-SIN,BLR,SIN,17-03-2023,757,Airbus A320,120,90,2745703.23,1824439.06,921264.17,75,International,2023-03
260,DEL-FRA,DEL,FRA,10-06-2023,488,Airbus A320,250,203,5309599.21,5389154.96,-79555.75,81.2,International,2023-06
261,CCU-KUL,CCU,KUL,01-02-2023,782,Airbus A320,350,195,4850769.89,4595309.33,255460.56,55.71428571,International,2023-02
262,HYD-DXB,HYD,DXB,12-07-2023,381,Airbus A320,250,233,5856432.93,4465952.9,1390480.03,93.2,International,2023-07
263,MAA-BLR,MAA,BLR,09-11-2023,555,Airbus A320,150,89,261419.57,291454.41,-30034.84,59.33333333,Domestic,2023-11
264,DEL-AMD,DEL,AMD,28-05-2023,781,Airbus A320,250,154,466288.24,517682.63,-51394.39,61.6,Domestic,2023-05
265,MAA-BLR,MAA,BLR,28-05-2023,184,ATR 72,350,227,945293.6,984075.67,-38782.07,64.85714286,Domestic,2023-05
266,DEL-MAA,DEL,MAA,29-05-2023,103,Boeing 777,120,76,242917.05,170981.15,71935.9,63.33333333,Domestic,2023-05
267,CCU-KUL,CCU,KUL,20-04-2023,266,ATR 72,180,170,5175236.82,3272632.28,1902604.54,94.44444444,International,2023-04
268,DEL-CDG,DEL,CDG,28-10-2023,305,Airbus A320,120,96,2684699.75,2504198.64,180501.11,80,International,2023-10
269,DEL-BLR,DEL,BLR,21-02-2023,483,Boeing 777,250,125,473422.36,261854.11,211568.25,50,Domestic,2023-02
270,MAA-CMB,MAA,CMB,22-03-2023,476,Airbus A380,250,198,6205055.85,4482203.62,1722852.23,79.2,International,2023-03
271,DEL-AMD,DEL,AMD,27-11-2023,120,Boeing 737,350,200,745927.15,790831.86,-44904.71,57.14285714,Domestic,2023-11
272,DEL-BLR,DEL,BLR,31-03-2023,487,Airbus A320,120,117,364407.06,308736.72,55670.34,97.5,Domestic,2023-03
273,DEL-AMD,DEL,AMD,20-01-2023,69,Boeing 777,350,269,1095157.84,822491.21,272666.63,76.85714286,Domestic,2023-01
274,DEL-FRA,DEL,FRA,25-11-2023,616,ATR 72,250,230,5062989.81,4316338.57,746651.24,92,International,2023-11
275,MAA-BLR,MAA,BLR,09-04-2023,888,Boeing 737,180,96,309700.42,218140.26,91560.16,53.33333333,Domestic,2023-04
276,BOM-GOI,BOM,GOI,08-01-2023,814,Boeing 777,180,135,508019.71,332903.77,175115.94,75,Domestic,2023-01
277,BLR-SIN,BLR,SIN,07-08-2023,587,Boeing 777,120,79,1693031.35,1928381.53,-235350.18,65.83333333,International,2023-08
278,CCU-KUL,CCU,KUL,15-06-2023,314,Boeing 737,180,117,3124020.84,2218668.97,905351.87,65,International,2023-06
279,BOM-DXB,BOM,DXB,04-06-2023,656,ATR 72,120,70,1777529.7,1229662.24,547867.46,58.33333333,International,2023-06
280,BLR-HYD,BLR,HYD,27-08-2023,374,Airbus A320,250,203,824502.94,892673.54,-68170.6,81.2,Domestic,2023-08
281,DEL-AMD,DEL,AMD,20-12-2023,180,Boeing 777,180,139,388425.98,244763.24,143662.74,77.22222222,Domestic,2023-12
282,DEL-MAA,DEL,MAA,21-08-2023,825,ATR 72,180,120,406634.65,338522.06,68112.59,66.66666667,Domestic,2023-08
283,MAA-CMB,MAA,CMB,07-12-2023,283,Airbus A320,350,319,6771749.42,5539621.4,1232128.02,91.14285714,International,2023-12
284,DEL-LHR,DEL,LHR,09-02-2023,637,Boeing 737,120,106,3555592.17,2386847.93,1168744.24,88.33333333,International,2023-02
285,MAA-CMB,MAA,CMB,18-03-2023,228,Boeing 777,350,239,7218858.43,7075569.72,143288.71,68.28571429,International,2023-03
286,CCU-KUL,CCU,KUL,16-02-2023,582,Airbus A380,120,82,2271294.85,1871726.58,399568.27,68.33333333,International,2023-02
287,DEL-BLR,DEL,BLR,14-10-2023,533,Boeing 777,120,79,305699.65,304930.11,769.54,65.83333333,Domestic,2023-10
288,BOM-NRT,BOM,NRT,07-02-2023,106,Airbus A380,180,147,4133265.53,2422727.56,1710537.97,81.66666667,International,2023-02
289,BOM-CCU,BOM,CCU,30-08-2023,92,Boeing 777,250,136,359552.99,336151.48,23401.51,54.4,Domestic,2023-08
290,BOM-BKK,BOM,BKK,11-07-2023,451,Airbus A380,250,162,4899034.76,4639755.91,259278.85,64.8,International,2023-07
291,MAA-CMB,MAA,CMB,10-03-2023,729,Boeing 777,120,65,1823827.02,1581815.25,242011.77,54.16666667,International,2023-03
292,HYD-BOM,HYD,BOM,02-01-2023,834,Boeing 737,180,125,461796.14,371504.29,90291.85,69.44444444,Domestic,2023-01
293,BLR-SIN,BLR,SIN,28-04-2023,313,Airbus A380,180,95,2168584.64,2331499.35,-162914.71,52.77777778,International,2023-04
294,BLR-HYD,BLR,HYD,17-01-2023,888,Airbus A380,350,299,1193237.81,667482.29,525755.52,85.42857143,Domestic,2023-01
295,CCU-DEL,CCU,DEL,04-02-2023,163,ATR 72,120,82,295990.69,317694.93,-21704.24,68.33333333,Domestic,2023-02
296,HYD-BOM,HYD,BOM,23-01-2023,471,Airbus A380,150,110,413368.37,419832.7,-6464.33,73.33333333,Domestic,2023-01
297,DEL-MAA,DEL,MAA,15-09-2023,356,Airbus A320,350,216,750870.39,715969.29,34901.1,61.71428571,Domestic,2023-09
298,BOM-DXB,BOM,DXB,02-05-2023,369,Airbus A320,350,198,4852487.83,2846346.02,2006141.81,56.57142857,International,2023-05
299,BOM-NRT,BOM,NRT,31-03-2023,701,Airbus A380,350,249,8611504.03,9601412.31,-989908.28,71.14285714,International,2023-03
300,BLR-SIN,BLR,SIN,26-09-2023,386,Airbus A380,250,132,3385391.17,3394361.3,-8970.13,52.8,International,2023-09
301,CCU-KUL,CCU,KUL,04-05-2023,290,Boeing 777,150,131,4417466.41,3920199.15,497267.26,87.33333333,International,2023-05
302,BOM-BKK,BOM,BKK,13-10-2023,602,Airbus A320,250,144,3319207.34,3113494.52,205712.82,57.6,International,2023-10
303,DEL-FRA,DEL,FRA,09-07-2023,154,ATR 72,150,71,1821683.89,1663164,158519.89,47.33333333,International,2023-07
304,DEL-BLR,DEL,BLR,07-02-2023,252,ATR 72,350,197,546872.07,598398.19,-51526.12,56.28571429,Domestic,2023-02
305,DEL-AMD,DEL,AMD,08-01-2023,276,Airbus A320,120,101,379537.33,416984.3,-37446.97,84.16666667,Domestic,2023-01
306,DEL-CDG,DEL,CDG,27-12-2023,269,Airbus A380,150,111,3511230.61,2733131.54,778099.07,74,International,2023-12
307,MAA-CMB,MAA,CMB,29-11-2023,427,Boeing 777,180,115,3822850.62,3171446.2,651404.42,63.88888889,International,2023-11
308,CCU-KUL,CCU,KUL,13-06-2023,268,Boeing 777,180,120,3412544.51,2329964.11,1082580.4,66.66666667,International,2023-06
309,DEL-MAA,DEL,MAA,09-01-2023,327,ATR 72,350,264,832033.1,533705.01,298328.09,75.42857143,Domestic,2023-01
310,BOM-DXB,BOM,DXB,28-04-2023,448,ATR 72,150,107,3190645.79,3065916.96,124728.83,71.33333333,International,2023-04
311,MAA-BLR,MAA,BLR,08-09-2023,800,Airbus A380,250,134,513348.09,334476.79,178871.3,53.6,Domestic,2023-09
312,MAA-CMB,MAA,CMB,08-09-2023,248,ATR 72,120,87,2834984.38,1685676.74,1149307.64,72.5,International,2023-09
313,DEL-BLR,DEL,BLR,04-01-2023,482,Airbus A320,150,72,192373.44,131050.91,61322.53,48,Domestic,2023-01
314,DEL-FRA,DEL,FRA,11-07-2023,121,ATR 72,350,326,9743900.43,5451118.5,4292781.93,93.14285714,International,2023-07
315,MAA-CMB,MAA,CMB,10-10-2023,481,Boeing 737,120,87,2098536.66,2384960.91,-286424.25,72.5,International,2023-10
316,BOM-DEL,BOM,DEL,15-09-2023,892,Airbus A380,150,76,195575.74,125039.1,70536.64,50.66666667,Domestic,2023-09
317,CCU-DEL,CCU,DEL,14-11-2023,599,Boeing 777,180,106,330127.84,255463.14,74664.7,58.88888889,Domestic,2023-11
318,BLR-SIN,BLR,SIN,24-08-2023,638,Airbus A320,150,91,2950304.74,1765374.29,1184930.45,60.66666667,International,2023-08
319,DEL-BLR,DEL,BLR,17-02-2023,475,Airbus A380,250,185,462686.27,257100.93,205585.34,74,Domestic,2023-02
320,BOM-GOI,BOM,GOI,12-02-2023,571,Airbus A380,180,134,528540.03,320938.54,207601.49,74.44444444,Domestic,2023-02
321,HYD-DXB,HYD,DXB,22-01-2023,295,Airbus A320,350,245,5071115.24,3015329.93,2055785.31,70,International,2023-01
322,MAA-BLR,MAA,BLR,06-10-2023,637,Boeing 737,150,141,418216.22,471280.13,-53063.91,94,Domestic,2023-10
323,BOM-NRT,BOM,NRT,15-03-2023,830,Airbus A380,120,73,2077534.23,1849041.93,228492.3,60.83333333,International,2023-03
324,BLR-SIN,BLR,SIN,13-12-2023,613,Boeing 777,250,212,4685042.89,5355410.57,-670367.68,84.8,International,2023-12
325,BOM-CCU,BOM,CCU,14-09-2023,823,Boeing 777,120,60,169071.55,100700.87,68370.68,50,Domestic,2023-09
326,DEL-CDG,DEL,CDG,11-11-2023,669,Airbus A380,180,83,2000292.15,2291437.73,-291145.58,46.11111111,International,2023-11
327,CCU-KUL,CCU,KUL,27-04-2023,424,ATR 72,250,169,5103026.47,4829520.3,273506.17,67.6,International,2023-04
328,BOM-CCU,BOM,CCU,13-11-2023,362,Airbus A320,120,59,157978.27,154345.76,3632.51,49.16666667,Domestic,2023-11
329,DEL-MAA,DEL,MAA,19-07-2023,384,Boeing 777,120,59,241742.38,197465.21,44277.17,49.16666667,Domestic,2023-07
330,MAA-BLR,MAA,BLR,22-02-2023,195,Boeing 737,150,101,343659.88,294676.15,48983.73,67.33333333,Domestic,2023-02
331,BLR-HYD,BLR,HYD,14-01-2023,151,Boeing 777,350,174,604907.32,450449.2,154458.12,49.71428571,Domestic,2023-01
332,BLR-SIN,BLR,SIN,07-01-2023,358,Airbus A380,250,215,6637621.4,5879086.82,758534.58,86,International,2023-01
333,HYD-BOM,HYD,BOM,20-10-2023,593,Airbus A320,250,134,386463.25,274792.41,111670.84,53.6,Domestic,2023-10
334,DEL-MAA,DEL,MAA,02-02-2023,231,Airbus A380,180,121,395865.58,235996.38,159869.2,67.22222222,Domestic,2023-02
335,MAA-BLR,MAA,BLR,07-05-2023,798,Airbus A380,350,271,873744.9,551589.66,322155.24,77.42857143,Domestic,2023-05
336,BOM-DEL,BOM,DEL,22-07-2023,400,ATR 72,250,219,655505.34,492180.77,163324.57,87.6,Domestic,2023-07
337,DEL-CDG,DEL,CDG,11-03-2023,367,Boeing 777,350,333,7663253.19,5659388.87,2003864.32,95.14285714,International,2023-03
338,BLR-SIN,BLR,SIN,13-06-2023,358,Airbus A380,350,302,7516264.66,5398031.61,2118233.05,86.28571429,International,2023-06
339,BLR-SIN,BLR,SIN,06-07-2023,176,ATR 72,150,114,3213025.74,3081380.3,131645.44,76,International,2023-07
340,MAA-CMB,MAA,CMB,14-01-2023,804,Airbus A380,150,102,2485736.75,2400478.88,85257.87,68,International,2023-01
341,BOM-BKK,BOM,BKK,11-12-2023,571,Airbus A320,180,104,3107514.23,3042697.18,64817.05,57.77777778,International,2023-12
342,BLR-SIN,BLR,SIN,07-02-2023,519,ATR 72,250,189,5294931.58,5846120.47,-551188.89,75.6,International,2023-02
343,BOM-BKK,BOM,BKK,06-10-2023,97,Boeing 777,350,267,9002177,5541935.1,3460241.9,76.28571429,International,2023-10
344,HYD-BOM,HYD,BOM,03-12-2023,740,Boeing 777,150,118,292608.62,333622.08,-41013.46,78.66666667,Domestic,2023-12
345,BLR-SIN,BLR,SIN,19-06-2023,875,Airbus A380,120,54,1289578.08,1104402.08,185176,45,International,2023-06
346,HYD-DXB,HYD,DXB,13-10-2023,654,ATR 72,150,102,2638435.28,2673804.4,-35369.12,68,International,2023-10
347,BOM-NRT,BOM,NRT,20-12-2023,572,Airbus A320,180,176,4794515.66,3486856.26,1307659.4,97.77777778,International,2023-12
348,BOM-CCU,BOM,CCU,01-03-2023,807,Airbus A320,180,110,354155.86,238743.69,115412.17,61.11111111,Domestic,2023-03
349,CCU-KUL,CCU,KUL,28-06-2023,547,Boeing 737,250,208,5571635.24,3288961.93,2282673.31,83.2,International,2023-06
350,DEL-BLR,DEL,BLR,30-12-2023,177,Boeing 737,180,142,513876.81,333306.9,180569.91,78.88888889,Domestic,2023-12
351,HYD-BOM,HYD,BOM,22-09-2023,238,ATR 72,150,93,294574.23,243681.38,50892.85,62,Domestic,2023-09
352,BLR-SIN,BLR,SIN,19-11-2023,248,Airbus A320,250,164,5093975.39,5500772.24,-406796.85,65.6,International,2023-11
353,DEL-FRA,DEL,FRA,31-10-2023,499,Airbus A380,120,98,2262503.18,2265660.04,-3156.86,81.66666667,International,2023-10
354,BOM-CCU,BOM,CCU,23-10-2023,164,ATR 72,150,96,264454.43,163531.47,100922.96,64,Domestic,2023-10
355,CCU-KUL,CCU,KUL,28-09-2023,714,Boeing 777,350,229,5928388.66,3666941.04,2261447.62,65.42857143,International,2023-09
356,DEL-LHR,DEL,LHR,23-08-2023,692,Airbus A320,180,168,4847224.28,4620694.34,226529.94,93.33333333,International,2023-08
357,BOM-DXB,BOM,DXB,02-03-2023,304,Boeing 777,120,65,1976100.63,1692520.15,283580.48,54.16666667,International,2023-03
358,BOM-BKK,BOM,BKK,02-11-2023,201,ATR 72,250,168,4586408.94,4001309.57,585099.37,67.2,International,2023-11
359,BOM-GOI,BOM,GOI,12-10-2023,230,Airbus A380,180,94,278826.94,228805.55,50021.39,52.22222222,Domestic,2023-10
360,DEL-BLR,DEL,BLR,03-07-2023,69,Airbus A380,150,83,256561.26,227556.82,29004.44,55.33333333,Domestic,2023-07
361,CCU-KUL,CCU,KUL,29-07-2023,761,Airbus A380,250,206,5491501.89,3571409.74,1920092.15,82.4,International,2023-07
362,BOM-NRT,BOM,NRT,16-01-2023,874,Airbus A320,180,84,1963302.7,1419864.8,543437.9,46.66666667,International,2023-01
363,DEL-FRA,DEL,FRA,17-10-2023,820,Airbus A380,350,252,7204859.12,5120733.63,2084125.49,72,International,2023-10
364,MAA-CMB,MAA,CMB,07-07-2023,615,Boeing 737,250,184,6411781.01,3920482.62,2491298.39,73.6,International,2023-07
365,HYD-BOM,HYD,BOM,02-06-2023,93,Airbus A380,180,114,441192.71,358884.65,82308.06,63.33333333,Domestic,2023-06
366,BLR-HYD,BLR,HYD,02-05-2023,274,ATR 72,180,163,570250.81,460135.51,110115.3,90.55555556,Domestic,2023-05
367,DEL-CDG,DEL,CDG,13-03-2023,863,Airbus A320,150,131,3740196.09,3251608.58,488587.51,87.33333333,International,2023-03
368,DEL-CDG,DEL,CDG,03-10-2023,232,Boeing 777,180,108,2593095.77,2761154.58,-168058.81,60,International,2023-10
369,BLR-HYD,BLR,HYD,11-03-2023,828,Airbus A380,120,117,463400.22,290150.12,173250.1,97.5,Domestic,2023-03
370,DEL-MAA,DEL,MAA,08-05-2023,209,Boeing 777,150,128,463004.44,390625.38,72379.06,85.33333333,Domestic,2023-05
371,BOM-NRT,BOM,NRT,20-11-2023,335,Airbus A380,250,172,5074759.63,5470971.74,-396212.11,68.8,International,2023-11
372,BOM-CCU,BOM,CCU,26-07-2023,587,Boeing 777,180,124,406531.53,365542.31,40989.22,68.88888889,Domestic,2023-07
373,BOM-CCU,BOM,CCU,23-08-2023,710,Boeing 777,120,104,324052.41,366463.47,-42411.06,86.66666667,Domestic,2023-08
374,CCU-DEL,CCU,DEL,11-09-2023,334,Boeing 777,180,113,388751.7,345866.66,42885.04,62.77777778,Domestic,2023-09
375,CCU-KUL,CCU,KUL,25-06-2023,758,Boeing 737,120,60,1905500.79,1573465.48,332035.31,50,International,2023-06
376,BLR-HYD,BLR,HYD,22-03-2023,511,Airbus A380,120,117,370894.53,425570.48,-54675.95,97.5,Domestic,2023-03
377,DEL-MAA,DEL,MAA,29-11-2023,369,Airbus A320,180,89,271341.75,162656.44,108685.31,49.44444444,Domestic,2023-11
378,BOM-GOI,BOM,GOI,27-01-2023,465,Boeing 777,150,101,258980.01,157229.41,101750.6,67.33333333,Domestic,2023-01
379,CCU-DEL,CCU,DEL,02-09-2023,139,Airbus A320,350,199,721169.81,400661.88,320507.93,56.85714286,Domestic,2023-09
380,BOM-DXB,BOM,DXB,03-03-2023,492,Airbus A320,250,121,3115271.92,3079315.54,35956.38,48.4,International,2023-03
381,BLR-HYD,BLR,HYD,22-02-2023,380,Boeing 777,180,94,356469.51,357144.91,-675.4,52.22222222,Domestic,2023-02
382,DEL-MAA,DEL,MAA,25-11-2023,753,Airbus A320,120,87,210127.14,197522.06,12605.08,72.5,Domestic,2023-11
383,DEL-FRA,DEL,FRA,29-06-2023,799,Airbus A320,150,140,4093759.63,3338175.73,755583.9,93.33333333,International,2023-06
384,CCU-DEL,CCU,DEL,14-02-2023,162,Airbus A320,120,91,281304.43,317297.11,-35992.68,75.83333333,Domestic,2023-02
385,BOM-DXB,BOM,DXB,13-03-2023,313,Boeing 777,120,69,2002034.03,1967414.42,34619.61,57.5,International,2023-03
386,DEL-AMD,DEL,AMD,20-12-2023,87,Boeing 777,150,108,358251.19,357787.68,463.51,72,Domestic,2023-12
387,DEL-AMD,DEL,AMD,27-11-2023,115,Airbus A320,250,163,461933.39,430914.28,31019.11,65.2,Domestic,2023-11
388,BOM-CCU,BOM,CCU,28-09-2023,72,Boeing 777,180,93,367300.26,327274.9,40025.36,51.66666667,Domestic,2023-09
389,DEL-LHR,DEL,LHR,07-10-2023,759,Airbus A320,250,238,7510210.37,4205820.25,3304390.12,95.2,International,2023-10
390,BOM-CCU,BOM,CCU,08-01-2023,328,Airbus A320,120,112,460053.89,362883.61,97170.28,93.33333333,Domestic,2023-01
391,DEL-AMD,DEL,AMD,18-11-2023,789,ATR 72,250,168,524848.69,490377.87,34470.82,67.2,Domestic,2023-11
392,MAA-CMB,MAA,CMB,12-11-2023,216,Boeing 777,120,73,2019878.64,1357193.82,662684.82,60.83333333,International,2023-11
393,DEL-MAA,DEL,MAA,02-10-2023,394,Airbus A380,350,275,1073090.6,1028700.5,44390.1,78.57142857,Domestic,2023-10
394,BOM-CCU,BOM,CCU,08-06-2023,775,Airbus A380,150,72,183973.18,149145.25,34827.93,48,Domestic,2023-06
395,DEL-FRA,DEL,FRA,10-11-2023,683,Boeing 737,180,144,4301393.1,2819079.45,1482313.65,80,International,2023-11
396,BOM-DEL,BOM,DEL,29-12-2023,200,Boeing 737,150,106,320551.34,275781.12,44770.22,70.66666667,Domestic,2023-12
397,MAA-BLR,MAA,BLR,27-03-2023,440,Airbus A320,180,150,391875.31,427119.97,-35244.66,83.33333333,Domestic,2023-03
398,BOM-DXB,BOM,DXB,08-08-2023,338,ATR 72,120,70,2423803.12,2245701.34,178101.78,58.33333333,International,2023-08
399,CCU-KUL,CCU,KUL,22-08-2023,583,Boeing 777,120,85,2422779.81,1867024.81,555755,70.83333333,International,2023-08
400,MAA-BLR,MAA,BLR,22-02-2023,647,Boeing 737,150,126,302982.54,322741.06,-19758.52,84,Domestic,2023-02
401,BOM-DEL,BOM,DEL,06-05-2023,107,Airbus A380,180,117,312407.83,346365.33,-33957.5,65,Domestic,2023-05
402,DEL-BLR,DEL,BLR,11-10-2023,882,Airbus A380,150,93,292881.35,287660.08,5221.27,62,Domestic,2023-10
403,MAA-BLR,MAA,BLR,09-02-2023,645,Boeing 777,120,85,341996.97,224899.47,117097.5,70.83333333,Domestic,2023-02
404,HYD-DXB,HYD,DXB,24-01-2023,470,Boeing 737,250,227,7173861.07,5282965.19,1890895.88,90.8,International,2023-01
405,BOM-CCU,BOM,CCU,11-10-2023,527,Boeing 737,180,100,341485.21,250085.19,91400.02,55.55555556,Domestic,2023-10
406,DEL-CDG,DEL,CDG,05-05-2023,535,Boeing 777,350,337,11783813.87,11966835.04,-183021.17,96.28571429,International,2023-05
407,MAA-CMB,MAA,CMB,06-05-2023,214,Boeing 737,250,115,3234165.47,3012835.69,221329.78,46,International,2023-05
408,BOM-DEL,BOM,DEL,21-06-2023,61,Airbus A380,180,90,301829.95,209138.14,92691.81,50,Domestic,2023-06
409,CCU-KUL,CCU,KUL,31-01-2023,205,Boeing 777,120,56,1314436.96,1389757.54,-75320.58,46.66666667,International,2023-01
410,BOM-BKK,BOM,BKK,25-12-2023,441,Airbus A380,120,90,2482327.48,2314346.91,167980.57,75,International,2023-12
411,BLR-SIN,BLR,SIN,08-02-2023,666,ATR 72,120,81,2791525.2,1931911.42,859613.78,67.5,International,2023-02
412,MAA-BLR,MAA,BLR,11-06-2023,880,Airbus A380,180,111,320736.78,190778.23,129958.55,61.66666667,Domestic,2023-06
413,CCU-DEL,CCU,DEL,11-03-2023,858,ATR 72,120,63,169840.12,140904.98,28935.14,52.5,Domestic,2023-03
414,BOM-BKK,BOM,BKK,03-03-2023,608,Boeing 777,150,103,2775870.49,2946556.85,-170686.36,68.66666667,International,2023-03
415,BOM-CCU,BOM,CCU,22-03-2023,886,Boeing 777,350,164,640364.99,478145.29,162219.7,46.85714286,Domestic,2023-03
416,BOM-CCU,BOM,CCU,31-12-2023,314,Boeing 777,250,180,651407.41,459958.82,191448.59,72,Domestic,2023-12
417,BOM-GOI,BOM,GOI,16-01-2023,474,Airbus A380,350,296,843521.48,697782.86,145738.62,84.57142857,Domestic,2023-01
418,DEL-MAA,DEL,MAA,04-03-2023,72,Boeing 737,150,77,298961.14,231199.76,67761.38,51.33333333,Domestic,2023-03
419,BOM-CCU,BOM,CCU,26-10-2023,660,Boeing 777,120,55,138382.73,151044.42,-12661.69,45.83333333,Domestic,2023-10
420,DEL-FRA,DEL,FRA,07-03-2023,154,Boeing 777,120,56,1507235.73,980899.25,526336.48,46.66666667,International,2023-03
421,BOM-NRT,BOM,NRT,10-08-2023,801,Airbus A380,250,116,3508790.48,2293641.34,1215149.14,46.4,International,2023-08
422,CCU-DEL,CCU,DEL,06-04-2023,341,Boeing 777,250,229,563882.5,519621.07,44261.43,91.6,Domestic,2023-04
423,HYD-BOM,HYD,BOM,28-11-2023,362,Airbus A380,250,229,747056.55,450200.88,296855.67,91.6,Domestic,2023-11
424,BLR-SIN,BLR,SIN,12-03-2023,489,Airbus A320,350,203,7086995.76,6209583.23,877412.53,58,International,2023-03
425,BOM-DEL,BOM,DEL,15-07-2023,860,Boeing 777,250,184,602125.85,660897.07,-58771.22,73.6,Domestic,2023-07
426,HYD-DXB,HYD,DXB,14-06-2023,457,Boeing 777,150,69,1998015.43,1134037.75,863977.68,46,International,2023-06
427,MAA-BLR,MAA,BLR,30-01-2023,888,Airbus A380,350,223,769613.15,530769.31,238843.84,63.71428571,Domestic,2023-01
428,BOM-GOI,BOM,GOI,21-02-2023,313,Airbus A320,180,131,500973.73,497084.21,3889.52,72.77777778,Domestic,2023-02
429,HYD-BOM,HYD,BOM,22-10-2023,876,Airbus A380,180,170,711411.83,465424.98,245986.85,94.44444444,Domestic,2023-10
430,HYD-BOM,HYD,BOM,31-10-2023,385,Boeing 777,350,162,593083.53,663384.83,-70301.3,46.28571429,Domestic,2023-10
431,BOM-NRT,BOM,NRT,14-03-2023,636,Airbus A320,250,184,4164536.68,2385356.01,1779180.67,73.6,International,2023-03
432,DEL-BLR,DEL,BLR,30-04-2023,676,Airbus A320,120,87,208907.04,229951.86,-21044.82,72.5,Domestic,2023-04
433,CCU-DEL,CCU,DEL,08-03-2023,408,Airbus A320,180,86,229265.82,223033.87,6231.95,47.77777778,Domestic,2023-03
434,DEL-MAA,DEL,MAA,26-02-2023,598,Boeing 777,120,77,315350.56,248293.58,67056.98,64.16666667,Domestic,2023-02
435,BLR-HYD,BLR,HYD,22-06-2023,369,Boeing 777,150,145,539143.88,437850.08,101293.8,96.66666667,Domestic,2023-06
436,CCU-KUL,CCU,KUL,29-11-2023,384,Airbus A320,350,286,9704745.95,9920143.52,-215397.57,81.71428571,International,2023-11
437,HYD-BOM,HYD,BOM,07-12-2023,663,Airbus A320,250,153,556812.47,348792.35,208020.12,61.2,Domestic,2023-12
438,BOM-DEL,BOM,DEL,26-12-2023,646,Airbus A380,350,163,567940.84,626224.59,-58283.75,46.57142857,Domestic,2023-12
439,DEL-CDG,DEL,CDG,24-04-2023,714,ATR 72,120,113,2498390.51,2491410,6980.51,94.16666667,International,2023-04
440,HYD-BOM,HYD,BOM,27-06-2023,387,Airbus A320,120,106,382240.69,377490.04,4750.65,88.33333333,Domestic,2023-06
441,BOM-DXB,BOM,DXB,17-08-2023,71,Boeing 777,150,87,1828472.19,1287234.85,541237.34,58,International,2023-08
442,BLR-HYD,BLR,HYD,01-01-2023,109,Airbus A380,250,209,866176.11,936103.55,-69927.44,83.6,Domestic,2023-01
443,CCU-KUL,CCU,KUL,13-07-2023,419,ATR 72,250,125,3399042.34,3631640.28,-232597.94,50,International,2023-07
444,HYD-BOM,HYD,BOM,25-03-2023,522,Boeing 737,120,72,214105.71,240011.92,-25906.21,60,Domestic,2023-03
445,BOM-CCU,BOM,CCU,25-06-2023,234,Airbus A380,150,125,423085.41,460686.92,-37601.51,83.33333333,Domestic,2023-06
446,BOM-CCU,BOM,CCU,23-06-2023,668,ATR 72,250,205,651158.31,613509.06,37649.25,82,Domestic,2023-06
447,DEL-CDG,DEL,CDG,11-08-2023,220,Boeing 737,120,75,2596198.22,2065452.02,530746.2,62.5,International,2023-08
448,MAA-CMB,MAA,CMB,04-10-2023,331,Boeing 777,180,103,2136686.76,1908193.5,228493.26,57.22222222,International,2023-10
449,CCU-KUL,CCU,KUL,20-03-2023,115,Boeing 777,120,81,1977877.58,1873469.65,104407.93,67.5,International,2023-03
450,DEL-CDG,DEL,CDG,03-09-2023,264,Boeing 737,120,67,1981381.61,2251314.38,-269932.77,55.83333333,International,2023-09
451,CCU-KUL,CCU,KUL,01-03-2023,375,Airbus A380,250,177,5295061.35,3201828.96,2093232.39,70.8,International,2023-03
452,MAA-CMB,MAA,CMB,18-07-2023,249,Boeing 777,250,161,4296547.28,3041859.15,1254688.13,64.4,International,2023-07
453,DEL-FRA,DEL,FRA,15-05-2023,291,Boeing 777,350,168,5255632.56,4995379.29,260253.27,48,International,2023-05
454,BOM-CCU,BOM,CCU,09-12-2023,412,ATR 72,250,241,834223.33,735919.41,98303.92,96.4,Domestic,2023-12
455,BLR-SIN,BLR,SIN,25-09-2023,488,ATR 72,250,188,4424510.49,3226845.34,1197665.15,75.2,International,2023-09
456,BLR-SIN,BLR,SIN,18-01-2023,574,ATR 72,350,305,9199722.1,8483651.32,716070.78,87.14285714,International,2023-01
457,BLR-HYD,BLR,HYD,18-08-2023,237,Airbus A320,150,131,344154.66,276708.93,67445.73,87.33333333,Domestic,2023-08
458,BOM-BKK,BOM,BKK,14-04-2023,702,Airbus A320,350,205,6900723.79,7580475.19,-679751.4,58.57142857,International,2023-04
459,BOM-CCU,BOM,CCU,14-02-2023,457,ATR 72,250,185,729255.85,628482.1,100773.75,74,Domestic,2023-02
460,BOM-DEL,BOM,DEL,25-12-2023,698,ATR 72,350,302,785965.24,502849.08,283116.16,86.28571429,Domestic,2023-12
461,BOM-NRT,BOM,NRT,29-10-2023,656,Boeing 737,120,89,1914822.24,1381842.41,532979.83,74.16666667,International,2023-10
462,MAA-CMB,MAA,CMB,26-06-2023,480,Boeing 777,250,199,5687489.37,4742387.71,945101.66,79.6,International,2023-06
463,BOM-GOI,BOM,GOI,22-05-2023,472,Airbus A320,350,270,985119.37,564738.91,420380.46,77.14285714,Domestic,2023-05
464,BOM-DXB,BOM,DXB,20-12-2023,303,Boeing 737,250,234,7828580.08,4400755.92,3427824.16,93.6,International,2023-12
465,DEL-AMD,DEL,AMD,09-06-2023,347,Airbus A380,120,115,323187.18,236019.81,87167.37,95.83333333,Domestic,2023-06
466,DEL-FRA,DEL,FRA,14-06-2023,335,Airbus A380,350,277,6320872.8,4278183.52,2042689.28,79.14285714,International,2023-06
467,BOM-BKK,BOM,BKK,06-09-2023,837,ATR 72,180,159,4408918.24,2845442.93,1563475.31,88.33333333,International,2023-09
468,DEL-AMD,DEL,AMD,30-12-2023,578,Airbus A380,150,129,431339.26,384411.01,46928.25,86,Domestic,2023-12
469,BOM-GOI,BOM,GOI,09-04-2023,265,Boeing 737,150,70,174370.47,133607.02,40763.45,46.66666667,Domestic,2023-04
470,CCU-DEL,CCU,DEL,21-05-2023,437,Airbus A380,350,231,938213.99,899470.08,38743.91,66,Domestic,2023-05
471,HYD-BOM,HYD,BOM,10-07-2023,560,ATR 72,250,136,539493.69,486692.44,52801.25,54.4,Domestic,2023-07
472,DEL-LHR,DEL,LHR,26-06-2023,227,Boeing 777,120,72,1857490.92,1203179.42,654311.5,60,International,2023-06
473,BOM-NRT,BOM,NRT,20-04-2023,286,Airbus A320,150,88,2300549.5,1292981.09,1007568.41,58.66666667,International,2023-04
474,BOM-DEL,BOM,DEL,31-08-2023,195,Airbus A320,350,306,857652.53,784757.49,72895.04,87.42857143,Domestic,2023-08
475,DEL-AMD,DEL,AMD,31-12-2023,786,Boeing 777,250,231,908489.53,749866.18,158623.35,92.4,Domestic,2023-12
476,CCU-DEL,CCU,DEL,27-08-2023,369,ATR 72,350,231,596941.37,511523.97,85417.4,66,Domestic,2023-08
477,DEL-LHR,DEL,LHR,15-10-2023,722,ATR 72,350,209,6325635.18,5307480.24,1018154.94,59.71428571,International,2023-10
478,BOM-DXB,BOM,DXB,22-05-2023,715,Boeing 777,180,105,3219972.7,3495036.55,-275063.85,58.33333333,International,2023-05
479,DEL-AMD,DEL,AMD,07-04-2023,213,ATR 72,150,139,535118.54,551931.03,-16812.49,92.66666667,Domestic,2023-04
480,DEL-CDG,DEL,CDG,26-07-2023,736,Boeing 777,150,124,3699045.06,4248284.67,-549239.61,82.66666667,International,2023-07
481,MAA-BLR,MAA,BLR,03-08-2023,474,Airbus A380,120,91,381340.66,396445.11,-15104.45,75.83333333,Domestic,2023-08
482,BOM-DXB,BOM,DXB,24-04-2023,762,ATR 72,250,232,6978102.3,5962013.24,1016089.06,92.8,International,2023-04
483,BOM-GOI,BOM,GOI,03-12-2023,631,Airbus A320,180,90,236726.95,166937.74,69789.21,50,Domestic,2023-12
484,MAA-CMB,MAA,CMB,04-04-2023,756,Boeing 777,120,68,1587794.48,1703480.14,-115685.66,56.66666667,International,2023-04
485,BOM-BKK,BOM,BKK,19-06-2023,440,Boeing 777,350,212,6946860.16,5782024.13,1164836.03,60.57142857,International,2023-06
486,BOM-NRT,BOM,NRT,25-10-2023,695,Boeing 737,250,230,6326646.94,6772667.03,-446020.09,92,International,2023-10
487,BLR-SIN,BLR,SIN,29-09-2023,365,Airbus A380,120,109,2426522.77,2779360.32,-352837.55,90.83333333,International,2023-09
488,BOM-DXB,BOM,DXB,29-07-2023,643,Airbus A380,150,92,2827622.47,2876723.3,-49100.83,61.33333333,International,2023-07
489,CCU-KUL,CCU,KUL,20-06-2023,706,Airbus A320,180,141,2829969.06,2020928.22,809040.84,78.33333333,International,2023-06
490,BOM-GOI,BOM,GOI,23-10-2023,842,Airbus A320,250,216,821567.76,515651.73,305916.03,86.4,Domestic,2023-10
491,BOM-BKK,BOM,BKK,21-11-2023,499,Airbus A380,250,240,6179939.11,3538850.61,2641088.5,96,International,2023-11
492,CCU-DEL,CCU,DEL,11-07-2023,74,Boeing 777,350,192,694684.16,643285.98,51398.18,54.85714286,Domestic,2023-07
493,HYD-BOM,HYD,BOM,26-04-2023,770,Boeing 777,180,93,287406.35,259586.11,27820.24,51.66666667,Domestic,2023-04
494,BOM-GOI,BOM,GOI,03-02-2023,106,Boeing 777,180,124,413728.37,357656.01,56072.36,68.88888889,Domestic,2023-02
495,BOM-BKK,BOM,BKK,18-12-2023,197,Boeing 777,250,160,3652222.48,4086291.36,-434068.88,64,International,2023-12
496,BLR-SIN,BLR,SIN,10-01-2023,293,Airbus A320,150,84,1707610.72,1456216.5,251394.22,56,International,2023-01
497,BLR-HYD,BLR,HYD,07-07-2023,788,Boeing 737,250,228,652175.88,567940.88,84235,91.2,Domestic,2023-07
498,DEL-BLR,DEL,BLR,01-11-2023,109,Boeing 737,120,57,148680.04,121410.42,27269.62,47.5,Domestic,2023-11
499,BLR-HYD,BLR,HYD,08-10-2023,318,Airbus A380,150,83,301649.56,167591.29,134058.27,55.33333333,Domestic,2023-10
500,BOM-BKK,BOM,BKK,05-12-2023,163,ATR 72,180,140,4271525.33,3422753.82,848771.51,77.77777778,International,2023-12
501,BLR-HYD,BLR,HYD,19-09-2023,796,ATR 72,120,71,270692.34,229721.28,40971.06,59.16666667,Domestic,2023-09
502,DEL-CDG,DEL,CDG,13-04-2023,856,Boeing 777,350,338,8574663.71,6824178.17,1750485.54,96.57142857,International,2023-04
503,BOM-GOI,BOM,GOI,21-01-2023,621,Airbus A380,150,122,398353.8,275144.23,123209.57,81.33333333,Domestic,2023-01
504,BOM-DEL,BOM,DEL,10-12-2023,151,Boeing 737,350,281,749837.28,452938.91,296898.37,80.28571429,Domestic,2023-12
505,HYD-DXB,HYD,DXB,08-02-2023,800,Boeing 737,180,142,3812880.13,4332860.02,-519979.89,78.88888889,International,2023-02
506,MAA-BLR,MAA,BLR,26-08-2023,111,Boeing 737,150,136,535030.48,409902.26,125128.22,90.66666667,Domestic,2023-08
507,BOM-DXB,BOM,DXB,07-08-2023,816,Boeing 737,120,108,3602273.06,2002155.6,1600117.46,90,International,2023-08
508,DEL-MAA,DEL,MAA,06-12-2023,722,Airbus A320,180,115,366606.9,338409.04,28197.86,63.88888889,Domestic,2023-12
509,BOM-CCU,BOM,CCU,10-07-2023,894,Boeing 777,150,76,237154.23,195396.87,41757.36,50.66666667,Domestic,2023-07
510,BLR-SIN,BLR,SIN,20-12-2023,549,Airbus A380,150,76,2313633.66,1353910.28,959723.38,50.66666667,International,2023-12
511,BOM-GOI,BOM,GOI,23-02-2023,486,ATR 72,250,218,789401.47,520023.22,269378.25,87.2,Domestic,2023-02
512,BLR-SIN,BLR,SIN,03-07-2023,686,Boeing 737,150,105,2868793.37,3105630.5,-236837.13,70,International,2023-07
513,DEL-FRA,DEL,FRA,24-01-2023,124,Boeing 777,180,82,2708048.69,2342166.26,365882.43,45.55555556,International,2023-01
514,BOM-NRT,BOM,NRT,17-10-2023,289,Boeing 777,350,254,7749210.5,4704896.6,3044313.9,72.57142857,International,2023-10
515,HYD-BOM,HYD,BOM,04-09-2023,414,Airbus A380,150,134,456272.63,521371.32,-65098.69,89.33333333,Domestic,2023-09
516,DEL-BLR,DEL,BLR,06-01-2023,718,Airbus A320,350,314,1235077.57,1323570.11,-88492.54,89.71428571,Domestic,2023-01
517,BOM-CCU,BOM,CCU,09-09-2023,388,Airbus A320,180,173,430879.21,294559.33,136319.88,96.11111111,Domestic,2023-09
518,BLR-SIN,BLR,SIN,26-07-2023,896,Airbus A320,120,83,2657570.3,2176175.76,481394.54,69.16666667,International,2023-07
519,CCU-KUL,CCU,KUL,17-08-2023,383,Boeing 737,250,211,4276239.29,3387054.32,889184.97,84.4,International,2023-08
520,DEL-BLR,DEL,BLR,13-10-2023,622,Boeing 737,120,104,429905.66,400896.86,29008.8,86.66666667,Domestic,2023-10
521,HYD-DXB,HYD,DXB,15-10-2023,271,Airbus A380,180,115,2393624.74,1636643,756981.74,63.88888889,International,2023-10
522,DEL-FRA,DEL,FRA,19-06-2023,633,ATR 72,350,245,7315089.48,7165482,149607.48,70,International,2023-06
523,BLR-HYD,BLR,HYD,19-02-2023,837,Airbus A320,120,75,292034.32,329607.52,-37573.2,62.5,Domestic,2023-02
524,DEL-AMD,DEL,AMD,08-10-2023,594,Boeing 777,120,56,150946.86,95740.99,55205.87,46.66666667,Domestic,2023-10
525,BOM-BKK,BOM,BKK,24-02-2023,320,ATR 72,150,82,2784166,2187624.73,596541.27,54.66666667,International,2023-02
526,DEL-FRA,DEL,FRA,08-04-2023,793,Boeing 777,120,102,2111145.55,1963247.73,147897.82,85,International,2023-04
527,BOM-NRT,BOM,NRT,05-03-2023,850,Airbus A380,250,199,6834228.11,4310905.4,2523322.71,79.6,International,2023-03
528,CCU-KUL,CCU,KUL,03-01-2023,603,Boeing 737,350,330,10752139.75,9029208.04,1722931.71,94.28571429,International,2023-01
529,HYD-DXB,HYD,DXB,01-04-2023,768,ATR 72,150,125,2740715.84,2144454.88,596260.96,83.33333333,International,2023-04
530,DEL-CDG,DEL,CDG,07-11-2023,389,ATR 72,250,167,4865529.2,4697713.8,167815.4,66.8,International,2023-11
531,HYD-BOM,HYD,BOM,21-05-2023,467,Boeing 777,180,124,327368.59,261124.67,66243.92,68.88888889,Domestic,2023-05
532,HYD-DXB,HYD,DXB,03-06-2023,778,ATR 72,180,148,5036836.81,4681991.51,354845.3,82.22222222,International,2023-06
533,CCU-DEL,CCU,DEL,18-04-2023,699,Boeing 777,180,168,443319.93,432785.7,10534.23,93.33333333,Domestic,2023-04
534,BOM-GOI,BOM,GOI,15-09-2023,615,Boeing 777,120,102,348034.65,313121.12,34913.53,85,Domestic,2023-09
535,BOM-BKK,BOM,BKK,12-12-2023,825,ATR 72,180,164,4319070.47,2408582.81,1910487.66,91.11111111,International,2023-12
536,BLR-HYD,BLR,HYD,13-01-2023,450,Airbus A320,120,96,264943.14,264972.55,-29.41,80,Domestic,2023-01
537,BOM-GOI,BOM,GOI,27-05-2023,759,Boeing 777,150,134,488171.48,354941.84,133229.64,89.33333333,Domestic,2023-05
538,MAA-CMB,MAA,CMB,17-01-2023,427,Airbus A380,120,93,2802358.79,2486059.33,316299.46,77.5,International,2023-01
539,HYD-BOM,HYD,BOM,28-11-2023,634,Airbus A380,150,108,414104.46,400719.4,13385.06,72,Domestic,2023-11
540,DEL-BLR,DEL,BLR,15-07-2023,456,Airbus A380,180,173,431954,430313.43,1640.57,96.11111111,Domestic,2023-07
541,CCU-DEL,CCU,DEL,14-11-2023,859,Airbus A380,150,139,509898.19,478579.95,31318.24,92.66666667,Domestic,2023-11
542,BOM-NRT,BOM,NRT,07-10-2023,816,ATR 72,150,129,4445900.81,3229976.43,1215924.38,86,International,2023-10
543,BOM-GOI,BOM,GOI,16-12-2023,136,Airbus A320,150,125,326854.61,187738.93,139115.68,83.33333333,Domestic,2023-12
544,MAA-BLR,MAA,BLR,12-10-2023,330,Airbus A320,150,113,323070.28,241765.66,81304.62,75.33333333,Domestic,2023-10
545,DEL-MAA,DEL,MAA,21-01-2023,217,Boeing 777,350,166,676995.7,622406.29,54589.41,47.42857143,Domestic,2023-01
546,DEL-AMD,DEL,AMD,09-09-2023,868,ATR 72,350,223,849910.22,629541.59,220368.63,63.71428571,Domestic,2023-09
547,HYD-BOM,HYD,BOM,05-04-2023,593,Boeing 737,350,187,631600.78,500259.55,131341.23,53.42857143,Domestic,2023-04
548,DEL-LHR,DEL,LHR,24-04-2023,278,Boeing 777,180,115,2676818.12,2681083.4,-4265.28,63.88888889,International,2023-04
549,HYD-DXB,HYD,DXB,01-09-2023,634,Boeing 737,120,96,2561760.83,2799230.62,-237469.79,80,International,2023-09
550,DEL-CDG,DEL,CDG,15-11-2023,309,Boeing 737,180,117,3737342.56,2309768.95,1427573.61,65,International,2023-11
551,MAA-BLR,MAA,BLR,04-10-2023,801,Boeing 777,120,111,430657.39,333748.64,96908.75,92.5,Domestic,2023-10
552,HYD-DXB,HYD,DXB,17-08-2023,558,Boeing 737,180,166,3799355.85,3261127.02,538228.83,92.22222222,International,2023-08
553,BLR-HYD,BLR,HYD,27-03-2023,851,ATR 72,350,158,397820.19,378804.81,19015.38,45.14285714,Domestic,2023-03
554,CCU-DEL,CCU,DEL,17-12-2023,494,Boeing 737,150,110,403143.09,457863.46,-54720.37,73.33333333,Domestic,2023-12
555,BOM-BKK,BOM,BKK,28-11-2023,896,Boeing 737,150,69,2121958.67,1215313.18,906645.49,46,International,2023-11
556,BOM-CCU,BOM,CCU,28-01-2023,242,Boeing 777,350,170,659415.51,723109.74,-63694.23,48.57142857,Domestic,2023-01
557,BOM-BKK,BOM,BKK,18-07-2023,521,Airbus A380,250,154,3979749.31,2471358.48,1508390.83,61.6,International,2023-07
558,BOM-DEL,BOM,DEL,25-11-2023,797,ATR 72,120,102,352317.63,341934.55,10383.08,85,Domestic,2023-11
559,BOM-CCU,BOM,CCU,03-07-2023,574,Boeing 737,180,156,459019.28,276285.14,182734.14,86.66666667,Domestic,2023-07
560,DEL-FRA,DEL,FRA,15-07-2023,464,Boeing 737,250,133,3098632.12,3092597.06,6035.06,53.2,International,2023-07
561,MAA-CMB,MAA,CMB,01-06-2023,709,Airbus A320,180,145,4888317.39,5020352.18,-132034.79,80.55555556,International,2023-06
562,DEL-LHR,DEL,LHR,06-01-2023,626,ATR 72,150,77,1545809.46,1403584.06,142225.4,51.33333333,International,2023-01
563,MAA-CMB,MAA,CMB,08-10-2023,147,Boeing 777,150,126,4227702.65,3197457.98,1030244.67,84,International,2023-10
564,BOM-BKK,BOM,BKK,27-11-2023,584,Airbus A320,150,82,2398768.46,1683084.06,715684.4,54.66666667,International,2023-11
565,BLR-HYD,BLR,HYD,03-04-2023,747,ATR 72,120,108,440452.7,505017.71,-64565.01,90,Domestic,2023-04
566,DEL-FRA,DEL,FRA,27-11-2023,622,Boeing 737,180,145,3445245.56,2302976.31,1142269.25,80.55555556,International,2023-11
567,BOM-NRT,BOM,NRT,07-09-2023,398,Boeing 777,150,120,2822159.13,2035008.96,787150.17,80,International,2023-09
568,BOM-CCU,BOM,CCU,10-04-2023,385,Airbus A380,250,156,559565.77,540582.43,18983.34,62.4,Domestic,2023-04
569,DEL-MAA,DEL,MAA,17-10-2023,640,Boeing 777,180,172,465010.79,343144.89,121865.9,95.55555556,Domestic,2023-10
570,HYD-BOM,HYD,BOM,31-12-2023,817,Airbus A380,180,161,425321.83,420976.6,4345.23,89.44444444,Domestic,2023-12
571,CCU-KUL,CCU,KUL,25-08-2023,516,Boeing 777,180,127,2747326.17,2575153.88,172172.29,70.55555556,International,2023-08
572,BOM-CCU,BOM,CCU,24-05-2023,203,ATR 72,150,88,351595.6,209507.88,142087.72,58.66666667,Domestic,2023-05
573,BOM-CCU,BOM,CCU,10-01-2023,579,Boeing 737,350,264,999123.96,677062.76,322061.2,75.42857143,Domestic,2023-01
574,DEL-BLR,DEL,BLR,10-10-2023,326,ATR 72,350,245,929861.98,715520.59,214341.39,70,Domestic,2023-10
575,HYD-BOM,HYD,BOM,29-10-2023,810,Boeing 777,150,104,345149.13,272002.05,73147.08,69.33333333,Domestic,2023-10
576,HYD-DXB,HYD,DXB,06-01-2023,738,Airbus A320,350,284,8905697.86,5648193.21,3257504.65,81.14285714,International,2023-01
577,BOM-GOI,BOM,GOI,02-04-2023,639,ATR 72,150,126,412058.57,315339.08,96719.49,84,Domestic,2023-04
578,HYD-BOM,HYD,BOM,07-09-2023,297,Boeing 737,180,116,287338.4,193684.6,93653.8,64.44444444,Domestic,2023-09
579,DEL-LHR,DEL,LHR,18-07-2023,540,Airbus A380,120,56,1664760.79,1018725.41,646035.38,46.66666667,International,2023-07
580,HYD-DXB,HYD,DXB,21-11-2023,340,Boeing 777,350,258,5832798.79,5495693.28,337105.51,73.71428571,International,2023-11
581,DEL-LHR,DEL,LHR,28-10-2023,729,Boeing 737,350,204,7056382.77,4824728,2231654.77,58.28571429,International,2023-10
582,BLR-SIN,BLR,SIN,30-06-2023,896,Boeing 777,250,217,7227744.68,4003871.41,3223873.27,86.8,International,2023-06
583,DEL-MAA,DEL,MAA,14-08-2023,229,Airbus A320,120,86,249869.31,159952.4,89916.91,71.66666667,Domestic,2023-08
584,BOM-GOI,BOM,GOI,05-07-2023,676,Boeing 737,150,100,299440.46,185055.17,114385.29,66.66666667,Domestic,2023-07
585,CCU-KUL,CCU,KUL,03-09-2023,275,ATR 72,150,118,3087291.6,2149379.16,937912.44,78.66666667,International,2023-09
586,DEL-MAA,DEL,MAA,21-10-2023,666,Airbus A320,150,117,289053.6,258229.38,30824.22,78,Domestic,2023-10
587,DEL-BLR,DEL,BLR,27-03-2023,324,Airbus A320,350,335,1165412.59,1035076.13,130336.46,95.71428571,Domestic,2023-03
588,BOM-DEL,BOM,DEL,05-12-2023,350,Boeing 737,150,103,431260.64,461613.38,-30352.74,68.66666667,Domestic,2023-12
589,BOM-GOI,BOM,GOI,23-04-2023,480,ATR 72,150,130,503986.04,332192.57,171793.47,86.66666667,Domestic,2023-04
590,HYD-DXB,HYD,DXB,16-05-2023,231,Boeing 777,250,191,4017234.9,3121097.5,896137.4,76.4,International,2023-05
591,DEL-MAA,DEL,MAA,25-02-2023,76,Airbus A320,350,316,1045279.7,838185.76,207093.94,90.28571429,Domestic,2023-02
592,DEL-MAA,DEL,MAA,07-11-2023,158,Airbus A320,250,231,803802.58,865415.32,-61612.74,92.4,Domestic,2023-11
593,MAA-CMB,MAA,CMB,15-09-2023,830,Boeing 737,120,84,1844214.34,1682079.85,162134.49,70,International,2023-09
594,BOM-DEL,BOM,DEL,14-12-2023,724,Airbus A380,350,235,934050.68,904708.12,29342.56,67.14285714,Domestic,2023-12
595,BOM-BKK,BOM,BKK,28-04-2023,881,Airbus A380,250,158,5066951.86,5546869.86,-479918,63.2,International,2023-04
596,BOM-NRT,BOM,NRT,20-02-2023,495,Airbus A320,180,126,2959449.36,3153091.9,-193642.54,70,International,2023-02
597,DEL-AMD,DEL,AMD,03-11-2023,616,Airbus A380,180,99,363970.32,372579.49,-8609.17,55,Domestic,2023-11
598,BOM-NRT,BOM,NRT,25-09-2023,180,ATR 72,120,77,1777258.59,1835147.98,-57889.39,64.16666667,International,2023-09
599,BOM-BKK,BOM,BKK,05-07-2023,169,Airbus A320,250,198,4713289.2,5010161.17,-296871.97,79.2,International,2023-07
600,BOM-BKK,BOM,BKK,17-10-2023,434,ATR 72,180,175,4543317.14,3054091.37,1489225.77,97.22222222,International,2023-10
601,MAA-CMB,MAA,CMB,13-10-2023,554,Airbus A320,180,134,3652357.92,4175028.45,-522670.53,74.44444444,International,2023-10
602,BOM-NRT,BOM,NRT,26-06-2023,852,Airbus A380,150,135,4035047.77,4029755.87,5291.9,90,International,2023-06
603,DEL-FRA,DEL,FRA,25-12-2023,225,Boeing 737,150,107,3401660.2,3505452.47,-103792.27,71.33333333,International,2023-12
604,DEL-CDG,DEL,CDG,23-12-2023,760,Boeing 737,150,98,2894738.63,2989169.68,-94431.05,65.33333333,International,2023-12
605,DEL-MAA,DEL,MAA,30-08-2023,674,Airbus A380,120,58,162352.81,97090.85,65261.96,48.33333333,Domestic,2023-08
606,DEL-BLR,DEL,BLR,16-07-2023,470,ATR 72,350,210,868214.27,507451.98,360762.29,60,Domestic,2023-07
607,BOM-GOI,BOM,GOI,24-11-2023,566,Airbus A380,120,66,236437.85,244085.66,-7647.81,55,Domestic,2023-11
608,DEL-AMD,DEL,AMD,10-04-2023,94,ATR 72,350,253,712702.96,464461.2,248241.76,72.28571429,Domestic,2023-04
609,DEL-BLR,DEL,BLR,04-07-2023,304,Boeing 737,150,74,214354.79,169267.45,45087.34,49.33333333,Domestic,2023-07
610,BLR-SIN,BLR,SIN,27-07-2023,660,Airbus A320,350,160,4888692.62,5384926.47,-496233.85,45.71428571,International,2023-07
611,MAA-CMB,MAA,CMB,26-05-2023,803,ATR 72,350,222,7647747.92,5475058.75,2172689.17,63.42857143,International,2023-05
612,DEL-CDG,DEL,CDG,10-04-2023,525,Airbus A380,350,158,3574832.44,3051987.66,522844.78,45.14285714,International,2023-04
613,MAA-CMB,MAA,CMB,07-02-2023,575,Boeing 777,180,171,5479546.85,6159150.99,-679604.14,95,International,2023-02
614,MAA-CMB,MAA,CMB,22-10-2023,316,Airbus A380,250,187,5899757.98,5926212.32,-26454.34,74.8,International,2023-10
615,DEL-FRA,DEL,FRA,15-12-2023,531,ATR 72,120,84,2004852.9,1562991.24,441861.66,70,International,2023-12
616,HYD-BOM,HYD,BOM,13-12-2023,778,Airbus A320,180,120,364268.79,317420.6,46848.19,66.66666667,Domestic,2023-12
617,MAA-BLR,MAA,BLR,08-05-2023,354,Boeing 737,250,201,779464.82,464262.73,315202.09,80.4,Domestic,2023-05
618,BOM-GOI,BOM,GOI,01-09-2023,381,Boeing 777,150,138,398038.42,445114.77,-47076.35,92,Domestic,2023-09
619,CCU-DEL,CCU,DEL,13-09-2023,814,Airbus A320,150,125,496367.06,334584.74,161782.32,83.33333333,Domestic,2023-09
620,CCU-DEL,CCU,DEL,08-05-2023,693,Boeing 777,150,129,337435.79,201480.39,135955.4,86,Domestic,2023-05
621,CCU-KUL,CCU,KUL,11-11-2023,66,ATR 72,120,107,2735770.44,2022418.69,713351.75,89.16666667,International,2023-11
622,BOM-NRT,BOM,NRT,21-05-2023,562,Airbus A320,350,209,4876260.87,4369125.41,507135.46,59.71428571,International,2023-05
623,DEL-BLR,DEL,BLR,27-09-2023,878,Airbus A380,250,237,582691.23,441897.52,140793.71,94.8,Domestic,2023-09
624,BOM-GOI,BOM,GOI,23-08-2023,183,ATR 72,250,154,371933.64,354996.47,16937.17,61.6,Domestic,2023-08
625,BLR-SIN,BLR,SIN,25-10-2023,163,Boeing 777,180,139,3321476.1,2920035.99,401440.11,77.22222222,International,2023-10
626,HYD-BOM,HYD,BOM,18-05-2023,542,ATR 72,180,115,379245.39,256491.05,122754.34,63.88888889,Domestic,2023-05
627,DEL-LHR,DEL,LHR,06-07-2023,470,Boeing 777,250,136,2987523.9,2675434.12,312089.78,54.4,International,2023-07
628,HYD-BOM,HYD,BOM,21-02-2023,798,Boeing 777,150,111,437490.49,292085.24,145405.25,74,Domestic,2023-02
629,DEL-MAA,DEL,MAA,31-08-2023,885,Boeing 737,150,101,266846.95,289785.71,-22938.76,67.33333333,Domestic,2023-08
630,HYD-DXB,HYD,DXB,01-10-2023,797,Boeing 777,250,152,4321675.67,3849319.59,472356.08,60.8,International,2023-10
631,BLR-SIN,BLR,SIN,20-02-2023,767,Airbus A320,120,67,1595561.13,1680737.01,-85175.88,55.83333333,International,2023-02
632,BLR-HYD,BLR,HYD,19-08-2023,822,Boeing 777,180,115,391992.46,434761.48,-42769.02,63.88888889,Domestic,2023-08
633,MAA-BLR,MAA,BLR,26-06-2023,80,Airbus A380,120,76,275367.34,251505.55,23861.79,63.33333333,Domestic,2023-06
634,BOM-NRT,BOM,NRT,22-10-2023,725,ATR 72,150,145,3519023.99,2621863.51,897160.48,96.66666667,International,2023-10
635,HYD-DXB,HYD,DXB,07-09-2023,853,Airbus A380,120,78,1895232.58,1760722.83,134509.75,65,International,2023-09
636,DEL-MAA,DEL,MAA,27-03-2023,715,Boeing 777,250,196,672073.74,711954.91,-39881.17,78.4,Domestic,2023-03
637,BOM-CCU,BOM,CCU,10-02-2023,225,Boeing 777,150,92,328938.97,321129.99,7808.98,61.33333333,Domestic,2023-02
638,DEL-CDG,DEL,CDG,27-11-2023,464,Boeing 777,250,215,7327532.72,7318280.24,9252.48,86,International,2023-11
639,HYD-DXB,HYD,DXB,19-08-2023,483,Airbus A320,150,135,2953205.82,2040004.63,913201.19,90,International,2023-08
640,MAA-BLR,MAA,BLR,25-12-2023,827,Boeing 737,150,80,206833.34,121674.97,85158.37,53.33333333,Domestic,2023-12
641,CCU-KUL,CCU,KUL,08-10-2023,115,Boeing 737,250,181,6324177.28,3872654.49,2451522.79,72.4,International,2023-10
642,DEL-CDG,DEL,CDG,21-03-2023,146,Airbus A380,180,102,3168517.64,2585181.68,583335.96,56.66666667,International,2023-03
643,DEL-MAA,DEL,MAA,09-03-2023,599,Airbus A320,120,56,170369.6,187264.03,-16894.43,46.66666667,Domestic,2023-03
644,CCU-KUL,CCU,KUL,28-08-2023,613,Boeing 777,350,240,8290352.15,8029817.27,260534.88,68.57142857,International,2023-08
645,BOM-GOI,BOM,GOI,30-10-2023,671,Airbus A380,350,238,845284.54,735626.18,109658.36,68,Domestic,2023-10
646,DEL-LHR,DEL,LHR,04-09-2023,612,Airbus A320,120,82,2089913.49,1475236.97,614676.52,68.33333333,International,2023-09
647,DEL-AMD,DEL,AMD,06-01-2023,60,ATR 72,150,94,304988.29,169265.53,135722.76,62.66666667,Domestic,2023-01
648,CCU-KUL,CCU,KUL,02-09-2023,366,Boeing 737,250,218,6312202.27,6489325.38,-177123.11,87.2,International,2023-09
649,MAA-CMB,MAA,CMB,11-07-2023,253,Airbus A380,350,238,5652129.14,5533224.11,118905.03,68,International,2023-07
650,BLR-SIN,BLR,SIN,13-07-2023,285,Boeing 777,120,80,1887474.18,1903938.57,-16464.39,66.66666667,International,2023-07
651,DEL-CDG,DEL,CDG,22-12-2023,761,Boeing 777,180,142,3973041.29,2825997.31,1147043.98,78.88888889,International,2023-12
652,CCU-DEL,CCU,DEL,05-02-2023,246,Airbus A320,180,91,292985.19,240734.31,52250.88,50.55555556,Domestic,2023-02
653,DEL-CDG,DEL,CDG,09-09-2023,252,Boeing 777,120,63,2176381.83,1225909.16,950472.67,52.5,International,2023-09
654,BLR-HYD,BLR,HYD,25-05-2023,335,Airbus A320,250,208,586364.25,375513.66,210850.59,83.2,Domestic,2023-05
655,CCU-KUL,CCU,KUL,22-04-2023,410,Airbus A380,180,155,4258770.13,3291340.45,967429.68,86.11111111,International,2023-04
656,DEL-BLR,DEL,BLR,19-06-2023,142,Airbus A320,120,70,217445.14,190463.5,26981.64,58.33333333,Domestic,2023-06
657,BOM-GOI,BOM,GOI,09-04-2023,316,Airbus A380,120,61,230742.39,161376.02,69366.37,50.83333333,Domestic,2023-04
658,DEL-FRA,DEL,FRA,07-05-2023,815,Boeing 737,150,104,3282753.71,2831977.37,450776.34,69.33333333,International,2023-05
659,CCU-DEL,CCU,DEL,31-08-2023,458,Boeing 777,180,96,356239.37,355111.78,1127.59,53.33333333,Domestic,2023-08
660,MAA-CMB,MAA,CMB,24-09-2023,185,Boeing 777,250,197,4527228.33,4900777.84,-373549.51,78.8,International,2023-09
661,CCU-DEL,CCU,DEL,27-02-2023,301,Airbus A380,180,82,314052.02,282903.75,31148.27,45.55555556,Domestic,2023-02
662,BLR-SIN,BLR,SIN,05-05-2023,69,Boeing 737,350,302,8192976.17,7436988.71,755987.46,86.28571429,International,2023-05
663,DEL-LHR,DEL,LHR,15-02-2023,314,Airbus A320,250,124,3630679.44,4024641.82,-393962.38,49.6,International,2023-02
664,DEL-BLR,DEL,BLR,31-01-2023,424,Airbus A320,350,304,798452.78,550616.85,247835.93,86.85714286,Domestic,2023-01
665,MAA-CMB,MAA,CMB,27-11-2023,834,Boeing 777,250,209,4246941.13,3298435.08,948506.05,83.6,International,2023-11
666,DEL-MAA,DEL,MAA,09-05-2023,100,Airbus A380,250,186,628107.37,530157.29,97950.08,74.4,Domestic,2023-05
667,BOM-NRT,BOM,NRT,06-04-2023,616,Boeing 777,180,150,3619480.04,3796145.98,-176665.94,83.33333333,International,2023-04
668,MAA-CMB,MAA,CMB,24-03-2023,130,ATR 72,150,103,3326001.66,2910130.29,415871.37,68.66666667,International,2023-03
669,DEL-FRA,DEL,FRA,01-01-2023,854,ATR 72,250,209,6947992.99,6404943.17,543049.82,83.6,International,2023-01
670,DEL-LHR,DEL,LHR,14-11-2023,304,Boeing 777,120,95,2668013.04,2087705.54,580307.5,79.16666667,International,2023-11
671,HYD-DXB,HYD,DXB,16-12-2023,569,ATR 72,150,116,2881324.07,2692719.39,188604.68,77.33333333,International,2023-12
672,BLR-HYD,BLR,HYD,19-02-2023,595,Boeing 737,120,107,281794.52,302674.27,-20879.75,89.16666667,Domestic,2023-02
673,CCU-DEL,CCU,DEL,24-02-2023,557,Airbus A320,120,56,199088.57,155918.06,43170.51,46.66666667,Domestic,2023-02
674,CCU-KUL,CCU,KUL,27-09-2023,698,ATR 72,180,85,1981421.55,1943194.22,38227.33,47.22222222,International,2023-09
675,BOM-DEL,BOM,DEL,17-04-2023,731,Airbus A380,120,83,294654.16,225868.81,68785.35,69.16666667,Domestic,2023-04
676,BOM-BKK,BOM,BKK,08-07-2023,873,Boeing 737,350,206,4245618.24,2514394.71,1731223.53,58.85714286,International,2023-07
677,DEL-AMD,DEL,AMD,09-02-2023,281,ATR 72,120,60,168949.94,131983.47,36966.47,50,Domestic,2023-02
678,CCU-DEL,CCU,DEL,27-09-2023,732,Airbus A320,350,273,743110.42,742751.21,359.21,78,Domestic,2023-09
679,BOM-BKK,BOM,BKK,24-02-2023,844,ATR 72,180,145,4428047.16,3570090.86,857956.3,80.55555556,International,2023-02
680,BLR-HYD,BLR,HYD,27-03-2023,871,Airbus A320,350,231,694737.85,448040.52,246697.33,66,Domestic,2023-03
681,DEL-CDG,DEL,CDG,15-08-2023,420,Boeing 777,350,341,8480605.77,6555777.16,1924828.61,97.42857143,International,2023-08
682,BOM-BKK,BOM,BKK,15-06-2023,683,Airbus A320,350,258,6611494.1,5819061.73,792432.37,73.71428571,International,2023-06
683,MAA-BLR,MAA,BLR,04-07-2023,523,Airbus A380,250,112,275788.04,198757.49,77030.55,44.8,Domestic,2023-07
684,BOM-DEL,BOM,DEL,23-09-2023,198,Boeing 777,120,73,204355.91,217318.67,-12962.76,60.83333333,Domestic,2023-09
685,BOM-DEL,BOM,DEL,20-12-2023,342,ATR 72,350,260,1057331.71,679683.35,377648.36,74.28571429,Domestic,2023-12
686,DEL-BLR,DEL,BLR,24-08-2023,424,Airbus A320,150,88,352116.66,246451.43,105665.23,58.66666667,Domestic,2023-08
687,MAA-BLR,MAA,BLR,03-06-2023,154,ATR 72,250,187,521989.39,311273.2,210716.19,74.8,Domestic,2023-06
688,BOM-DXB,BOM,DXB,05-09-2023,237,Airbus A380,350,309,6622012.39,6193917.66,428094.73,88.28571429,International,2023-09
689,DEL-BLR,DEL,BLR,23-10-2023,450,Boeing 737,120,112,336212.95,362395.7,-26182.75,93.33333333,Domestic,2023-10
690,BOM-BKK,BOM,BKK,02-08-2023,183,Airbus A320,350,329,9708232.85,9022017.79,686215.06,94,International,2023-08
691,DEL-BLR,DEL,BLR,06-06-2023,596,Boeing 737,180,132,352340.21,299996.89,52343.32,73.33333333,Domestic,2023-06
692,HYD-BOM,HYD,BOM,20-03-2023,111,Airbus A380,250,212,728317.25,439939.87,288377.38,84.8,Domestic,2023-03
693,BOM-BKK,BOM,BKK,29-05-2023,865,Airbus A380,150,78,1656577.78,1479099.25,177478.53,52,International,2023-05
694,DEL-BLR,DEL,BLR,08-10-2023,468,Boeing 777,120,79,251384.64,243521.91,7862.73,65.83333333,Domestic,2023-10
695,DEL-MAA,DEL,MAA,04-09-2023,632,Airbus A320,250,164,562256.82,498553.44,63703.38,65.6,Domestic,2023-09
696,HYD-DXB,HYD,DXB,07-05-2023,308,Boeing 737,180,155,3851932.07,4254392.91,-402460.84,86.11111111,International,2023-05
697,BOM-CCU,BOM,CCU,27-02-2023,747,Airbus A380,250,160,438861.05,332092.72,106768.33,64,Domestic,2023-02
698,BOM-DEL,BOM,DEL,06-06-2023,233,Boeing 777,350,309,1188115.15,1097710.63,90404.52,88.28571429,Domestic,2023-06
699,DEL-FRA,DEL,FRA,23-01-2023,897,Airbus A320,150,121,2703124.06,2668232.27,34891.79,80.66666667,International,2023-01
700,BOM-CCU,BOM,CCU,27-02-2023,817,Boeing 737,150,142,577672.11,618832.06,-41159.95,94.66666667,Domestic,2023-02
701,DEL-AMD,DEL,AMD,08-01-2023,411,Boeing 737,180,123,300236.43,202781.4,97455.03,68.33333333,Domestic,2023-01
702,MAA-CMB,MAA,CMB,19-04-2023,268,ATR 72,350,296,8356672.24,7720104.37,636567.87,84.57142857,International,2023-04
703,DEL-MAA,DEL,MAA,22-12-2023,775,Boeing 737,250,189,679332.34,391356.03,287976.31,75.6,Domestic,2023-12
704,BOM-GOI,BOM,GOI,31-01-2023,350,Airbus A320,350,207,670044.4,748510.55,-78466.15,59.14285714,Domestic,2023-01
705,BOM-CCU,BOM,CCU,18-07-2023,736,Boeing 777,180,163,396797.58,424750.49,-27952.91,90.55555556,Domestic,2023-07
706,BLR-SIN,BLR,SIN,29-04-2023,449,ATR 72,120,111,3026962.48,2749280.58,277681.9,92.5,International,2023-04
707,BOM-CCU,BOM,CCU,06-04-2023,263,ATR 72,250,186,684934.68,393050.75,291883.93,74.4,Domestic,2023-04
708,HYD-DXB,HYD,DXB,06-06-2023,401,Airbus A380,250,211,4278148.09,4109532.64,168615.45,84.4,International,2023-06
709,DEL-LHR,DEL,LHR,17-11-2023,369,Airbus A320,350,208,4353470.25,3067488.31,1285981.94,59.42857143,International,2023-11
710,BLR-SIN,BLR,SIN,16-01-2023,628,Boeing 777,150,79,2643152.75,2495556.6,147596.15,52.66666667,International,2023-01
711,BOM-CCU,BOM,CCU,15-07-2023,593,ATR 72,150,100,343121.74,276514.6,66607.14,66.66666667,Domestic,2023-07
712,DEL-AMD,DEL,AMD,06-11-2023,397,Airbus A380,350,181,646975.59,581384.18,65591.41,51.71428571,Domestic,2023-11
713,CCU-DEL,CCU,DEL,12-03-2023,376,ATR 72,150,101,407656.58,412560.69,-4904.11,67.33333333,Domestic,2023-03
714,BOM-NRT,BOM,NRT,22-03-2023,385,Boeing 737,350,256,7882651.54,5206342.59,2676308.95,73.14285714,International,2023-03
715,DEL-MAA,DEL,MAA,16-01-2023,843,Boeing 777,250,239,704100.35,702245.64,1854.71,95.6,Domestic,2023-01
716,MAA-BLR,MAA,BLR,19-03-2023,857,Airbus A320,120,62,151723.72,173203.76,-21480.04,51.66666667,Domestic,2023-03
717,DEL-CDG,DEL,CDG,17-05-2023,680,ATR 72,350,200,4696547.6,4520082.95,176464.65,57.14285714,International,2023-05
718,DEL-LHR,DEL,LHR,10-02-2023,764,Airbus A380,150,107,3110562.37,3039677.25,70885.12,71.33333333,International,2023-02
719,DEL-LHR,DEL,LHR,05-04-2023,456,Airbus A380,250,130,2976856.67,1694836.82,1282019.85,52,International,2023-04
720,BOM-DEL,BOM,DEL,19-05-2023,482,Airbus A320,150,127,319918.76,353913.94,-33995.18,84.66666667,Domestic,2023-05
721,DEL-FRA,DEL,FRA,12-11-2023,561,Boeing 777,250,230,6075067.11,6170620.82,-95553.71,92,International,2023-11
722,DEL-CDG,DEL,CDG,14-07-2023,797,Boeing 777,250,193,6009444.44,5446260.22,563184.22,77.2,International,2023-07
723,HYD-DXB,HYD,DXB,25-11-2023,781,Boeing 737,350,177,4753070.63,5117441.88,-364371.25,50.57142857,International,2023-11
724,HYD-BOM,HYD,BOM,23-09-2023,610,Airbus A380,120,89,296283.49,275066.37,21217.12,74.16666667,Domestic,2023-09
725,DEL-BLR,DEL,BLR,08-04-2023,358,Airbus A380,250,229,868509.66,626672.06,241837.6,91.6,Domestic,2023-04
726,BOM-GOI,BOM,GOI,05-08-2023,361,ATR 72,120,97,390581.77,323459.27,67122.5,80.83333333,Domestic,2023-08
727,DEL-FRA,DEL,FRA,16-02-2023,799,ATR 72,120,65,1870811.53,2032817.84,-162006.31,54.16666667,International,2023-02
728,MAA-CMB,MAA,CMB,11-03-2023,462,Airbus A380,180,124,2812714.16,2543226.01,269488.15,68.88888889,International,2023-03
729,CCU-DEL,CCU,DEL,21-08-2023,152,Boeing 777,180,146,588802.3,605225.02,-16422.72,81.11111111,Domestic,2023-08
730,BLR-HYD,BLR,HYD,16-02-2023,176,Airbus A380,180,89,326906.11,322370.06,4536.05,49.44444444,Domestic,2023-02
731,HYD-DXB,HYD,DXB,10-11-2023,223,Airbus A380,350,228,7187450.31,7887160.58,-699710.27,65.14285714,International,2023-11
732,BOM-NRT,BOM,NRT,04-12-2023,213,Airbus A320,150,81,2485137.7,1992456.7,492681,54,International,2023-12
733,DEL-AMD,DEL,AMD,17-08-2023,355,Airbus A320,120,111,458294.69,253033.54,205261.15,92.5,Domestic,2023-08
734,MAA-BLR,MAA,BLR,07-01-2023,529,Airbus A380,250,184,443504.58,478817.19,-35312.61,73.6,Domestic,2023-01
735,HYD-BOM,HYD,BOM,22-04-2023,662,Airbus A380,250,166,422126.19,384160.69,37965.5,66.4,Domestic,2023-04
736,HYD-BOM,HYD,BOM,08-10-2023,344,ATR 72,350,309,857088.03,566452.9,290635.13,88.28571429,Domestic,2023-10
737,DEL-BLR,DEL,BLR,01-12-2023,417,Boeing 737,150,135,486080.16,511749.4,-25669.24,90,Domestic,2023-12
738,DEL-AMD,DEL,AMD,19-06-2023,149,Boeing 737,120,80,217667.77,207492.74,10175.03,66.66666667,Domestic,2023-06
739,DEL-CDG,DEL,CDG,05-12-2023,768,ATR 72,350,303,6866370.57,5652414.77,1213955.8,86.57142857,International,2023-12
740,BOM-NRT,BOM,NRT,04-07-2023,96,Boeing 737,180,111,3714387.08,3870981.35,-156594.27,61.66666667,International,2023-07
741,BOM-BKK,BOM,BKK,09-10-2023,126,Boeing 777,250,130,3954507.91,2826093.53,1128414.38,52,International,2023-10
742,HYD-DXB,HYD,DXB,31-07-2023,597,Airbus A320,150,116,2510185.89,2479654.78,30531.11,77.33333333,International,2023-07
743,HYD-DXB,HYD,DXB,14-02-2023,555,ATR 72,180,121,3958753.32,2794072.35,1164680.97,67.22222222,International,2023-02
744,BOM-NRT,BOM,NRT,16-11-2023,422,Airbus A320,350,261,7254648.21,6740399.31,514248.9,74.57142857,International,2023-11
745,CCU-KUL,CCU,KUL,03-04-2023,684,Airbus A320,180,174,3484126.19,1966413.22,1517712.97,96.66666667,International,2023-04
746,BLR-HYD,BLR,HYD,17-04-2023,878,ATR 72,250,167,501137.95,444133.16,57004.79,66.8,Domestic,2023-04
747,CCU-DEL,CCU,DEL,06-01-2023,715,Airbus A320,180,105,264821.02,193364.47,71456.55,58.33333333,Domestic,2023-01
748,MAA-CMB,MAA,CMB,15-06-2023,845,Boeing 737,120,97,2436681.11,2399248.78,37432.33,80.83333333,International,2023-06
749,DEL-CDG,DEL,CDG,15-01-2023,239,Airbus A320,180,160,5413471.44,4533592.66,879878.78,88.88888889,International,2023-01
750,CCU-KUL,CCU,KUL,19-01-2023,721,Airbus A320,250,133,3578932.78,3826360.9,-247428.12,53.2,International,2023-01
751,BOM-DXB,BOM,DXB,25-08-2023,862,Airbus A380,120,107,2620446.71,2581083.65,39363.06,89.16666667,International,2023-08
752,BOM-DXB,BOM,DXB,12-10-2023,608,Boeing 737,150,113,2822264.2,3103677.44,-281413.24,75.33333333,International,2023-10
753,DEL-LHR,DEL,LHR,03-02-2023,212,Boeing 777,120,75,1922145.87,1673350.82,248795.05,62.5,International,2023-02
754,BOM-GOI,BOM,GOI,20-10-2023,680,Airbus A380,150,114,451014.63,451431.42,-416.79,76,Domestic,2023-10
755,BOM-DXB,BOM,DXB,30-12-2023,92,Boeing 777,250,124,4111310.64,3177838.16,933472.48,49.6,International,2023-12
756,DEL-AMD,DEL,AMD,21-04-2023,597,Boeing 777,150,76,289780.34,294612.21,-4831.87,50.66666667,Domestic,2023-04
757,BOM-CCU,BOM,CCU,16-08-2023,578,Boeing 737,250,232,621142.88,468384.93,152757.95,92.8,Domestic,2023-08
758,CCU-KUL,CCU,KUL,26-09-2023,377,Boeing 777,150,128,2748643,3131705.11,-383062.11,85.33333333,International,2023-09
759,HYD-DXB,HYD,DXB,13-12-2023,195,Airbus A320,120,83,2548528.35,2200417.02,348111.33,69.16666667,International,2023-12
760,BOM-DEL,BOM,DEL,09-06-2023,105,ATR 72,120,75,300040.09,183583.04,116457.05,62.5,Domestic,2023-06
761,DEL-AMD,DEL,AMD,12-01-2023,651,Boeing 777,150,93,255432.14,182886.79,72545.35,62,Domestic,2023-01
762,BOM-DXB,BOM,DXB,14-08-2023,747,Boeing 737,180,95,2289932.56,1280425.02,1009507.54,52.77777778,International,2023-08
763,DEL-CDG,DEL,CDG,14-10-2023,586,Boeing 737,150,110,3106453.33,2213755.75,892697.58,73.33333333,International,2023-10
764,DEL-AMD,DEL,AMD,21-10-2023,310,Airbus A320,120,73,292440.74,255694.47,36746.27,60.83333333,Domestic,2023-10
765,DEL-BLR,DEL,BLR,08-03-2023,89,Airbus A380,120,60,149810.39,120729.11,29081.28,50,Domestic,2023-03
766,BOM-GOI,BOM,GOI,27-12-2023,670,ATR 72,250,194,574704.28,597959.8,-23255.52,77.6,Domestic,2023-12
767,MAA-CMB,MAA,CMB,10-02-2023,833,Airbus A380,350,181,5826890.51,6420146.19,-593255.68,51.71428571,International,2023-02
768,DEL-FRA,DEL,FRA,19-02-2023,526,Boeing 777,250,174,5952839.99,3787393.31,2165446.68,69.6,International,2023-02
769,DEL-CDG,DEL,CDG,13-05-2023,432,Airbus A380,150,123,3687258.24,3773050.5,-85792.26,82,International,2023-05
770,BOM-DXB,BOM,DXB,21-08-2023,559,Boeing 737,120,84,2122815.43,1755027.06,367788.37,70,International,2023-08
771,BOM-GOI,BOM,GOI,25-05-2023,846,Boeing 777,350,264,874977.68,694217.43,180760.25,75.42857143,Domestic,2023-05
772,BLR-HYD,BLR,HYD,16-06-2023,629,Boeing 737,180,131,408912.52,326338.83,82573.69,72.77777778,Domestic,2023-06
773,DEL-CDG,DEL,CDG,05-05-2023,621,Airbus A320,250,163,4093046.12,4250012.08,-156965.96,65.2,International,2023-05
774,BOM-NRT,BOM,NRT,09-08-2023,863,Airbus A380,350,303,8534874.67,5903509.58,2631365.09,86.57142857,International,2023-08
775,BOM-CCU,BOM,CCU,31-12-2023,647,Airbus A380,120,91,294224.4,259815.63,34408.77,75.83333333,Domestic,2023-12
776,DEL-FRA,DEL,FRA,01-04-2023,375,Airbus A380,120,92,2786001.98,2529253.09,256748.89,76.66666667,International,2023-04
777,BLR-SIN,BLR,SIN,17-06-2023,566,Boeing 737,120,67,1479611.32,1329372.67,150238.65,55.83333333,International,2023-06
778,BOM-DEL,BOM,DEL,17-03-2023,736,Airbus A320,250,182,564558.32,506272.67,58285.65,72.8,Domestic,2023-03
779,CCU-DEL,CCU,DEL,16-04-2023,757,Boeing 777,180,135,545908.64,400003.68,145904.96,75,Domestic,2023-04
780,BOM-BKK,BOM,BKK,26-06-2023,151,ATR 72,120,92,2544384.95,2693440.23,-149055.28,76.66666667,International,2023-06
781,DEL-AMD,DEL,AMD,01-02-2023,438,ATR 72,120,54,184034.94,209287.8,-25252.86,45,Domestic,2023-02
782,BLR-HYD,BLR,HYD,25-05-2023,91,Airbus A320,250,205,637485.01,472297.59,165187.42,82,Domestic,2023-05
783,BLR-SIN,BLR,SIN,27-07-2023,450,Airbus A380,350,196,4429825.71,2806034.64,1623791.07,56,International,2023-07
784,MAA-CMB,MAA,CMB,16-07-2023,428,Airbus A380,150,90,2978193.18,1862352.03,1115841.15,60,International,2023-07
785,BOM-DEL,BOM,DEL,06-02-2023,723,Boeing 737,150,124,406231.74,329876.86,76354.88,82.66666667,Domestic,2023-02
786,DEL-MAA,DEL,MAA,13-02-2023,200,Airbus A380,250,230,839891.68,930756.71,-90865.03,92,Domestic,2023-02
787,DEL-CDG,DEL,CDG,03-04-2023,525,ATR 72,250,185,4948877,3776905.42,1171971.58,74,International,2023-04
788,BOM-GOI,BOM,GOI,06-08-2023,679,Boeing 737,350,249,925195.38,904173.09,21022.29,71.14285714,Domestic,2023-08
789,MAA-BLR,MAA,BLR,30-07-2023,619,ATR 72,180,84,207325.19,174145.05,33180.14,46.66666667,Domestic,2023-07
790,DEL-LHR,DEL,LHR,27-02-2023,654,Airbus A380,120,63,1951072.06,2224509.85,-273437.79,52.5,International,2023-02
791,MAA-BLR,MAA,BLR,27-08-2023,589,Boeing 737,350,322,824063.5,686832.98,137230.52,92,Domestic,2023-08
792,BOM-CCU,BOM,CCU,17-12-2023,708,ATR 72,350,215,536423.64,405604.77,130818.87,61.42857143,Domestic,2023-12
793,BOM-DEL,BOM,DEL,29-08-2023,524,ATR 72,250,188,563384.33,429157.3,134227.03,75.2,Domestic,2023-08
794,DEL-AMD,DEL,AMD,29-05-2023,231,Boeing 737,350,296,1097730.53,975030.34,122700.19,84.57142857,Domestic,2023-05
795,DEL-BLR,DEL,BLR,19-11-2023,544,ATR 72,150,113,404695.46,293425.22,111270.24,75.33333333,Domestic,2023-11
796,DEL-CDG,DEL,CDG,14-01-2023,353,Airbus A380,120,62,1311481.9,1338049.5,-26567.6,51.66666667,International,2023-01
797,MAA-BLR,MAA,BLR,09-03-2023,690,Boeing 777,180,162,392941.6,242417.32,150524.28,90,Domestic,2023-03
798,BOM-GOI,BOM,GOI,30-10-2023,816,Airbus A320,250,161,437230.74,445764.01,-8533.27,64.4,Domestic,2023-10
799,HYD-BOM,HYD,BOM,06-09-2023,245,ATR 72,120,75,191394.2,121926.17,69468.03,62.5,Domestic,2023-09
800,DEL-MAA,DEL,MAA,11-09-2023,830,Airbus A380,250,144,459695.95,428687.07,31008.88,57.6,Domestic,2023-09
801,CCU-DEL,CCU,DEL,23-10-2023,811,Boeing 777,120,94,353427.88,218982.72,134445.16,78.33333333,Domestic,2023-10
802,BOM-GOI,BOM,GOI,26-08-2023,468,Airbus A380,180,126,517463.5,571008.32,-53544.82,70,Domestic,2023-08
803,HYD-BOM,HYD,BOM,14-07-2023,759,Airbus A380,250,147,493154.99,399870.09,93284.9,58.8,Domestic,2023-07
804,DEL-AMD,DEL,AMD,18-08-2023,451,Boeing 777,350,284,702568.2,773265.73,-70697.53,81.14285714,Domestic,2023-08
805,DEL-LHR,DEL,LHR,10-08-2023,685,Boeing 777,180,106,3395683.01,2387865.86,1007817.15,58.88888889,International,2023-08
806,BOM-NRT,BOM,NRT,20-07-2023,532,Airbus A320,350,300,8339785.45,7978096.43,361689.02,85.71428571,International,2023-07
807,BOM-GOI,BOM,GOI,10-06-2023,620,Boeing 737,120,106,256682.24,156221.75,100460.49,88.33333333,Domestic,2023-06
808,BLR-HYD,BLR,HYD,17-12-2023,516,Boeing 777,150,125,356676.62,203457.28,153219.34,83.33333333,Domestic,2023-12
809,DEL-CDG,DEL,CDG,17-02-2023,118,ATR 72,150,143,4228687.79,4122315.42,106372.37,95.33333333,International,2023-02
810,BLR-HYD,BLR,HYD,14-02-2023,679,Airbus A320,250,199,799943.18,711662.48,88280.7,79.6,Domestic,2023-02
811,BOM-GOI,BOM,GOI,26-02-2023,772,Airbus A320,180,109,391185.75,232923.15,158262.6,60.55555556,Domestic,2023-02
812,DEL-FRA,DEL,FRA,22-05-2023,847,Airbus A380,180,105,3329651.8,2385270.95,944380.85,58.33333333,International,2023-05
813,DEL-BLR,DEL,BLR,15-07-2023,457,Boeing 777,120,70,270412.91,177595.76,92817.15,58.33333333,Domestic,2023-07
814,BOM-CCU,BOM,CCU,09-09-2023,265,ATR 72,250,136,446855.63,284344.77,162510.86,54.4,Domestic,2023-09
815,BOM-BKK,BOM,BKK,22-04-2023,688,Boeing 737,250,207,4460706.5,2648552.08,1812154.42,82.8,International,2023-04
816,BOM-NRT,BOM,NRT,09-05-2023,855,Airbus A380,120,111,2467842.37,2305461.21,162381.16,92.5,International,2023-05
817,DEL-BLR,DEL,BLR,07-12-2023,459,Boeing 777,150,123,495482.32,443349.73,52132.59,82,Domestic,2023-12
818,HYD-DXB,HYD,DXB,29-12-2023,849,Airbus A380,250,170,5552325.34,5655388.84,-103063.5,68,International,2023-12
819,BOM-CCU,BOM,CCU,04-10-2023,291,Boeing 737,250,238,921621.2,773461.2,148160,95.2,Domestic,2023-10
820,BOM-NRT,BOM,NRT,02-10-2023,427,Boeing 777,180,119,3508606.46,3948214.96,-439608.5,66.11111111,International,2023-10
821,BOM-CCU,BOM,CCU,07-07-2023,607,Boeing 777,120,107,403263.26,291952.6,111310.66,89.16666667,Domestic,2023-07
822,CCU-DEL,CCU,DEL,01-04-2023,627,Boeing 737,250,200,587593.32,460710.08,126883.24,80,Domestic,2023-04
823,BLR-HYD,BLR,HYD,19-11-2023,765,Boeing 777,250,123,435299.99,431466.96,3833.03,49.2,Domestic,2023-11
824,DEL-MAA,DEL,MAA,19-01-2023,257,Boeing 737,350,201,623056.09,639033.43,-15977.34,57.42857143,Domestic,2023-01
825,DEL-AMD,DEL,AMD,13-09-2023,606,Airbus A380,120,56,140050.29,143224.83,-3174.54,46.66666667,Domestic,2023-09
826,DEL-BLR,DEL,BLR,27-07-2023,181,Airbus A320,350,242,876170.7,941492.06,-65321.36,69.14285714,Domestic,2023-07
827,DEL-MAA,DEL,MAA,24-10-2023,298,Boeing 737,120,100,328001.05,184152.19,143848.86,83.33333333,Domestic,2023-10
828,DEL-CDG,DEL,CDG,24-01-2023,308,Airbus A320,120,64,1327959.68,975256.78,352702.9,53.33333333,International,2023-01
829,BLR-HYD,BLR,HYD,22-08-2023,685,Airbus A320,350,169,654274.49,404673.88,249600.61,48.28571429,Domestic,2023-08
830,DEL-CDG,DEL,CDG,12-11-2023,285,Boeing 737,150,101,3249454.36,3702154.21,-452699.85,67.33333333,International,2023-11
831,BLR-SIN,BLR,SIN,16-06-2023,183,ATR 72,350,182,5923445.96,6076632.21,-153186.25,52,International,2023-06
832,DEL-BLR,DEL,BLR,31-10-2023,237,Boeing 777,120,61,161907.8,129379.32,32528.48,50.83333333,Domestic,2023-10
833,DEL-LHR,DEL,LHR,11-10-2023,228,Airbus A380,150,141,2906078.16,1772651.62,1133426.54,94,International,2023-10
834,DEL-CDG,DEL,CDG,12-07-2023,856,Airbus A320,120,109,2311981.46,1281610.85,1030370.61,90.83333333,International,2023-07
835,BOM-CCU,BOM,CCU,28-12-2023,727,ATR 72,180,120,462400.95,468660.76,-6259.81,66.66666667,Domestic,2023-12
836,DEL-MAA,DEL,MAA,16-04-2023,206,Boeing 777,350,241,682188.28,446648.7,235539.58,68.85714286,Domestic,2023-04
837,DEL-BLR,DEL,BLR,02-11-2023,244,Airbus A380,350,333,1175138.68,1198112.43,-22973.75,95.14285714,Domestic,2023-11
838,DEL-LHR,DEL,LHR,03-08-2023,64,ATR 72,150,82,2853522.34,3241815.07,-388292.73,54.66666667,International,2023-08
839,DEL-CDG,DEL,CDG,05-07-2023,839,ATR 72,350,198,6247883.91,5907975.88,339908.03,56.57142857,International,2023-07
840,MAA-BLR,MAA,BLR,28-01-2023,258,Boeing 737,150,121,501355.38,418455.12,82900.26,80.66666667,Domestic,2023-01
841,BOM-GOI,BOM,GOI,23-03-2023,746,Boeing 737,120,95,276746.03,224386.51,52359.52,79.16666667,Domestic,2023-03
842,BOM-DXB,BOM,DXB,12-11-2023,884,Airbus A380,120,60,1247210.92,1088087.24,159123.68,50,International,2023-11
843,BOM-GOI,BOM,GOI,15-01-2023,556,ATR 72,120,58,163765.3,133778.65,29986.65,48.33333333,Domestic,2023-01
844,BOM-NRT,BOM,NRT,16-06-2023,489,Airbus A320,180,102,2208503.29,1516511.27,691992.02,56.66666667,International,2023-06
845,HYD-BOM,HYD,BOM,31-07-2023,264,Airbus A380,150,73,252081.12,146863.37,105217.75,48.66666667,Domestic,2023-07
846,BOM-BKK,BOM,BKK,16-03-2023,281,ATR 72,250,136,3481909.57,2871336.24,610573.33,54.4,International,2023-03
847,CCU-DEL,CCU,DEL,20-11-2023,427,Boeing 777,150,94,231030.41,205894.19,25136.22,62.66666667,Domestic,2023-11
848,MAA-BLR,MAA,BLR,11-03-2023,173,Airbus A380,250,167,629358.08,429166.91,200191.17,66.8,Domestic,2023-03
849,DEL-AMD,DEL,AMD,06-11-2023,220,ATR 72,150,113,383630.5,263869.26,119761.24,75.33333333,Domestic,2023-11
850,BOM-BKK,BOM,BKK,25-09-2023,560,Airbus A320,350,245,6600653.72,3687800.51,2912853.21,70,International,2023-09
851,BOM-BKK,BOM,BKK,07-05-2023,313,Boeing 777,250,189,6308317.15,5709424.31,598892.84,75.6,International,2023-05
852,DEL-MAA,DEL,MAA,21-10-2023,65,Airbus A380,120,56,181841.79,183871.84,-2030.05,46.66666667,Domestic,2023-10
853,DEL-BLR,DEL,BLR,06-08-2023,603,Airbus A380,250,219,800220.81,487174.05,313046.76,87.6,Domestic,2023-08
854,CCU-KUL,CCU,KUL,04-05-2023,145,ATR 72,120,98,2557728.58,1741311.57,816417.01,81.66666667,International,2023-05
855,DEL-LHR,DEL,LHR,01-06-2023,304,Boeing 737,120,84,2064094.12,2006263.76,57830.36,70,International,2023-06
856,BOM-NRT,BOM,NRT,26-10-2023,84,Airbus A380,250,214,7086178.91,5620872.07,1465306.84,85.6,International,2023-10
857,DEL-LHR,DEL,LHR,17-11-2023,535,Boeing 737,120,78,2368178.25,2056886.42,311291.83,65,International,2023-11
858,DEL-AMD,DEL,AMD,07-08-2023,830,Boeing 777,350,258,988155.93,1010503.18,-22347.25,73.71428571,Domestic,2023-08
859,BOM-CCU,BOM,CCU,14-11-2023,403,Boeing 737,350,332,1199972.61,1299314.43,-99341.82,94.85714286,Domestic,2023-11
860,BLR-HYD,BLR,HYD,16-07-2023,434,Airbus A380,350,165,504830.6,473987.27,30843.33,47.14285714,Domestic,2023-07
861,BOM-CCU,BOM,CCU,15-10-2023,786,Airbus A320,150,145,410283.14,253610.21,156672.93,96.66666667,Domestic,2023-10
862,CCU-KUL,CCU,KUL,25-10-2023,779,Airbus A320,150,92,3079147.59,2623863.54,455284.05,61.33333333,International,2023-10
863,BOM-BKK,BOM,BKK,22-05-2023,115,Boeing 737,180,113,3084154.6,2670907.37,413247.23,62.77777778,International,2023-05
864,BLR-HYD,BLR,HYD,29-08-2023,786,ATR 72,350,324,1041193.79,802643.29,238550.5,92.57142857,Domestic,2023-08
865,BOM-CCU,BOM,CCU,07-04-2023,528,Boeing 737,120,78,212305.18,238833.54,-26528.36,65,Domestic,2023-04
866,BOM-CCU,BOM,CCU,25-02-2023,228,Boeing 777,120,98,322752.39,346957.49,-24205.1,81.66666667,Domestic,2023-02
867,HYD-DXB,HYD,DXB,18-11-2023,83,Boeing 777,250,240,6749165.85,4246685.98,2502479.87,96,International,2023-11
868,DEL-LHR,DEL,LHR,04-08-2023,514,Boeing 737,180,99,2012724.38,2075508.22,-62783.84,55,International,2023-08
869,HYD-DXB,HYD,DXB,27-11-2023,403,Airbus A380,350,221,6561659.82,4893579.91,1668079.91,63.14285714,International,2023-11
870,BOM-NRT,BOM,NRT,07-12-2023,773,ATR 72,350,240,5894696.42,3708781.18,2185915.24,68.57142857,International,2023-12
871,DEL-AMD,DEL,AMD,29-03-2023,868,Boeing 777,150,105,435466.85,440627.06,-5160.21,70,Domestic,2023-03
872,DEL-BLR,DEL,BLR,17-03-2023,421,Boeing 777,250,239,839734.72,542866.6,296868.12,95.6,Domestic,2023-03
873,MAA-CMB,MAA,CMB,27-05-2023,246,Airbus A320,150,80,1740300.8,1994843.85,-254543.05,53.33333333,International,2023-05
874,BOM-NRT,BOM,NRT,06-03-2023,511,Boeing 777,180,98,2786856.25,1590775.04,1196081.21,54.44444444,International,2023-03
875,BOM-DXB,BOM,DXB,26-06-2023,211,Boeing 777,250,184,4128769.4,3017865.62,1110903.78,73.6,International,2023-06
876,BOM-DEL,BOM,DEL,27-07-2023,571,Airbus A320,250,235,630010.53,713228.68,-83218.15,94,Domestic,2023-07
877,MAA-CMB,MAA,CMB,17-09-2023,399,Boeing 777,250,231,7979683.26,7999608.48,-19925.22,92.4,International,2023-09
878,BOM-NRT,BOM,NRT,08-12-2023,210,ATR 72,250,157,3404503.29,2850892.72,553610.57,62.8,International,2023-12
879,DEL-BLR,DEL,BLR,13-03-2023,754,ATR 72,120,73,227974.17,240404.72,-12430.55,60.83333333,Domestic,2023-03
880,DEL-FRA,DEL,FRA,02-07-2023,154,Boeing 777,120,92,2109306.65,1826364.9,282941.75,76.66666667,International,2023-07
881,MAA-BLR,MAA,BLR,11-04-2023,83,Boeing 737,350,315,1139894.94,1281896.46,-142001.52,90,Domestic,2023-04
882,HYD-DXB,HYD,DXB,21-07-2023,259,Airbus A380,180,138,3818920.59,2228831.17,1590089.42,76.66666667,International,2023-07
883,DEL-LHR,DEL,LHR,23-07-2023,211,Airbus A380,180,117,2361394.84,1787462.85,573931.99,65,International,2023-07
884,DEL-AMD,DEL,AMD,17-08-2023,634,Boeing 737,150,125,399949.58,458165.56,-58215.98,83.33333333,Domestic,2023-08
885,DEL-FRA,DEL,FRA,28-05-2023,227,Airbus A380,250,130,3745001.13,2253167.89,1491833.24,52,International,2023-05
886,CCU-DEL,CCU,DEL,05-06-2023,546,ATR 72,180,87,359150.92,360468.44,-1317.52,48.33333333,Domestic,2023-06
887,BOM-CCU,BOM,CCU,04-01-2023,479,Boeing 777,250,135,436295.15,388629.82,47665.33,54,Domestic,2023-01
888,DEL-MAA,DEL,MAA,13-04-2023,250,Airbus A380,180,133,329310.56,344376.18,-15065.62,73.88888889,Domestic,2023-04
889,BOM-NRT,BOM,NRT,05-06-2023,565,ATR 72,250,142,4525297.64,2907116.29,1618181.35,56.8,International,2023-06
890,DEL-AMD,DEL,AMD,24-11-2023,711,Airbus A380,120,95,380649.4,304631.46,76017.94,79.16666667,Domestic,2023-11
891,CCU-KUL,CCU,KUL,19-12-2023,720,Airbus A320,120,61,1473653.59,1689690.87,-216037.28,50.83333333,International,2023-12
892,BOM-CCU,BOM,CCU,03-11-2023,823,Boeing 777,350,246,783491.14,552162.97,231328.17,70.28571429,Domestic,2023-11
893,CCU-KUL,CCU,KUL,22-12-2023,897,Boeing 737,180,129,3693135.23,3904264.54,-211129.31,71.66666667,International,2023-12
894,BOM-GOI,BOM,GOI,25-10-2023,119,Airbus A320,180,124,452340.78,345783.44,106557.34,68.88888889,Domestic,2023-10
895,DEL-BLR,DEL,BLR,20-05-2023,429,Airbus A380,180,85,248624.61,232058.23,16566.38,47.22222222,Domestic,2023-05
896,BOM-CCU,BOM,CCU,21-09-2023,258,Airbus A320,120,92,248477.71,184759.11,63718.6,76.66666667,Domestic,2023-09
897,BOM-DXB,BOM,DXB,17-12-2023,879,Boeing 777,180,146,4427479.15,2689693.79,1737785.36,81.11111111,International,2023-12
898,BOM-NRT,BOM,NRT,30-06-2023,207,Boeing 737,150,108,2764283,2324594.53,439688.47,72,International,2023-06
899,BOM-DXB,BOM,DXB,25-03-2023,164,Airbus A320,150,107,3474675.56,3568714.33,-94038.77,71.33333333,International,2023-03
900,MAA-CMB,MAA,CMB,11-11-2023,766,ATR 72,350,289,8824318.29,9102709.38,-278391.09,82.57142857,International,2023-11
901,BOM-BKK,BOM,BKK,24-08-2023,138,Boeing 737,150,140,3806988.28,2805537.47,1001450.81,93.33333333,International,2023-08
902,DEL-LHR,DEL,LHR,13-03-2023,896,Airbus A380,350,254,8776124.64,5733655.45,3042469.19,72.57142857,International,2023-03
903,DEL-AMD,DEL,AMD,15-01-2023,822,Boeing 737,150,77,281022.25,270576.17,10446.08,51.33333333,Domestic,2023-01
904,DEL-AMD,DEL,AMD,06-03-2023,274,Airbus A320,120,81,305648.85,188595.52,117053.33,67.5,Domestic,2023-03
905,BOM-DEL,BOM,DEL,05-09-2023,835,Airbus A380,120,66,162295.77,153511.24,8784.53,55,Domestic,2023-09
906,BOM-NRT,BOM,NRT,31-01-2023,540,Boeing 737,180,85,2084598.4,1159377.41,925220.99,47.22222222,International,2023-01
907,BLR-HYD,BLR,HYD,05-03-2023,676,Airbus A320,350,324,885364.76,673691.93,211672.83,92.57142857,Domestic,2023-03
908,BOM-CCU,BOM,CCU,16-03-2023,824,Boeing 777,350,222,596958.71,507642.14,89316.57,63.42857143,Domestic,2023-03
909,DEL-CDG,DEL,CDG,04-05-2023,577,ATR 72,120,60,1720320.31,960610.67,759709.64,50,International,2023-05
910,CCU-DEL,CCU,DEL,09-04-2023,348,Airbus A320,350,158,585489.36,646695.98,-61206.62,45.14285714,Domestic,2023-04
911,HYD-DXB,HYD,DXB,29-12-2023,546,Boeing 777,350,191,5749651.13,3532555.2,2217095.93,54.57142857,International,2023-12
912,DEL-LHR,DEL,LHR,14-07-2023,494,Airbus A320,350,199,4316843.75,4924515.7,-607671.95,56.85714286,International,2023-07
913,BLR-HYD,BLR,HYD,27-08-2023,172,ATR 72,150,106,323326.59,233753.08,89573.51,70.66666667,Domestic,2023-08
914,DEL-BLR,DEL,BLR,12-02-2023,395,Airbus A380,120,78,251355.19,249270.11,2085.08,65,Domestic,2023-02
915,DEL-FRA,DEL,FRA,26-04-2023,627,Airbus A380,180,174,4596979.94,4891482.01,-294502.07,96.66666667,International,2023-04
916,CCU-KUL,CCU,KUL,14-12-2023,436,Airbus A320,120,117,3202842.9,1963673.01,1239169.89,97.5,International,2023-12
917,DEL-FRA,DEL,FRA,25-09-2023,734,Boeing 737,120,63,1638589.95,1481833.16,156756.79,52.5,International,2023-09
918,BLR-HYD,BLR,HYD,28-03-2023,126,Boeing 777,150,94,326267.37,373379.33,-47111.96,62.66666667,Domestic,2023-03
919,BLR-HYD,BLR,HYD,30-04-2023,494,Airbus A380,180,153,578148.73,523912.59,54236.14,85,Domestic,2023-04
920,BLR-SIN,BLR,SIN,02-07-2023,547,ATR 72,250,243,6724105.91,4292833.68,2431272.23,97.2,International,2023-07
921,DEL-FRA,DEL,FRA,25-02-2023,185,Boeing 777,250,178,5237750.65,3303789.94,1933960.71,71.2,International,2023-02
922,BLR-HYD,BLR,HYD,28-01-2023,129,Airbus A380,120,115,355205.03,340116.85,15088.18,95.83333333,Domestic,2023-01
923,DEL-MAA,DEL,MAA,05-06-2023,696,ATR 72,120,102,366174.4,315631.11,50543.29,85,Domestic,2023-06
924,CCU-KUL,CCU,KUL,27-08-2023,266,Boeing 777,250,177,4234721.3,3202166.62,1032554.68,70.8,International,2023-08
925,MAA-CMB,MAA,CMB,07-10-2023,78,Boeing 737,250,229,4989225.66,4091510.85,897714.81,91.6,International,2023-10
926,BLR-SIN,BLR,SIN,15-08-2023,530,Boeing 737,120,65,1942925.75,1977178.52,-34252.77,54.16666667,International,2023-08
927,BOM-GOI,BOM,GOI,09-09-2023,501,Airbus A320,180,149,488335.41,300633.54,187701.87,82.77777778,Domestic,2023-09
928,CCU-KUL,CCU,KUL,04-12-2023,627,ATR 72,350,244,6937854.81,4466497.78,2471357.03,69.71428571,International,2023-12
929,DEL-BLR,DEL,BLR,20-07-2023,329,Airbus A380,350,337,1183035.61,901068.85,281966.76,96.28571429,Domestic,2023-07
930,DEL-AMD,DEL,AMD,14-06-2023,122,Boeing 737,350,165,644569.44,489438.38,155131.06,47.14285714,Domestic,2023-06
931,BOM-NRT,BOM,NRT,14-01-2023,843,Boeing 777,250,125,3147143.18,2405738.08,741405.1,50,International,2023-01
932,DEL-LHR,DEL,LHR,29-01-2023,737,Airbus A320,150,86,2122608.39,1275613.44,846994.95,57.33333333,International,2023-01
933,BOM-CCU,BOM,CCU,06-06-2023,177,Boeing 777,150,69,206103.71,170354.12,35749.59,46,Domestic,2023-06
934,BOM-BKK,BOM,BKK,18-10-2023,587,Airbus A380,180,82,2217730.88,1249340.66,968390.22,45.55555556,International,2023-10
935,BOM-DXB,BOM,DXB,13-07-2023,644,Airbus A380,180,135,4336861.3,2645632.89,1691228.41,75,International,2023-07
936,CCU-DEL,CCU,DEL,22-06-2023,568,ATR 72,180,96,282157.21,319305.08,-37147.87,53.33333333,Domestic,2023-06
937,CCU-DEL,CCU,DEL,12-09-2023,710,Boeing 737,350,197,566824,412870.16,153953.84,56.28571429,Domestic,2023-09
938,BOM-NRT,BOM,NRT,25-07-2023,883,Airbus A320,350,295,6306913.42,6663330.53,-356417.11,84.28571429,International,2023-07
939,BLR-HYD,BLR,HYD,31-10-2023,404,Boeing 777,120,90,302032.31,243517.64,58514.67,75,Domestic,2023-10
940,DEL-LHR,DEL,LHR,09-02-2023,727,Boeing 777,350,306,8107059.12,7085314.68,1021744.44,87.42857143,International,2023-02
941,CCU-DEL,CCU,DEL,01-08-2023,471,Boeing 777,350,253,913028.54,802129.8,110898.74,72.28571429,Domestic,2023-08
942,BOM-DEL,BOM,DEL,18-11-2023,780,ATR 72,150,113,314514.6,354542.95,-40028.35,75.33333333,Domestic,2023-11
943,DEL-FRA,DEL,FRA,18-05-2023,713,ATR 72,350,315,10584799.28,11757399.86,-1172600.58,90,International,2023-05
944,DEL-BLR,DEL,BLR,25-09-2023,265,Boeing 777,250,132,352552.3,338867.62,13684.68,52.8,Domestic,2023-09
945,DEL-AMD,DEL,AMD,11-08-2023,480,Boeing 777,120,94,368737.61,261863.02,106874.59,78.33333333,Domestic,2023-08
946,DEL-AMD,DEL,AMD,27-11-2023,224,Boeing 777,350,201,568683.3,363944.43,204738.87,57.42857143,Domestic,2023-11
947,BOM-DEL,BOM,DEL,06-05-2023,876,Boeing 777,250,176,736441.66,591518.39,144923.27,70.4,Domestic,2023-05
948,DEL-BLR,DEL,BLR,14-04-2023,223,Boeing 777,150,69,263676.99,188967.59,74709.4,46,Domestic,2023-04
949,MAA-CMB,MAA,CMB,01-04-2023,719,Boeing 737,250,216,4499260.36,4894760.13,-395499.77,86.4,International,2023-04
950,BOM-DXB,BOM,DXB,05-11-2023,365,Boeing 737,250,231,6947343.73,7513077.12,-565733.39,92.4,International,2023-11
951,BLR-SIN,BLR,SIN,13-03-2023,301,Boeing 737,350,293,9960251.29,8597435.28,1362816.01,83.71428571,International,2023-03
952,BOM-NRT,BOM,NRT,26-09-2023,317,Airbus A380,120,69,1506556.52,1557798.04,-51241.52,57.5,International,2023-09
953,BOM-DXB,BOM,DXB,27-10-2023,814,Airbus A380,150,141,3281087.73,2014877.94,1266209.79,94,International,2023-10
954,CCU-DEL,CCU,DEL,21-05-2023,510,Airbus A380,180,163,407608.51,354652.82,52955.69,90.55555556,Domestic,2023-05
955,BLR-HYD,BLR,HYD,12-06-2023,618,Airbus A380,250,202,835061.46,899912.44,-64850.98,80.8,Domestic,2023-06
956,DEL-MAA,DEL,MAA,05-07-2023,546,Boeing 777,180,83,343640.69,313911.94,29728.75,46.11111111,Domestic,2023-07
957,DEL-BLR,DEL,BLR,20-12-2023,867,Airbus A320,180,133,393238.88,442429.2,-49190.32,73.88888889,Domestic,2023-12
958,DEL-LHR,DEL,LHR,17-12-2023,184,ATR 72,150,135,3486653.81,3820931.37,-334277.56,90,International,2023-12
959,BLR-SIN,BLR,SIN,11-05-2023,368,Boeing 737,150,91,2993103.85,1933953.16,1059150.69,60.66666667,International,2023-05
960,DEL-FRA,DEL,FRA,20-11-2023,384,Airbus A380,120,71,1505300.71,1531905.41,-26604.7,59.16666667,International,2023-11
961,CCU-KUL,CCU,KUL,30-08-2023,814,Airbus A380,180,149,4939561.34,5147738.1,-208176.76,82.77777778,International,2023-08
962,BOM-GOI,BOM,GOI,24-12-2023,327,ATR 72,120,76,264769.46,274845.75,-10076.29,63.33333333,Domestic,2023-12
963,BOM-DXB,BOM,DXB,21-08-2023,771,Boeing 737,120,94,2139072.87,1745575.4,393497.47,78.33333333,International,2023-08
964,DEL-MAA,DEL,MAA,02-01-2023,470,Airbus A320,180,110,280281.95,180695.94,99586.01,61.11111111,Domestic,2023-01
965,HYD-DXB,HYD,DXB,29-11-2023,841,Airbus A320,350,284,9056656.18,6716773.76,2339882.42,81.14285714,International,2023-11
966,CCU-KUL,CCU,KUL,10-03-2023,326,Airbus A320,350,310,9917808.31,6636979.78,3280828.53,88.57142857,International,2023-03
967,BOM-BKK,BOM,BKK,08-07-2023,246,Airbus A380,250,237,7883833.79,5398000.13,2485833.66,94.8,International,2023-07
968,BOM-DEL,BOM,DEL,13-10-2023,722,ATR 72,150,139,577326.72,386208.32,191118.4,92.66666667,Domestic,2023-10
969,BOM-GOI,BOM,GOI,26-01-2023,470,ATR 72,250,192,512381.22,576336.5,-63955.28,76.8,Domestic,2023-01
970,BOM-GOI,BOM,GOI,18-10-2023,180,Boeing 737,350,238,965323.31,793712.69,171610.62,68,Domestic,2023-10
971,CCU-KUL,CCU,KUL,02-03-2023,289,Airbus A320,150,142,4572568.47,3245251.1,1327317.37,94.66666667,International,2023-03
972,CCU-KUL,CCU,KUL,15-07-2023,193,Airbus A380,150,115,4016732.85,2891165.36,1125567.49,76.66666667,International,2023-07
973,CCU-DEL,CCU,DEL,03-08-2023,244,Airbus A380,150,69,286835.12,198286.64,88548.48,46,Domestic,2023-08
974,DEL-FRA,DEL,FRA,08-05-2023,438,ATR 72,250,123,3325086.57,3567372.61,-242286.04,49.2,International,2023-05
975,BLR-SIN,BLR,SIN,18-12-2023,277,Airbus A380,250,210,5007110.62,3040155.6,1966955.02,84,International,2023-12
976,DEL-BLR,DEL,BLR,27-01-2023,400,Airbus A320,250,232,973038.39,1083568.9,-110530.51,92.8,Domestic,2023-01
977,DEL-CDG,DEL,CDG,30-12-2023,826,Boeing 737,120,70,2050640.77,1500052.77,550588,58.33333333,International,2023-12
978,BLR-SIN,BLR,SIN,10-12-2023,439,Airbus A320,350,165,3743946.25,2440753.06,1303193.19,47.14285714,International,2023-12
979,CCU-KUL,CCU,KUL,23-06-2023,539,Airbus A320,120,74,2068770.42,1313829.42,754941,61.66666667,International,2023-06
980,BLR-HYD,BLR,HYD,10-06-2023,105,Airbus A320,250,227,885900.93,884743.96,1156.97,90.8,Domestic,2023-06
981,BOM-BKK,BOM,BKK,25-05-2023,329,ATR 72,180,130,3449761.97,2238862.03,1210899.94,72.22222222,International,2023-05
982,CCU-KUL,CCU,KUL,19-03-2023,629,Airbus A380,120,66,1374021.5,906695.89,467325.61,55,International,2023-03
983,CCU-KUL,CCU,KUL,14-05-2023,227,Airbus A380,250,127,4245308.79,3595549.28,649759.51,50.8,International,2023-05
984,DEL-FRA,DEL,FRA,02-07-2023,786,ATR 72,250,173,3751913.84,3683848.04,68065.8,69.2,International,2023-07
985,DEL-MAA,DEL,MAA,05-03-2023,417,Boeing 737,150,136,370624.34,241267.92,129356.42,90.66666667,Domestic,2023-03
986,HYD-DXB,HYD,DXB,20-05-2023,636,ATR 72,150,113,3906908.37,3381856,525052.37,75.33333333,International,2023-05
987,BOM-NRT,BOM,NRT,03-04-2023,486,Boeing 737,150,128,3859664.35,4177780.27,-318115.92,85.33333333,International,2023-04
988,BOM-DEL,BOM,DEL,26-05-2023,757,Boeing 737,250,161,655667.22,402344.91,253322.31,64.4,Domestic,2023-05
989,BOM-DXB,BOM,DXB,20-03-2023,89,Boeing 737,250,222,6636265.95,5457886.17,1178379.78,88.8,International,2023-03
990,MAA-BLR,MAA,BLR,01-11-2023,733,Boeing 737,180,173,619532.2,694209.11,-74676.91,96.11111111,Domestic,2023-11
991,BOM-DXB,BOM,DXB,19-10-2023,192,Airbus A320,120,104,2521408.26,2594247.16,-72838.9,86.66666667,International,2023-10
992,BOM-CCU,BOM,CCU,08-10-2023,676,Airbus A380,120,79,214913.14,242643.29,-27730.15,65.83333333,Domestic,2023-10
993,BLR-SIN,BLR,SIN,15-02-2023,81,Airbus A320,150,98,2551522.46,2394095.57,157426.89,65.33333333,International,2023-02
994,DEL-MAA,DEL,MAA,03-03-2023,365,Airbus A380,250,210,852402.53,931028.62,-78626.09,84,Domestic,2023-03
995,DEL-CDG,DEL,CDG,09-03-2023,427,Boeing 737,180,129,3527420.57,3814015.81,-286595.24,71.66666667,International,2023-03
996,CCU-KUL,CCU,KUL,18-05-2023,636,ATR 72,250,124,3265917.61,2517831.81,748085.8,49.6,International,2023-05
997,BOM-GOI,BOM,GOI,11-08-2023,705,Airbus A380,120,56,168847.88,139825.45,29022.43,46.66666667,Domestic,2023-08
998,HYD-BOM,HYD,BOM,28-11-2023,762,Airbus A320,250,182,648831.04,389546.52,259284.52,72.8,Domestic,2023-11
999,DEL-FRA,DEL,FRA,12-08-2023,141,Airbus A380,180,95,2082100.39,2273116.8,-191016.41,52.77777778,International,2023-08
1000,HYD-BOM,HYD,BOM,25-09-2023,497,Boeing 777,350,166,421267.92,243095.58,178172.34,47.42857143,Domestic,2023-09
1001,BLR-HYD,BLR,HYD,19-09-2023,495,Airbus A380,120,83,306814.31,318379.63,-11565.32,69.16666667,Domestic,2023-09
1002,DEL-LHR,DEL,LHR,11-05-2023,659,Boeing 737,350,160,4977238.8,4119796.76,857442.04,45.71428571,International,2023-05
1003,BOM-GOI,BOM,GOI,21-07-2023,106,Boeing 737,250,228,669354.54,603975.36,65379.18,91.2,Domestic,2023-07
1004,DEL-FRA,DEL,FRA,10-12-2023,520,ATR 72,180,113,3816199.72,3953596.67,-137396.95,62.77777778,International,2023-12
1005,CCU-DEL,CCU,DEL,05-04-2023,140,ATR 72,180,164,424988.81,370006.14,54982.67,91.11111111,Domestic,2023-04
1006,BOM-DEL,BOM,DEL,22-07-2023,179,Boeing 737,150,119,384166.92,304665.48,79501.44,79.33333333,Domestic,2023-07
1007,DEL-CDG,DEL,CDG,07-09-2023,370,ATR 72,350,224,6743978.56,6502382.36,241596.2,64,International,2023-09
1008,BLR-SIN,BLR,SIN,04-06-2023,149,Airbus A320,150,68,1474150.75,824833.26,649317.49,45.33333333,International,2023-06
1009,CCU-DEL,CCU,DEL,14-01-2023,274,Airbus A380,150,119,378945.89,350765.76,28180.13,79.33333333,Domestic,2023-01
1010,MAA-CMB,MAA,CMB,08-04-2023,148,Boeing 777,250,132,3475320.86,2154265.53,1321055.33,52.8,International,2023-04
1011,DEL-MAA,DEL,MAA,26-12-2023,515,Airbus A380,250,115,369049.87,256702.89,112346.98,46,Domestic,2023-12
1012,DEL-AMD,DEL,AMD,19-10-2023,461,Boeing 737,180,81,286313.76,279973.54,6340.22,45,Domestic,2023-10
1013,BOM-BKK,BOM,BKK,11-09-2023,814,ATR 72,350,293,10250720.89,5865568.37,4385152.52,83.71428571,International,2023-09
1014,BLR-SIN,BLR,SIN,06-09-2023,585,ATR 72,350,330,11080112.05,11862152.09,-782040.04,94.28571429,International,2023-09
1015,HYD-BOM,HYD,BOM,01-02-2023,600,Boeing 737,250,188,638421.72,453732.27,184689.45,75.2,Domestic,2023-02
1016,BOM-BKK,BOM,BKK,31-08-2023,179,Airbus A380,350,331,8341683.82,8078993.05,262690.77,94.57142857,International,2023-08
1017,BOM-DEL,BOM,DEL,24-03-2023,354,Airbus A320,250,158,445210.13,303553.8,141656.33,63.2,Domestic,2023-03
1018,BOM-DXB,BOM,DXB,05-11-2023,792,Airbus A380,150,137,4225754.73,3313932.95,911821.78,91.33333333,International,2023-11
1019,BOM-BKK,BOM,BKK,11-12-2023,728,Boeing 777,250,218,7121617.3,6574003.58,547613.72,87.2,International,2023-12
1020,DEL-AMD,DEL,AMD,20-12-2023,827,Boeing 737,250,129,355920.24,325115.13,30805.11,51.6,Domestic,2023-12
1021,BLR-HYD,BLR,HYD,01-08-2023,565,Boeing 777,150,84,208713.86,117063.09,91650.77,56,Domestic,2023-08
1022,MAA-BLR,MAA,BLR,02-07-2023,753,Airbus A320,150,133,533333.12,303563.61,229769.51,88.66666667,Domestic,2023-07
1023,BOM-CCU,BOM,CCU,22-06-2023,500,Boeing 737,350,199,678901.75,571512.51,107389.24,56.85714286,Domestic,2023-06
1024,BOM-DXB,BOM,DXB,01-07-2023,847,Boeing 737,350,207,4609408.85,4443845.1,165563.75,59.14285714,International,2023-07
1025,HYD-DXB,HYD,DXB,06-11-2023,745,Boeing 737,120,112,2975548.87,2452689.54,522859.33,93.33333333,International,2023-11
1026,BLR-HYD,BLR,HYD,24-02-2023,860,ATR 72,350,302,1239797.67,1294554.74,-54757.07,86.28571429,Domestic,2023-02
1027,DEL-BLR,DEL,BLR,17-09-2023,167,Airbus A320,120,109,440335.41,283672.67,156662.74,90.83333333,Domestic,2023-09
1028,DEL-AMD,DEL,AMD,29-12-2023,512,ATR 72,250,209,538954.49,505677.17,33277.32,83.6,Domestic,2023-12
1029,BOM-DXB,BOM,DXB,12-03-2023,185,Airbus A320,250,240,7569189.48,4192971.77,3376217.71,96,International,2023-03
1030,CCU-KUL,CCU,KUL,24-06-2023,353,ATR 72,150,74,1893404.36,1898908.73,-5504.37,49.33333333,International,2023-06
1031,DEL-LHR,DEL,LHR,19-11-2023,740,Airbus A320,150,127,3548983.77,3628230.61,-79246.84,84.66666667,International,2023-11
1032,DEL-MAA,DEL,MAA,08-08-2023,483,Airbus A380,250,238,792320.93,760088.67,32232.26,95.2,Domestic,2023-08
1033,BOM-DEL,BOM,DEL,15-08-2023,209,Boeing 737,350,332,847463.46,626176.13,221287.33,94.85714286,Domestic,2023-08
1034,BOM-GOI,BOM,GOI,11-08-2023,122,Airbus A380,120,95,337690.64,368591.59,-30900.95,79.16666667,Domestic,2023-08
1035,DEL-BLR,DEL,BLR,20-11-2023,790,ATR 72,180,121,483323.5,469053,14270.5,67.22222222,Domestic,2023-11
1036,DEL-AMD,DEL,AMD,10-06-2023,412,Boeing 737,180,166,580787.84,370610.64,210177.2,92.22222222,Domestic,2023-06
1037,BLR-SIN,BLR,SIN,17-08-2023,719,Airbus A320,350,273,7991477.66,6515342.18,1476135.48,78,International,2023-08
1038,DEL-LHR,DEL,LHR,29-11-2023,474,Airbus A320,180,89,2497473.71,1958009.71,539464,49.44444444,International,2023-11
1039,DEL-MAA,DEL,MAA,24-09-2023,613,Boeing 777,150,74,251097.88,216647.63,34450.25,49.33333333,Domestic,2023-09
1040,BOM-GOI,BOM,GOI,12-01-2023,88,ATR 72,350,205,799092.5,585227.58,213864.92,58.57142857,Domestic,2023-01
1041,BOM-BKK,BOM,BKK,16-09-2023,173,Boeing 737,180,105,2899311.52,1810004.84,1089306.68,58.33333333,International,2023-09
1042,BLR-HYD,BLR,HYD,18-08-2023,365,ATR 72,120,82,341883.5,353245.16,-11361.66,68.33333333,Domestic,2023-08
1043,BOM-NRT,BOM,NRT,17-10-2023,791,ATR 72,350,200,4897604.83,4653476,244128.83,57.14285714,International,2023-10
1044,BOM-NRT,BOM,NRT,11-12-2023,203,Airbus A380,350,294,6344050.72,5455065.84,888984.88,84,International,2023-12
1045,CCU-DEL,CCU,DEL,04-07-2023,525,Boeing 737,150,124,482507.28,289103.07,193404.21,82.66666667,Domestic,2023-07
1046,DEL-BLR,DEL,BLR,06-08-2023,193,Airbus A380,150,102,312602.42,270636.6,41965.82,68,Domestic,2023-08
1047,BOM-NRT,BOM,NRT,14-10-2023,591,Airbus A380,180,136,4018380.74,4612727.64,-594346.9,75.55555556,International,2023-10
1048,CCU-KUL,CCU,KUL,02-08-2023,226,Airbus A320,350,181,5550773.79,3483838.33,2066935.46,51.71428571,International,2023-08
1049,HYD-DXB,HYD,DXB,28-09-2023,180,Airbus A320,250,175,5459552.8,6095272.61,-635719.81,70,International,2023-09
1050,DEL-LHR,DEL,LHR,02-03-2023,676,Airbus A380,120,61,1743164.75,1000871.66,742293.09,50.83333333,International,2023-03
1051,DEL-MAA,DEL,MAA,02-03-2023,440,Boeing 777,180,109,356938.59,365762.9,-8824.31,60.55555556,Domestic,2023-03
1052,DEL-MAA,DEL,MAA,29-10-2023,491,Boeing 737,180,165,460027.69,479107.36,-19079.67,91.66666667,Domestic,2023-10
1053,CCU-KUL,CCU,KUL,02-01-2023,185,ATR 72,180,87,1798310.63,1508253.66,290056.97,48.33333333,International,2023-01
1054,DEL-AMD,DEL,AMD,17-10-2023,523,Boeing 777,250,175,646810.55,590813.46,55997.09,70,Domestic,2023-10
1055,DEL-MAA,DEL,MAA,16-09-2023,711,Airbus A380,250,200,533633.73,526546.27,7087.46,80,Domestic,2023-09
1056,BOM-CCU,BOM,CCU,16-11-2023,740,ATR 72,250,163,655331.71,493726.08,161605.63,65.2,Domestic,2023-11
1057,DEL-BLR,DEL,BLR,10-12-2023,513,Boeing 777,120,109,400354.33,357595.24,42759.09,90.83333333,Domestic,2023-12
1058,DEL-AMD,DEL,AMD,15-10-2023,720,Boeing 737,350,173,712639.42,623631.18,89008.24,49.42857143,Domestic,2023-10
1059,DEL-BLR,DEL,BLR,19-10-2023,594,Airbus A320,250,179,435613.56,411634.19,23979.37,71.6,Domestic,2023-10
1060,MAA-CMB,MAA,CMB,03-04-2023,79,Boeing 777,150,87,2660831.1,2880598.45,-219767.35,58,International,2023-04
1061,DEL-FRA,DEL,FRA,13-02-2023,886,ATR 72,350,216,6228013.41,5261947.79,966065.62,61.71428571,International,2023-02
1062,BOM-DEL,BOM,DEL,24-06-2023,507,Airbus A320,250,115,385275.66,300209.33,85066.33,46,Domestic,2023-06
1063,BOM-CCU,BOM,CCU,28-02-2023,161,ATR 72,150,90,245592.37,248289.67,-2697.3,60,Domestic,2023-02
1064,DEL-MAA,DEL,MAA,07-06-2023,477,Airbus A320,120,93,277653.66,157236.02,120417.64,77.5,Domestic,2023-06
1065,DEL-BLR,DEL,BLR,02-06-2023,459,Boeing 737,180,94,376697.46,265481.52,111215.94,52.22222222,Domestic,2023-06
1066,BLR-HYD,BLR,HYD,27-01-2023,267,Airbus A320,350,266,874438.56,875692.49,-1253.93,76,Domestic,2023-01
1067,BLR-SIN,BLR,SIN,28-02-2023,335,Boeing 737,180,125,3263268.37,2742786.55,520481.82,69.44444444,International,2023-02
1068,BOM-BKK,BOM,BKK,21-11-2023,299,Boeing 737,180,133,3829414.53,2339410.97,1490003.56,73.88888889,International,2023-11
1069,MAA-CMB,MAA,CMB,30-11-2023,864,Airbus A320,180,135,3603114.07,3811254.12,-208140.05,75,International,2023-11
1070,HYD-DXB,HYD,DXB,15-04-2023,861,Airbus A320,180,132,2973012.9,2072478.05,900534.85,73.33333333,International,2023-04
1071,BOM-BKK,BOM,BKK,12-10-2023,522,Boeing 737,120,105,3613755.25,3333464.99,280290.26,87.5,International,2023-10
1072,BOM-GOI,BOM,GOI,01-01-2023,121,Airbus A380,180,138,539728.75,419958.68,119770.07,76.66666667,Domestic,2023-01
1073,DEL-LHR,DEL,LHR,20-11-2023,277,ATR 72,350,209,4686040.12,4078980.36,607059.76,59.71428571,International,2023-11
1074,BOM-CCU,BOM,CCU,03-06-2023,151,Airbus A380,120,106,392744.08,451377.92,-58633.84,88.33333333,Domestic,2023-06
1075,BOM-BKK,BOM,BKK,18-04-2023,685,ATR 72,180,165,5639885.95,5251308.68,388577.27,91.66666667,International,2023-04
1076,DEL-FRA,DEL,FRA,20-05-2023,311,Boeing 777,180,101,3472873.91,2594495.01,878378.9,56.11111111,International,2023-05
1077,DEL-MAA,DEL,MAA,27-11-2023,62,ATR 72,250,113,273148.29,178672.2,94476.09,45.2,Domestic,2023-11
1078,MAA-CMB,MAA,CMB,23-12-2023,780,Airbus A380,250,183,5821152.87,5468730.76,352422.11,73.2,International,2023-12
1079,BOM-CCU,BOM,CCU,03-10-2023,91,Airbus A380,120,76,293588.47,307234.49,-13646.02,63.33333333,Domestic,2023-10
1080,DEL-LHR,DEL,LHR,18-07-2023,241,Boeing 737,120,83,2825628.57,2307822.51,517806.06,69.16666667,International,2023-07
1081,HYD-BOM,HYD,BOM,11-01-2023,836,Boeing 777,180,99,383061.24,354386.02,28675.22,55,Domestic,2023-01
1082,HYD-BOM,HYD,BOM,30-04-2023,565,Boeing 777,120,71,285996.07,278611.88,7384.19,59.16666667,Domestic,2023-04
1083,CCU-DEL,CCU,DEL,04-01-2023,260,Airbus A380,120,109,373257.86,315927.99,57329.87,90.83333333,Domestic,2023-01
1084,MAA-CMB,MAA,CMB,10-04-2023,735,ATR 72,350,262,5496867.26,3446249.04,2050618.22,74.85714286,International,2023-04
1085,BOM-CCU,BOM,CCU,07-03-2023,325,ATR 72,150,137,508546.46,363405.66,145140.8,91.33333333,Domestic,2023-03
1086,BOM-DEL,BOM,DEL,21-12-2023,754,ATR 72,350,204,695274.59,571763,123511.59,58.28571429,Domestic,2023-12
1087,BOM-BKK,BOM,BKK,25-11-2023,749,Boeing 737,180,122,4261044.85,3044181.45,1216863.4,67.77777778,International,2023-11
1088,HYD-DXB,HYD,DXB,27-08-2023,567,Boeing 777,350,298,9910596.91,6786072.35,3124524.56,85.14285714,International,2023-08
1089,MAA-BLR,MAA,BLR,04-08-2023,605,Airbus A380,180,81,222773.87,133460.56,89313.31,45,Domestic,2023-08
1090,BOM-NRT,BOM,NRT,13-01-2023,815,Airbus A320,250,239,8067427.87,5390059.04,2677368.83,95.6,International,2023-01
1091,BOM-DXB,BOM,DXB,09-06-2023,124,Boeing 737,120,84,2698154.43,2443228.65,254925.78,70,International,2023-06
1092,BOM-DXB,BOM,DXB,09-05-2023,313,Boeing 737,250,144,3616132.25,2106974.59,1509157.66,57.6,International,2023-05
1093,BOM-DXB,BOM,DXB,24-09-2023,873,Airbus A320,120,103,3017230.33,3042753.51,-25523.18,85.83333333,International,2023-09
1094,DEL-FRA,DEL,FRA,24-10-2023,187,Boeing 737,120,112,2874023.82,3115586.22,-241562.4,93.33333333,International,2023-10
1095,BOM-CCU,BOM,CCU,07-03-2023,123,Airbus A380,120,73,257480.74,151778.24,105702.5,60.83333333,Domestic,2023-03
1096,DEL-BLR,DEL,BLR,14-10-2023,113,Boeing 777,250,165,579338.69,461538.74,117799.95,66,Domestic,2023-10
1097,DEL-CDG,DEL,CDG,04-12-2023,698,Boeing 737,250,163,5204177.64,5609910.42,-405732.78,65.2,International,2023-12
1098,DEL-CDG,DEL,CDG,21-02-2023,407,Boeing 737,250,181,5215913.26,3206764.1,2009149.16,72.4,International,2023-02
1099,BOM-DEL,BOM,DEL,01-11-2023,790,Boeing 737,350,303,832797.37,744460.29,88337.08,86.57142857,Domestic,2023-11
1100,HYD-DXB,HYD,DXB,12-05-2023,423,Airbus A380,250,208,5547227.86,3860268.64,1686959.22,83.2,International,2023-05
1101,DEL-BLR,DEL,BLR,31-01-2023,190,Boeing 777,350,238,982353.19,984931.06,-2577.87,68,Domestic,2023-01
1102,DEL-AMD,DEL,AMD,26-10-2023,614,Airbus A320,150,104,362543.28,262712.77,99830.51,69.33333333,Domestic,2023-10
1103,BOM-DEL,BOM,DEL,23-09-2023,660,Airbus A320,120,69,267342.63,236777.33,30565.3,57.5,Domestic,2023-09
1104,DEL-BLR,DEL,BLR,05-08-2023,412,Airbus A320,150,118,325947.89,192648.98,133298.91,78.66666667,Domestic,2023-08
1105,CCU-DEL,CCU,DEL,08-12-2023,547,Airbus A380,350,285,1121080.45,997378.35,123702.1,81.42857143,Domestic,2023-12
1106,BOM-DXB,BOM,DXB,12-11-2023,366,Airbus A380,180,96,2574195.02,2634726.78,-60531.76,53.33333333,International,2023-11
1107,DEL-BLR,DEL,BLR,11-09-2023,284,Boeing 737,150,122,395251.47,267934.29,127317.18,81.33333333,Domestic,2023-09
1108,CCU-KUL,CCU,KUL,19-06-2023,886,Airbus A380,150,99,3206735.22,1776644.3,1430090.92,66,International,2023-06
1109,BOM-DEL,BOM,DEL,07-02-2023,426,Boeing 737,350,178,520300.62,346854.28,173446.34,50.85714286,Domestic,2023-02
1110,BOM-NRT,BOM,NRT,04-07-2023,104,Boeing 737,150,83,1876812.53,2029264.77,-152452.24,55.33333333,International,2023-07
1111,BOM-GOI,BOM,GOI,23-06-2023,627,Airbus A320,150,83,225505.97,159449.22,66056.75,55.33333333,Domestic,2023-06
1112,BLR-HYD,BLR,HYD,11-01-2023,753,Airbus A320,250,199,794611.13,598365.99,196245.14,79.6,Domestic,2023-01
1113,CCU-DEL,CCU,DEL,06-06-2023,527,Airbus A320,180,158,567162.44,632214.3,-65051.86,87.77777778,Domestic,2023-06
1114,DEL-CDG,DEL,CDG,11-08-2023,788,Boeing 737,120,63,2133326.92,2190796.34,-57469.42,52.5,International,2023-08
1115,CCU-DEL,CCU,DEL,30-09-2023,447,Boeing 777,180,138,573882.21,399840.83,174041.38,76.66666667,Domestic,2023-09
1116,DEL-BLR,DEL,BLR,12-11-2023,661,Airbus A320,350,212,565493.14,394885.55,170607.59,60.57142857,Domestic,2023-11
1117,MAA-BLR,MAA,BLR,06-03-2023,580,ATR 72,250,140,356514.74,296763,59751.74,56,Domestic,2023-03
1118,DEL-CDG,DEL,CDG,03-02-2023,231,ATR 72,250,212,6291327.57,5382199.97,909127.6,84.8,International,2023-02
1119,CCU-KUL,CCU,KUL,23-09-2023,535,Airbus A320,180,148,4126555.99,3466217.21,660338.78,82.22222222,International,2023-09
1120,CCU-KUL,CCU,KUL,31-08-2023,334,ATR 72,250,197,6276295.34,5898728.2,377567.14,78.8,International,2023-08
1121,CCU-DEL,CCU,DEL,23-04-2023,267,Airbus A380,150,98,289178.23,313245.19,-24066.96,65.33333333,Domestic,2023-04
1122,BOM-NRT,BOM,NRT,22-03-2023,443,Boeing 777,350,173,5410461.04,3933561.05,1476899.99,49.42857143,International,2023-03
1123,HYD-DXB,HYD,DXB,30-06-2023,295,ATR 72,120,83,2433301.65,1960417.23,472884.42,69.16666667,International,2023-06
1124,DEL-FRA,DEL,FRA,10-08-2023,478,Boeing 777,250,154,3963276.84,2606803.48,1356473.36,61.6,International,2023-08
1125,HYD-BOM,HYD,BOM,16-05-2023,720,Boeing 737,180,167,489332.06,416450.43,72881.63,92.77777778,Domestic,2023-05
1126,MAA-CMB,MAA,CMB,26-11-2023,140,Boeing 777,150,75,1580267.26,905443.88,674823.38,50,International,2023-11
1127,CCU-DEL,CCU,DEL,20-06-2023,261,Boeing 777,180,109,421613.81,404801.37,16812.44,60.55555556,Domestic,2023-06
1128,MAA-BLR,MAA,BLR,08-04-2023,782,ATR 72,150,146,548126.35,544778.73,3347.62,97.33333333,Domestic,2023-04
1129,MAA-BLR,MAA,BLR,05-01-2023,848,Boeing 777,180,159,605731.31,479912.85,125818.46,88.33333333,Domestic,2023-01
1130,BLR-SIN,BLR,SIN,24-10-2023,835,Boeing 737,250,199,6932984.76,7771136.25,-838151.49,79.6,International,2023-10
1131,BLR-SIN,BLR,SIN,27-04-2023,292,Airbus A320,250,143,4119122.81,3631291.6,487831.21,57.2,International,2023-04
1132,DEL-FRA,DEL,FRA,25-08-2023,408,Boeing 737,180,161,4255535.03,4745593.37,-490058.34,89.44444444,International,2023-08
1133,BOM-BKK,BOM,BKK,18-04-2023,509,Airbus A380,350,163,3599733.3,3867013.95,-267280.65,46.57142857,International,2023-04
1134,DEL-AMD,DEL,AMD,05-01-2023,571,Boeing 777,180,102,322962.07,323470.96,-508.89,56.66666667,Domestic,2023-01
1135,MAA-CMB,MAA,CMB,03-06-2023,393,ATR 72,120,90,1843482.14,1167810.62,675671.52,75,International,2023-06
1136,BOM-DXB,BOM,DXB,18-10-2023,704,ATR 72,350,263,6802044.83,5297372.23,1504672.6,75.14285714,International,2023-10
1137,BLR-SIN,BLR,SIN,02-02-2023,607,Airbus A380,150,105,2617925.15,2950828.07,-332902.92,70,International,2023-02
1138,DEL-AMD,DEL,AMD,17-02-2023,235,Boeing 737,350,190,738654.39,673666.36,64988.03,54.28571429,Domestic,2023-02
1139,BOM-DEL,BOM,DEL,06-04-2023,263,Boeing 737,250,150,422920.65,399973.79,22946.86,60,Domestic,2023-04
1140,BOM-CCU,BOM,CCU,21-08-2023,118,Boeing 777,350,159,475122.17,520680.43,-45558.26,45.42857143,Domestic,2023-08
1141,BLR-SIN,BLR,SIN,22-03-2023,173,Airbus A320,350,235,7319578.21,5734126.38,1585451.83,67.14285714,International,2023-03
1142,CCU-DEL,CCU,DEL,08-03-2023,270,Boeing 777,250,220,791257.89,510573.99,280683.9,88,Domestic,2023-03
1143,BOM-NRT,BOM,NRT,08-06-2023,661,Airbus A320,350,290,7796460.5,5231593.69,2564866.81,82.85714286,International,2023-06
1144,DEL-MAA,DEL,MAA,17-08-2023,125,Airbus A380,350,307,1027388.3,1126204.07,-98815.77,87.71428571,Domestic,2023-08
1145,CCU-KUL,CCU,KUL,24-08-2023,533,ATR 72,120,100,2431867.68,2623003.83,-191136.15,83.33333333,International,2023-08
1146,DEL-FRA,DEL,FRA,27-06-2023,777,Boeing 777,250,193,6204905.89,4064683.52,2140222.37,77.2,International,2023-06
1147,HYD-BOM,HYD,BOM,02-04-2023,692,Airbus A380,250,163,584574.08,566518.47,18055.61,65.2,Domestic,2023-04
1148,BLR-HYD,BLR,HYD,21-07-2023,775,Boeing 737,150,137,367746.09,396994.22,-29248.13,91.33333333,Domestic,2023-07
1149,MAA-CMB,MAA,CMB,30-05-2023,742,Boeing 737,150,139,3637514.96,3663401.26,-25886.3,92.66666667,International,2023-05
1150,BLR-HYD,BLR,HYD,08-07-2023,138,Boeing 737,350,299,893060.27,732810.96,160249.31,85.42857143,Domestic,2023-07
1151,MAA-BLR,MAA,BLR,17-04-2023,578,Boeing 737,250,116,411795.35,393418.26,18377.09,46.4,Domestic,2023-04
1152,DEL-FRA,DEL,FRA,15-07-2023,411,Airbus A380,150,99,1995944.98,1235109.97,760835.01,66,International,2023-07
1153,DEL-MAA,DEL,MAA,17-06-2023,746,Airbus A380,250,173,440905.64,416309.09,24596.55,69.2,Domestic,2023-06
1154,DEL-FRA,DEL,FRA,13-03-2023,542,Boeing 777,150,81,1641950.35,1002097.2,639853.15,54,International,2023-03
1155,DEL-AMD,DEL,AMD,05-03-2023,607,Airbus A380,150,73,275535.6,263530.48,12005.12,48.66666667,Domestic,2023-03
1156,DEL-MAA,DEL,MAA,14-08-2023,426,Airbus A320,150,124,496847.9,431949.27,64898.63,82.66666667,Domestic,2023-08
1157,DEL-FRA,DEL,FRA,23-12-2023,108,ATR 72,120,78,1920739.37,1116812.28,803927.09,65,International,2023-12
1158,BOM-DEL,BOM,DEL,25-01-2023,850,Airbus A380,150,141,433484.83,300458.82,133026.01,94,Domestic,2023-01
1159,BOM-CCU,BOM,CCU,09-01-2023,491,Boeing 737,120,75,205940.5,195925.55,10014.95,62.5,Domestic,2023-01
1160,HYD-BOM,HYD,BOM,19-02-2023,876,Airbus A320,150,70,232575.01,241732.56,-9157.55,46.66666667,Domestic,2023-02
1161,BOM-DXB,BOM,DXB,15-10-2023,701,Airbus A320,350,195,5484480.26,6106167.69,-621687.43,55.71428571,International,2023-10
1162,BLR-HYD,BLR,HYD,29-04-2023,278,Boeing 737,180,111,269395.92,253877.54,15518.38,61.66666667,Domestic,2023-04
1163,BOM-DEL,BOM,DEL,19-07-2023,277,Airbus A380,150,72,278435,261719.71,16715.29,48,Domestic,2023-07
1164,DEL-LHR,DEL,LHR,23-01-2023,128,Airbus A320,250,152,4405421.54,5021570.39,-616148.85,60.8,International,2023-01
1165,BLR-HYD,BLR,HYD,31-12-2023,609,ATR 72,150,87,223637,166522.92,57114.08,58,Domestic,2023-12
1166,BLR-SIN,BLR,SIN,14-12-2023,849,Airbus A320,180,97,3048297.19,2934214.85,114082.34,53.88888889,International,2023-12
1167,CCU-KUL,CCU,KUL,04-02-2023,403,Boeing 737,350,326,8715177.55,7465557.79,1249619.76,93.14285714,International,2023-02
1168,HYD-BOM,HYD,BOM,15-09-2023,661,Boeing 737,150,69,259860.48,162265.64,97594.84,46,Domestic,2023-09
1169,HYD-BOM,HYD,BOM,08-08-2023,835,Airbus A320,350,172,455387.18,386731.14,68656.04,49.14285714,Domestic,2023-08
1170,CCU-DEL,CCU,DEL,19-03-2023,444,Airbus A320,120,69,255683.31,292279.47,-36596.16,57.5,Domestic,2023-03
1171,DEL-FRA,DEL,FRA,18-06-2023,197,Boeing 777,180,142,4459851.97,3846728.09,613123.88,78.88888889,International,2023-06
1172,BOM-BKK,BOM,BKK,28-11-2023,892,Boeing 777,120,68,2107530.59,1592528.2,515002.39,56.66666667,International,2023-11
1173,CCU-DEL,CCU,DEL,04-10-2023,115,Airbus A320,150,115,354967.59,263734.6,91232.99,76.66666667,Domestic,2023-10
1174,DEL-FRA,DEL,FRA,19-11-2023,66,Boeing 737,250,121,2769324.79,2577189.52,192135.27,48.4,International,2023-11
1175,DEL-MAA,DEL,MAA,15-04-2023,188,Boeing 737,150,114,444166.52,492619.59,-48453.07,76,Domestic,2023-04
1176,HYD-BOM,HYD,BOM,17-09-2023,140,Airbus A380,250,153,565948.96,394440.94,171508.02,61.2,Domestic,2023-09
1177,BOM-GOI,BOM,GOI,07-11-2023,314,Boeing 777,180,135,559157.37,375105.47,184051.9,75,Domestic,2023-11
1178,CCU-KUL,CCU,KUL,10-02-2023,428,Airbus A380,250,134,3567165.9,3043418.67,523747.23,53.6,International,2023-02
1179,BOM-BKK,BOM,BKK,21-03-2023,899,Airbus A380,120,102,2693917.85,1616188.3,1077729.55,85,International,2023-03
1180,DEL-AMD,DEL,AMD,01-11-2023,610,Airbus A320,350,292,836032.53,692394.4,143638.13,83.42857143,Domestic,2023-11
1181,DEL-FRA,DEL,FRA,26-05-2023,444,ATR 72,350,246,6149633.98,6019987.53,129646.45,70.28571429,International,2023-05
1182,CCU-DEL,CCU,DEL,21-03-2023,254,Boeing 737,120,108,401183.66,310738.68,90444.98,90,Domestic,2023-03
1183,BLR-SIN,BLR,SIN,01-08-2023,464,Boeing 777,250,177,5241984.36,4733435.36,508549,70.8,International,2023-08
1184,BOM-BKK,BOM,BKK,20-01-2023,187,Airbus A380,350,187,5880077.15,6610724.52,-730647.37,53.42857143,International,2023-01
1185,DEL-LHR,DEL,LHR,18-09-2023,786,Airbus A380,180,147,4375248.47,4838636.52,-463388.05,81.66666667,International,2023-09
1186,HYD-BOM,HYD,BOM,05-05-2023,549,Boeing 737,180,141,510076.82,494000.65,16076.17,78.33333333,Domestic,2023-05
1187,DEL-MAA,DEL,MAA,14-05-2023,679,Airbus A380,150,87,303096.58,339791.56,-36694.98,58,Domestic,2023-05
1188,BOM-GOI,BOM,GOI,07-01-2023,179,Boeing 737,250,165,570089.65,621738.28,-51648.63,66,Domestic,2023-01
1189,HYD-DXB,HYD,DXB,07-04-2023,493,Airbus A320,250,146,3581860.85,4049687.91,-467827.06,58.4,International,2023-04
1190,BLR-SIN,BLR,SIN,28-10-2023,375,Airbus A380,120,60,1715350.53,1764272.96,-48922.43,50,International,2023-10
1191,DEL-MAA,DEL,MAA,18-05-2023,826,Airbus A320,250,205,494369.09,321853.66,172515.43,82,Domestic,2023-05
1192,CCU-KUL,CCU,KUL,01-01-2023,159,Boeing 737,250,182,5426842.85,5371626.58,55216.27,72.8,International,2023-01
1193,BOM-GOI,BOM,GOI,01-04-2023,443,Airbus A320,150,83,226388.46,253349.06,-26960.6,55.33333333,Domestic,2023-04
1194,DEL-FRA,DEL,FRA,18-10-2023,893,Airbus A320,150,83,2593645.09,2685738.1,-92093.01,55.33333333,International,2023-10
1195,CCU-DEL,CCU,DEL,13-05-2023,478,Airbus A380,350,177,627567.76,375213.9,252353.86,50.57142857,Domestic,2023-05
1196,BOM-CCU,BOM,CCU,13-07-2023,187,Boeing 777,120,75,259062.26,216767.31,42294.95,62.5,Domestic,2023-07
1197,BLR-HYD,BLR,HYD,05-01-2023,122,Boeing 777,120,96,366775,210938.03,155836.97,80,Domestic,2023-01
1198,CCU-DEL,CCU,DEL,25-09-2023,870,Boeing 737,250,192,801871.55,807339.02,-5467.47,76.8,Domestic,2023-09
1199,CCU-KUL,CCU,KUL,31-08-2023,835,Boeing 777,350,237,6058141.11,6567578.18,-509437.07,67.71428571,International,2023-08
1200,BOM-DXB,BOM,DXB,03-05-2023,429,Airbus A380,250,193,6683508.15,7177061.56,-493553.41,77.2,International,2023-05
1201,BLR-HYD,BLR,HYD,02-01-2023,527,Airbus A380,150,69,180863.5,157057.81,23805.69,46,Domestic,2023-01
1202,HYD-BOM,HYD,BOM,08-07-2023,522,ATR 72,250,180,645914,356465.38,289448.62,72,Domestic,2023-07
1203,BOM-DXB,BOM,DXB,09-01-2023,708,Boeing 777,120,115,3569277.48,3414933.54,154343.94,95.83333333,International,2023-01
1204,HYD-BOM,HYD,BOM,07-11-2023,556,Airbus A380,350,304,920208.34,1024606.76,-104398.42,86.85714286,Domestic,2023-11
1205,CCU-KUL,CCU,KUL,04-12-2023,776,Boeing 737,250,151,3461849.3,2201379.12,1260470.18,60.4,International,2023-12
1206,HYD-DXB,HYD,DXB,20-10-2023,863,ATR 72,120,62,1981043.31,1447764.25,533279.06,51.66666667,International,2023-10
1207,MAA-CMB,MAA,CMB,28-08-2023,232,Airbus A380,120,84,2361241.56,1643456.24,717785.32,70,International,2023-08
1208,BOM-GOI,BOM,GOI,04-12-2023,776,Boeing 737,120,81,298758.56,193040.2,105718.36,67.5,Domestic,2023-12
1209,BOM-DXB,BOM,DXB,16-07-2023,844,Boeing 777,150,124,3718634.79,4168226.39,-449591.6,82.66666667,International,2023-07
1210,BLR-HYD,BLR,HYD,07-12-2023,199,ATR 72,250,124,452006.31,485077.06,-33070.75,49.6,Domestic,2023-12
1211,BOM-NRT,BOM,NRT,04-11-2023,126,Boeing 777,250,233,7256672.53,7147944.73,108727.8,93.2,International,2023-11
1212,MAA-CMB,MAA,CMB,12-08-2023,887,Airbus A320,150,88,2144088.98,1322537.36,821551.62,58.66666667,International,2023-08
1213,BOM-DXB,BOM,DXB,31-10-2023,252,Boeing 737,350,225,7379989.79,8283604.38,-903614.59,64.28571429,International,2023-10
1214,BOM-NRT,BOM,NRT,01-01-2023,378,Boeing 737,350,256,8372935.41,9527644.41,-1154709,73.14285714,International,2023-01
1215,BOM-DXB,BOM,DXB,06-07-2023,876,Airbus A320,350,280,8081259.13,4961501.6,3119757.53,80,International,2023-07
1216,BOM-DEL,BOM,DEL,03-10-2023,531,Boeing 777,150,132,387325.28,263901.19,123424.09,88,Domestic,2023-10
1217,DEL-FRA,DEL,FRA,17-03-2023,675,Boeing 777,150,126,4124850.92,4317278.41,-192427.49,84,International,2023-03
1218,DEL-BLR,DEL,BLR,03-11-2023,387,Boeing 777,350,341,894182.21,1026618.79,-132436.58,97.42857143,Domestic,2023-11
1219,BOM-NRT,BOM,NRT,02-09-2023,706,Airbus A320,250,151,5209112.77,3048828.87,2160283.9,60.4,International,2023-09
1220,BOM-DXB,BOM,DXB,20-03-2023,793,Airbus A320,150,123,2556984.83,2734079.39,-177094.56,82,International,2023-03
1221,BOM-GOI,BOM,GOI,07-09-2023,804,Airbus A380,180,174,624077.2,660966.99,-36889.79,96.66666667,Domestic,2023-09
1222,BOM-DEL,BOM,DEL,08-10-2023,461,Boeing 777,250,202,844878.28,848788.81,-3910.53,80.8,Domestic,2023-10
1223,BLR-SIN,BLR,SIN,06-02-2023,600,Boeing 777,180,147,3370178.25,3585031.6,-214853.35,81.66666667,International,2023-02
1224,BLR-SIN,BLR,SIN,19-02-2023,194,Boeing 777,350,318,6618168.16,7351098.9,-732930.74,90.85714286,International,2023-02
1225,DEL-AMD,DEL,AMD,23-08-2023,730,Airbus A320,350,183,668447.75,484389.95,184057.8,52.28571429,Domestic,2023-08
1226,DEL-MAA,DEL,MAA,18-04-2023,283,Airbus A320,120,77,303461.18,185465.98,117995.2,64.16666667,Domestic,2023-04
1227,DEL-MAA,DEL,MAA,12-07-2023,497,Airbus A320,120,60,249209.15,163924.73,85284.42,50,Domestic,2023-07
1228,DEL-BLR,DEL,BLR,02-03-2023,587,Boeing 777,350,237,632179.25,621767.42,10411.83,67.71428571,Domestic,2023-03
1229,HYD-BOM,HYD,BOM,18-01-2023,181,Airbus A320,250,177,643991.74,723030.92,-79039.18,70.8,Domestic,2023-01
1230,BLR-SIN,BLR,SIN,21-12-2023,874,Boeing 737,250,227,6754308.74,4830206.27,1924102.47,90.8,International,2023-12
1231,DEL-FRA,DEL,FRA,08-07-2023,71,Boeing 737,120,59,1612958.32,1534367.45,78590.87,49.16666667,International,2023-07
1232,HYD-DXB,HYD,DXB,26-04-2023,83,ATR 72,350,340,9245441.67,8933274.06,312167.61,97.14285714,International,2023-04
1233,BLR-HYD,BLR,HYD,31-10-2023,245,Airbus A380,250,244,894242.08,651918.58,242323.5,97.6,Domestic,2023-10
1234,DEL-MAA,DEL,MAA,20-02-2023,393,Boeing 737,350,191,737864,414567.29,323296.71,54.57142857,Domestic,2023-02
1235,MAA-CMB,MAA,CMB,02-10-2023,862,ATR 72,250,120,3906859.09,3412208.03,494651.06,48,International,2023-10
1236,BLR-HYD,BLR,HYD,17-04-2023,734,Boeing 737,150,136,496588.85,274710.17,221878.68,90.66666667,Domestic,2023-04
1237,DEL-FRA,DEL,FRA,10-06-2023,185,Boeing 737,150,113,3366225.65,2028799.15,1337426.5,75.33333333,International,2023-06
1238,MAA-BLR,MAA,BLR,18-01-2023,146,Boeing 737,350,212,877530.98,572994.31,304536.67,60.57142857,Domestic,2023-01
1239,BOM-DEL,BOM,DEL,08-05-2023,367,Boeing 737,350,325,951637.14,828363.43,123273.71,92.85714286,Domestic,2023-05
1240,DEL-MAA,DEL,MAA,23-10-2023,562,Boeing 777,350,326,1367320.57,1249325.29,117995.28,93.14285714,Domestic,2023-10
1241,HYD-DXB,HYD,DXB,18-04-2023,764,Boeing 737,120,69,1574656.23,1149224.33,425431.9,57.5,International,2023-04
1242,CCU-DEL,CCU,DEL,10-03-2023,676,ATR 72,150,114,330521.6,326377.73,4143.87,76,Domestic,2023-03
1243,BOM-BKK,BOM,BKK,08-02-2023,623,Boeing 777,180,117,3925923.18,3101619.17,824304.01,65,International,2023-02
1244,BOM-CCU,BOM,CCU,11-05-2023,752,Airbus A380,150,110,277970.49,275080.97,2889.52,73.33333333,Domestic,2023-05
1245,CCU-DEL,CCU,DEL,10-07-2023,637,ATR 72,350,187,725339.72,536618.08,188721.64,53.42857143,Domestic,2023-07
1246,BOM-BKK,BOM,BKK,14-07-2023,86,ATR 72,150,73,1596460.24,983410.06,613050.18,48.66666667,International,2023-07
1247,MAA-CMB,MAA,CMB,28-07-2023,127,Boeing 777,120,77,1925212.54,1374508.96,550703.58,64.16666667,International,2023-07
1248,HYD-BOM,HYD,BOM,21-05-2023,70,Boeing 737,250,242,677601.46,759638.48,-82037.02,96.8,Domestic,2023-05
1249,BLR-HYD,BLR,HYD,31-03-2023,599,Boeing 777,350,309,1013925.87,879455.04,134470.83,88.28571429,Domestic,2023-03
1250,BOM-NRT,BOM,NRT,25-05-2023,624,Boeing 777,350,175,3625903.62,2686061.55,939842.07,50,International,2023-05
1251,BLR-SIN,BLR,SIN,03-04-2023,413,ATR 72,350,267,8742768.21,7309978.19,1432790.02,76.28571429,International,2023-04
1252,DEL-MAA,DEL,MAA,13-05-2023,69,ATR 72,150,119,316159.94,281551.96,34607.98,79.33333333,Domestic,2023-05
1253,MAA-BLR,MAA,BLR,28-01-2023,802,Boeing 777,150,121,381493.49,314606.98,66886.51,80.66666667,Domestic,2023-01
1254,DEL-FRA,DEL,FRA,01-07-2023,877,Airbus A380,350,210,7200741.42,6209608.31,991133.11,60,International,2023-07
1255,HYD-BOM,HYD,BOM,06-06-2023,710,Boeing 737,180,119,352588.25,212993.05,139595.2,66.11111111,Domestic,2023-06
1256,BOM-CCU,BOM,CCU,09-02-2023,807,Airbus A320,120,64,160213.81,159580.27,633.54,53.33333333,Domestic,2023-02
1257,MAA-CMB,MAA,CMB,10-09-2023,887,Boeing 737,250,202,6865297.5,4337886.48,2527411.02,80.8,International,2023-09
1258,CCU-KUL,CCU,KUL,21-09-2023,761,ATR 72,120,79,2310299.63,2533317.11,-223017.48,65.83333333,International,2023-09
1259,BOM-DEL,BOM,DEL,06-08-2023,779,ATR 72,180,104,387937.65,434692.3,-46754.65,57.77777778,Domestic,2023-08
1260,HYD-DXB,HYD,DXB,17-12-2023,683,Boeing 737,350,240,5406716.42,5991243.11,-584526.69,68.57142857,International,2023-12
1261,HYD-DXB,HYD,DXB,26-04-2023,239,Boeing 737,180,161,4460548.03,5002460.73,-541912.7,89.44444444,International,2023-04
1262,BOM-BKK,BOM,BKK,11-09-2023,448,Airbus A320,180,173,4337002.56,4152410.64,184591.92,96.11111111,International,2023-09
1263,MAA-CMB,MAA,CMB,02-03-2023,357,Boeing 777,250,151,3502594.36,3477429.74,25164.62,60.4,International,2023-03
1264,BOM-NRT,BOM,NRT,21-07-2023,282,Boeing 777,350,310,6364745.44,5268953.88,1095791.56,88.57142857,International,2023-07
1265,DEL-CDG,DEL,CDG,07-09-2023,118,Boeing 777,120,93,2318329.76,1767345.42,550984.34,77.5,International,2023-09
1266,BOM-DEL,BOM,DEL,29-06-2023,799,Airbus A320,250,159,410602.87,347052.91,63549.96,63.6,Domestic,2023-06
1267,BOM-CCU,BOM,CCU,28-09-2023,586,Airbus A320,250,128,419499.76,269897.02,149602.74,51.2,Domestic,2023-09
1268,MAA-BLR,MAA,BLR,26-04-2023,541,Airbus A380,180,109,345640.6,227884.04,117756.56,60.55555556,Domestic,2023-04
1269,MAA-BLR,MAA,BLR,25-02-2023,509,Airbus A380,150,78,292091.59,161668.64,130422.95,52,Domestic,2023-02
1270,CCU-DEL,CCU,DEL,26-02-2023,254,Boeing 777,120,62,195789.82,146593.34,49196.48,51.66666667,Domestic,2023-02
1271,DEL-BLR,DEL,BLR,24-03-2023,742,Airbus A320,250,239,996455.93,619073.54,377382.39,95.6,Domestic,2023-03
1272,CCU-KUL,CCU,KUL,09-10-2023,567,Airbus A320,180,152,4819169.49,3806785.42,1012384.07,84.44444444,International,2023-10
1273,BLR-SIN,BLR,SIN,09-03-2023,172,Boeing 737,120,62,1560032.11,870793.35,689238.76,51.66666667,International,2023-03
1274,HYD-BOM,HYD,BOM,27-01-2023,754,Boeing 777,250,241,898297.81,728157.61,170140.2,96.4,Domestic,2023-01
1275,DEL-AMD,DEL,AMD,25-05-2023,557,Boeing 737,250,145,387801.38,332246.47,55554.91,58,Domestic,2023-05
1276,HYD-BOM,HYD,BOM,24-05-2023,845,Boeing 737,180,175,497916.63,519011.19,-21094.56,97.22222222,Domestic,2023-05
1277,CCU-DEL,CCU,DEL,31-08-2023,783,Boeing 737,350,270,739693.13,786236.95,-46543.82,77.14285714,Domestic,2023-08
1278,DEL-MAA,DEL,MAA,28-04-2023,183,Airbus A320,250,117,489377.99,541966.06,-52588.07,46.8,Domestic,2023-04
1279,BOM-BKK,BOM,BKK,10-01-2023,691,Airbus A320,120,108,2776171.29,2401340.16,374831.13,90,International,2023-01
1280,HYD-BOM,HYD,BOM,24-04-2023,404,Airbus A380,250,120,380247.73,220921.38,159326.35,48,Domestic,2023-04
1281,BLR-HYD,BLR,HYD,18-05-2023,432,Boeing 777,180,148,420992.44,457645.62,-36653.18,82.22222222,Domestic,2023-05
1282,BOM-GOI,BOM,GOI,21-01-2023,60,Boeing 737,180,101,328220.17,359430.36,-31210.19,56.11111111,Domestic,2023-01
1283,BLR-HYD,BLR,HYD,09-08-2023,249,Boeing 777,250,160,471654.73,286828.49,184826.24,64,Domestic,2023-08
1284,BOM-DEL,BOM,DEL,16-12-2023,625,Airbus A320,180,115,443677.3,441795.76,1881.54,63.88888889,Domestic,2023-12
1285,BOM-NRT,BOM,NRT,28-09-2023,679,Boeing 777,150,119,2754909.44,2150012.91,604896.53,79.33333333,International,2023-09
1286,BLR-HYD,BLR,HYD,08-03-2023,704,ATR 72,120,56,232007.68,250666.86,-18659.18,46.66666667,Domestic,2023-03
1287,CCU-DEL,CCU,DEL,09-04-2023,781,Airbus A380,120,58,196262.85,148323.45,47939.4,48.33333333,Domestic,2023-04
1288,CCU-KUL,CCU,KUL,14-04-2023,606,Airbus A320,120,62,1628937.68,1591410.01,37527.67,51.66666667,International,2023-04
1289,MAA-CMB,MAA,CMB,27-06-2023,434,Airbus A380,120,111,2332734.65,1869459.37,463275.28,92.5,International,2023-06
1290,HYD-DXB,HYD,DXB,12-01-2023,230,ATR 72,180,147,3224299.99,1861282.42,1363017.57,81.66666667,International,2023-01
1291,BOM-NRT,BOM,NRT,01-02-2023,873,Airbus A320,250,178,4981694.51,4274755.28,706939.23,71.2,International,2023-02
1292,BOM-CCU,BOM,CCU,26-03-2023,508,ATR 72,250,187,580157.11,530455.65,49701.46,74.8,Domestic,2023-03
1293,CCU-DEL,CCU,DEL,05-04-2023,63,Airbus A320,350,197,719857.53,775641.46,-55783.93,56.28571429,Domestic,2023-04
1294,HYD-DXB,HYD,DXB,22-08-2023,575,ATR 72,180,109,2540249.9,2476623.81,63626.09,60.55555556,International,2023-08
1295,MAA-CMB,MAA,CMB,02-03-2023,235,Airbus A320,120,87,2120855.5,1980389.56,140465.94,72.5,International,2023-03
1296,MAA-BLR,MAA,BLR,10-03-2023,336,Boeing 737,150,146,405580.74,251342.81,154237.93,97.33333333,Domestic,2023-03
1297,DEL-LHR,DEL,LHR,20-11-2023,679,Boeing 777,180,88,2691209.47,2367093.77,324115.7,48.88888889,International,2023-11
1298,DEL-MAA,DEL,MAA,29-07-2023,686,Boeing 777,180,174,613649.2,341339.25,272309.95,96.66666667,Domestic,2023-07
1299,DEL-LHR,DEL,LHR,23-04-2023,808,Boeing 777,150,87,1760408.23,1662512.91,97895.32,58,International,2023-04
1300,BOM-NRT,BOM,NRT,24-02-2023,799,Airbus A380,180,164,4840391.63,4262093.98,578297.65,91.11111111,International,2023-02
1301,DEL-FRA,DEL,FRA,23-04-2023,392,Boeing 777,150,113,3629107.37,3635417,-6309.63,75.33333333,International,2023-04
1302,DEL-MAA,DEL,MAA,17-08-2023,297,Airbus A380,180,95,309910.18,262672.65,47237.53,52.77777778,Domestic,2023-08
1303,DEL-FRA,DEL,FRA,05-04-2023,895,Airbus A320,150,112,3824836.5,2517675.62,1307160.88,74.66666667,International,2023-04
1304,DEL-AMD,DEL,AMD,11-01-2023,377,Airbus A320,150,132,480118.36,318178.67,161939.69,88,Domestic,2023-01
1305,DEL-MAA,DEL,MAA,06-02-2023,496,Airbus A320,250,232,962032.97,586975.06,375057.91,92.8,Domestic,2023-02
1306,HYD-DXB,HYD,DXB,12-03-2023,804,Boeing 737,350,175,4507975.19,2777008.78,1730966.41,50,International,2023-03
1307,BOM-DEL,BOM,DEL,26-11-2023,104,Airbus A320,150,128,368868.05,410608.8,-41740.75,85.33333333,Domestic,2023-11
1308,DEL-CDG,DEL,CDG,07-01-2023,871,Boeing 737,120,88,2840097.08,3015138.31,-175041.23,73.33333333,International,2023-01
1309,BOM-CCU,BOM,CCU,14-04-2023,202,Airbus A380,350,323,1249311.31,917532.95,331778.36,92.28571429,Domestic,2023-04
1310,CCU-KUL,CCU,KUL,21-03-2023,309,Boeing 737,350,285,8382502.02,5229384.56,3153117.46,81.42857143,International,2023-03
1311,DEL-BLR,DEL,BLR,22-02-2023,617,Boeing 777,120,86,335887.63,213322.58,122565.05,71.66666667,Domestic,2023-02
1312,HYD-BOM,HYD,BOM,13-01-2023,292,Airbus A380,250,132,472514.63,323923.25,148591.38,52.8,Domestic,2023-01
1313,BLR-SIN,BLR,SIN,18-12-2023,792,Boeing 737,250,134,2901372.66,1772859.84,1128512.82,53.6,International,2023-12
1314,DEL-AMD,DEL,AMD,02-07-2023,138,ATR 72,180,92,373701.73,411790.97,-38089.24,51.11111111,Domestic,2023-07
1315,DEL-BLR,DEL,BLR,06-11-2023,214,Airbus A320,250,182,633232.72,606421.64,26811.08,72.8,Domestic,2023-11
1316,DEL-MAA,DEL,MAA,08-12-2023,763,Boeing 777,350,309,935372.12,572778.43,362593.69,88.28571429,Domestic,2023-12
1317,CCU-KUL,CCU,KUL,05-12-2023,437,Boeing 777,120,104,3424273.8,3892815.99,-468542.19,86.66666667,International,2023-12
1318,DEL-MAA,DEL,MAA,13-06-2023,211,Airbus A380,250,208,793308.46,664046.15,129262.31,83.2,Domestic,2023-06
1319,BOM-CCU,BOM,CCU,27-02-2023,651,Airbus A380,180,94,280260.64,175589.3,104671.34,52.22222222,Domestic,2023-02
1320,BLR-SIN,BLR,SIN,30-06-2023,386,Airbus A380,250,176,6088321,5546739.7,541581.3,70.4,International,2023-06
1321,BOM-DXB,BOM,DXB,12-03-2023,881,Airbus A320,250,167,4585241.25,3990363,594878.25,66.8,International,2023-03
1322,MAA-CMB,MAA,CMB,02-10-2023,295,Airbus A380,120,90,2369485.03,2124778.51,244706.52,75,International,2023-10
1323,HYD-BOM,HYD,BOM,26-12-2023,149,Airbus A320,180,81,339311.39,190113.73,149197.66,45,Domestic,2023-12
1324,MAA-CMB,MAA,CMB,31-08-2023,196,Boeing 737,120,111,2820829.46,2988943.77,-168114.31,92.5,International,2023-08
1325,DEL-MAA,DEL,MAA,31-05-2023,531,Airbus A320,350,337,1362597.84,947684.68,414913.16,96.28571429,Domestic,2023-05
1326,HYD-BOM,HYD,BOM,29-01-2023,824,Airbus A320,120,115,421720.31,327455.9,94264.41,95.83333333,Domestic,2023-01
1327,BOM-DEL,BOM,DEL,23-12-2023,494,Boeing 777,120,98,352108.63,209244.84,142863.79,81.66666667,Domestic,2023-12
1328,DEL-CDG,DEL,CDG,22-03-2023,90,Airbus A320,180,94,2225514.58,1240694.6,984819.98,52.22222222,International,2023-03
1329,BOM-BKK,BOM,BKK,18-03-2023,843,Airbus A320,250,211,6587759.05,6384449.97,203309.08,84.4,International,2023-03
1330,DEL-AMD,DEL,AMD,29-08-2023,481,Boeing 777,250,216,788712.04,569498.55,219213.49,86.4,Domestic,2023-08
1331,DEL-MAA,DEL,MAA,31-01-2023,717,Boeing 737,350,296,978555.8,544586.41,433969.39,84.57142857,Domestic,2023-01
1332,BOM-BKK,BOM,BKK,15-12-2023,525,ATR 72,180,168,4624718.54,4511929.47,112789.07,93.33333333,International,2023-12
1333,BOM-BKK,BOM,BKK,22-03-2023,338,Boeing 737,350,227,7778403.69,7746363.23,32040.46,64.85714286,International,2023-03
1334,BLR-SIN,BLR,SIN,13-11-2023,117,Airbus A320,250,136,4241831.3,3756466.42,485364.88,54.4,International,2023-11
1335,BOM-CCU,BOM,CCU,21-12-2023,539,Airbus A380,180,143,447472.71,348259.97,99212.74,79.44444444,Domestic,2023-12
1336,DEL-BLR,DEL,BLR,10-07-2023,722,Airbus A380,150,88,227736.97,174815.68,52921.29,58.66666667,Domestic,2023-07
1337,BOM-DXB,BOM,DXB,15-01-2023,305,Boeing 777,150,110,2307776.63,2096076.1,211700.53,73.33333333,International,2023-01
1338,DEL-AMD,DEL,AMD,07-04-2023,624,Airbus A320,120,69,176161.89,157149.38,19012.51,57.5,Domestic,2023-04
1339,DEL-BLR,DEL,BLR,16-10-2023,869,Airbus A380,120,57,146363.44,107600.97,38762.47,47.5,Domestic,2023-10
1340,DEL-LHR,DEL,LHR,25-05-2023,467,ATR 72,150,92,2379085,1816437.05,562647.95,61.33333333,International,2023-05
1341,DEL-MAA,DEL,MAA,26-12-2023,750,Boeing 737,180,119,444418.88,271362.94,173055.94,66.11111111,Domestic,2023-12
1342,DEL-MAA,DEL,MAA,13-01-2023,661,Airbus A380,250,190,747393.27,541166.26,206227.01,76,Domestic,2023-01
1343,DEL-MAA,DEL,MAA,16-12-2023,534,Boeing 737,120,114,321118.18,218163.94,102954.24,95,Domestic,2023-12
1344,DEL-MAA,DEL,MAA,24-03-2023,573,ATR 72,350,278,1132685.69,855006.86,277678.83,79.42857143,Domestic,2023-03
1345,DEL-MAA,DEL,MAA,23-06-2023,357,Boeing 777,350,316,1003496.74,1088199.85,-84703.11,90.28571429,Domestic,2023-06
1346,BLR-SIN,BLR,SIN,03-05-2023,273,ATR 72,350,171,3810909.61,3531470.04,279439.57,48.85714286,International,2023-05
1347,CCU-KUL,CCU,KUL,19-02-2023,884,Boeing 737,150,128,3154321.23,3376764.61,-222443.38,85.33333333,International,2023-02
1348,BOM-CCU,BOM,CCU,13-09-2023,156,Airbus A380,180,97,284413.19,168058.93,116354.26,53.88888889,Domestic,2023-09
1349,BOM-NRT,BOM,NRT,06-07-2023,421,Boeing 737,120,65,2052642,1446633.24,606008.76,54.16666667,International,2023-07
1350,CCU-KUL,CCU,KUL,12-05-2023,841,Airbus A380,150,142,4909679.77,4138641.06,771038.71,94.66666667,International,2023-05
1351,DEL-LHR,DEL,LHR,27-05-2023,470,Airbus A380,350,327,7172667.69,5523236.43,1649431.26,93.42857143,International,2023-05
1352,DEL-CDG,DEL,CDG,10-06-2023,442,Boeing 737,250,179,4285691.66,4608497.99,-322806.33,71.6,International,2023-06
1353,DEL-BLR,DEL,BLR,14-11-2023,719,Boeing 737,150,123,419361.21,269539.11,149822.1,82,Domestic,2023-11
1354,BLR-HYD,BLR,HYD,29-05-2023,444,Airbus A320,350,231,584744.53,457816.26,126928.27,66,Domestic,2023-05
1355,DEL-FRA,DEL,FRA,09-12-2023,155,Boeing 777,250,174,4876652.12,5076467.32,-199815.2,69.6,International,2023-12
1356,BLR-HYD,BLR,HYD,13-02-2023,244,Boeing 737,250,214,590436.23,441193.07,149243.16,85.6,Domestic,2023-02
1357,BOM-DXB,BOM,DXB,25-06-2023,678,Airbus A380,150,123,3338624.92,2393877.66,944747.26,82,International,2023-06
1358,DEL-BLR,DEL,BLR,07-10-2023,219,Airbus A380,150,118,351207.64,199764.78,151442.86,78.66666667,Domestic,2023-10
1359,DEL-CDG,DEL,CDG,14-07-2023,123,Boeing 777,250,242,5614717.62,3800578.4,1814139.22,96.8,International,2023-07
1360,BOM-DEL,BOM,DEL,17-12-2023,493,Boeing 777,180,141,359615.47,212732.48,146882.99,78.33333333,Domestic,2023-12
1361,BLR-SIN,BLR,SIN,11-02-2023,365,Airbus A380,250,182,5468129.21,3858685.64,1609443.57,72.8,International,2023-02
1362,DEL-BLR,DEL,BLR,17-02-2023,498,Boeing 777,180,96,290754.94,233028.64,57726.3,53.33333333,Domestic,2023-02
1363,CCU-KUL,CCU,KUL,02-10-2023,765,Airbus A320,250,159,4832569.93,3786235.32,1046334.61,63.6,International,2023-10
1364,BOM-DEL,BOM,DEL,15-10-2023,861,ATR 72,150,73,262970.27,241908.3,21061.97,48.66666667,Domestic,2023-10
1365,BOM-DXB,BOM,DXB,07-12-2023,811,Boeing 777,120,63,1693432.82,1081243.23,612189.59,52.5,International,2023-12
1366,BOM-DXB,BOM,DXB,28-02-2023,871,Airbus A380,180,130,2607169.94,2138753.74,468416.2,72.22222222,International,2023-02
1367,DEL-MAA,DEL,MAA,21-11-2023,520,ATR 72,120,56,209567.32,138858.08,70709.24,46.66666667,Domestic,2023-11
1368,MAA-CMB,MAA,CMB,27-03-2023,675,Airbus A380,150,95,3257137.06,3690488.41,-433351.35,63.33333333,International,2023-03
1369,BOM-NRT,BOM,NRT,08-01-2023,439,Boeing 777,120,73,1796127.14,1870542.32,-74415.18,60.83333333,International,2023-01
1370,BLR-HYD,BLR,HYD,25-12-2023,571,Airbus A380,250,166,503640.71,440927.47,62713.24,66.4,Domestic,2023-12
1371,HYD-DXB,HYD,DXB,21-06-2023,176,Airbus A320,250,169,3828429.23,3472136.79,356292.44,67.6,International,2023-06
1372,MAA-CMB,MAA,CMB,12-08-2023,450,Boeing 777,250,196,5984152.31,6658811.15,-674658.84,78.4,International,2023-08
1373,BLR-HYD,BLR,HYD,14-02-2023,885,Boeing 737,120,95,333380.52,265626.86,67753.66,79.16666667,Domestic,2023-02
1374,CCU-KUL,CCU,KUL,16-11-2023,617,Boeing 737,250,179,5743762.68,5460170.61,283592.07,71.6,International,2023-11
1375,BOM-BKK,BOM,BKK,19-04-2023,288,Airbus A380,350,228,5228816.01,4349039.2,879776.81,65.14285714,International,2023-04
1376,BLR-HYD,BLR,HYD,29-06-2023,872,Airbus A380,250,232,826093.29,843260.42,-17167.13,92.8,Domestic,2023-06
1377,BLR-SIN,BLR,SIN,04-01-2023,443,Airbus A320,350,210,6970762.56,4940175.54,2030587.02,60,International,2023-01
1378,BOM-BKK,BOM,BKK,11-12-2023,307,Boeing 737,250,116,2365669.46,2423169.6,-57500.14,46.4,International,2023-12
1379,HYD-DXB,HYD,DXB,04-11-2023,385,Boeing 777,150,143,4989618.47,3468277.15,1521341.32,95.33333333,International,2023-11
1380,BLR-SIN,BLR,SIN,09-04-2023,691,Airbus A380,120,104,2981451.64,1870331.04,1111120.6,86.66666667,International,2023-04
1381,BLR-SIN,BLR,SIN,30-03-2023,472,Boeing 777,350,186,4364404.92,4259724.31,104680.61,53.14285714,International,2023-03
1382,DEL-MAA,DEL,MAA,16-09-2023,181,ATR 72,250,224,790534.77,558226.7,232308.07,89.6,Domestic,2023-09
1383,MAA-CMB,MAA,CMB,23-03-2023,390,Airbus A320,120,59,1567117.62,1453245.33,113872.29,49.16666667,International,2023-03
1384,BOM-NRT,BOM,NRT,20-03-2023,88,ATR 72,350,328,6947560.72,5415226.94,1532333.78,93.71428571,International,2023-03
1385,DEL-MAA,DEL,MAA,21-08-2023,709,Boeing 777,150,86,345396.35,251501.56,93894.79,57.33333333,Domestic,2023-08
1386,MAA-CMB,MAA,CMB,06-05-2023,803,Airbus A380,180,143,3449799.55,3832677.4,-382877.85,79.44444444,International,2023-05
1387,BOM-DEL,BOM,DEL,23-11-2023,653,Boeing 737,120,83,288226.63,177042.05,111184.58,69.16666667,Domestic,2023-11
1388,DEL-AMD,DEL,AMD,15-05-2023,244,Boeing 737,120,85,259293.79,273033.65,-13739.86,70.83333333,Domestic,2023-05
1389,BLR-SIN,BLR,SIN,21-02-2023,562,Boeing 737,250,122,4195367.43,2499547.94,1695819.49,48.8,International,2023-02
1390,BOM-BKK,BOM,BKK,12-07-2023,381,Airbus A380,150,81,1632320.45,1072771.19,559549.26,54,International,2023-07
1391,BOM-NRT,BOM,NRT,20-11-2023,681,Boeing 737,120,116,4049106.87,3402653.17,646453.7,96.66666667,International,2023-11
1392,DEL-CDG,DEL,CDG,04-11-2023,619,Boeing 737,150,108,2572291.66,1602424.95,969866.71,72,International,2023-11
1393,DEL-CDG,DEL,CDG,16-01-2023,608,Boeing 737,350,252,5615867.94,6009678.18,-393810.24,72,International,2023-01
1394,BLR-HYD,BLR,HYD,22-04-2023,90,Boeing 777,150,84,311634.88,347132.85,-35497.97,56,Domestic,2023-04
1395,MAA-BLR,MAA,BLR,21-05-2023,553,Airbus A320,120,76,257844.81,187348.11,70496.7,63.33333333,Domestic,2023-05
1396,CCU-KUL,CCU,KUL,12-08-2023,584,Airbus A380,150,87,1998228.76,2113369.63,-115140.87,58,International,2023-08
1397,MAA-BLR,MAA,BLR,21-07-2023,165,ATR 72,350,215,823316.52,923972.93,-100656.41,61.42857143,Domestic,2023-07
1398,CCU-KUL,CCU,KUL,10-08-2023,516,Airbus A380,350,296,9542561.37,8814908.41,727652.96,84.57142857,International,2023-08
1399,DEL-CDG,DEL,CDG,16-07-2023,499,Airbus A320,350,222,7429989.28,7739114.09,-309124.81,63.42857143,International,2023-07
1400,DEL-FRA,DEL,FRA,27-03-2023,94,ATR 72,180,136,3318686.03,3471384.92,-152698.89,75.55555556,International,2023-03
1401,HYD-DXB,HYD,DXB,30-06-2023,467,Boeing 737,120,65,1614614.13,1654233.25,-39619.12,54.16666667,International,2023-06
1402,DEL-LHR,DEL,LHR,06-05-2023,134,Airbus A320,180,116,3676355.32,2291774.33,1384580.99,64.44444444,International,2023-05
1403,BOM-DXB,BOM,DXB,19-12-2023,71,Boeing 777,150,104,3320573.5,3616922.68,-296349.18,69.33333333,International,2023-12
1404,MAA-CMB,MAA,CMB,03-02-2023,454,Boeing 777,350,196,4559342.45,4042200.04,517142.41,56,International,2023-02
1405,DEL-CDG,DEL,CDG,10-12-2023,136,ATR 72,250,202,5358672.87,5562499.02,-203826.15,80.8,International,2023-12
1406,CCU-DEL,CCU,DEL,11-04-2023,110,Airbus A380,250,118,341485.84,212252.37,129233.47,47.2,Domestic,2023-04
1407,DEL-FRA,DEL,FRA,29-03-2023,675,Boeing 777,350,228,6531335.26,4709237.38,1822097.88,65.14285714,International,2023-03
1408,BOM-NRT,BOM,NRT,03-01-2023,532,Boeing 777,150,134,3489649.69,3794986.06,-305336.37,89.33333333,International,2023-01
1409,HYD-DXB,HYD,DXB,21-01-2023,405,Boeing 737,120,83,2693163.52,2151965.1,541198.42,69.16666667,International,2023-01
1410,DEL-AMD,DEL,AMD,21-05-2023,384,Boeing 777,250,123,466699.41,394963.59,71735.82,49.2,Domestic,2023-05
1411,DEL-BLR,DEL,BLR,21-07-2023,365,Airbus A380,250,224,927555.9,577726.12,349829.78,89.6,Domestic,2023-07
1412,DEL-LHR,DEL,LHR,13-11-2023,165,Boeing 737,150,71,1431071.77,877363.51,553708.26,47.33333333,International,2023-11
1413,BOM-DXB,BOM,DXB,19-12-2023,801,Airbus A380,150,81,1852259.03,2021492.33,-169233.3,54,International,2023-12
1414,DEL-LHR,DEL,LHR,03-10-2023,65,Boeing 737,180,165,3406613.55,1971754.85,1434858.7,91.66666667,International,2023-10
1415,DEL-AMD,DEL,AMD,08-02-2023,330,Boeing 777,350,304,937293.3,908423.63,28869.67,86.85714286,Domestic,2023-02
1416,DEL-MAA,DEL,MAA,26-10-2023,531,Boeing 737,150,92,245309.05,220895.45,24413.6,61.33333333,Domestic,2023-10
1417,BOM-BKK,BOM,BKK,23-11-2023,517,Boeing 737,350,255,7310409.06,6921213.01,389196.05,72.85714286,International,2023-11
1418,MAA-BLR,MAA,BLR,14-06-2023,851,Airbus A380,150,74,279658.1,273178.09,6480.01,49.33333333,Domestic,2023-06
1419,DEL-LHR,DEL,LHR,13-10-2023,308,Airbus A320,120,58,1590307,1077409.59,512897.41,48.33333333,International,2023-10
1420,CCU-DEL,CCU,DEL,28-08-2023,898,Airbus A380,150,106,319357.89,331620.35,-12262.46,70.66666667,Domestic,2023-08
1421,HYD-DXB,HYD,DXB,21-09-2023,380,Boeing 777,250,199,6510703.83,3993641.54,2517062.29,79.6,International,2023-09
1422,DEL-MAA,DEL,MAA,23-04-2023,432,Airbus A380,250,227,754601.41,768193.77,-13592.36,90.8,Domestic,2023-04
1423,CCU-DEL,CCU,DEL,05-02-2023,344,Airbus A380,150,122,501748.21,449739.68,52008.53,81.33333333,Domestic,2023-02
1424,BLR-HYD,BLR,HYD,17-03-2023,532,Boeing 737,120,69,276646.98,183200.57,93446.41,57.5,Domestic,2023-03
1425,BOM-DEL,BOM,DEL,01-09-2023,737,ATR 72,250,159,415464.96,365685.01,49779.95,63.6,Domestic,2023-09
1426,DEL-LHR,DEL,LHR,09-08-2023,277,Airbus A320,250,179,4943783.52,2876759.17,2067024.35,71.6,International,2023-08
1427,MAA-BLR,MAA,BLR,09-07-2023,160,Boeing 737,250,209,660577.75,479846.01,180731.74,83.6,Domestic,2023-07
1428,BLR-SIN,BLR,SIN,01-04-2023,668,Boeing 777,350,270,7500404.76,4616579.66,2883825.1,77.14285714,International,2023-04
1429,DEL-BLR,DEL,BLR,27-11-2023,314,Boeing 737,150,76,304844,272877.54,31966.46,50.66666667,Domestic,2023-11
1430,HYD-BOM,HYD,BOM,03-02-2023,604,Boeing 737,180,102,358672.53,351317.59,7354.94,56.66666667,Domestic,2023-02
1431,BLR-SIN,BLR,SIN,21-07-2023,163,Airbus A320,180,128,2888375.91,1941408.26,946967.65,71.11111111,International,2023-07
1432,DEL-AMD,DEL,AMD,28-12-2023,670,Boeing 777,120,59,195044.1,189247.92,5796.18,49.16666667,Domestic,2023-12
1433,CCU-KUL,CCU,KUL,06-06-2023,764,Airbus A320,150,92,1935847.39,1282318.18,653529.21,61.33333333,International,2023-06
1434,DEL-FRA,DEL,FRA,14-03-2023,73,Airbus A380,250,156,3535385.22,2504110.92,1031274.3,62.4,International,2023-03
1435,BOM-CCU,BOM,CCU,29-03-2023,755,Boeing 737,350,222,722142.53,397614.48,324528.05,63.42857143,Domestic,2023-03
1436,HYD-BOM,HYD,BOM,30-08-2023,172,Boeing 737,120,90,376446.92,395726.81,-19279.89,75,Domestic,2023-08
1437,HYD-DXB,HYD,DXB,15-09-2023,231,Airbus A320,120,60,1923503.36,1445332.76,478170.6,50,International,2023-09
1438,CCU-KUL,CCU,KUL,29-06-2023,618,Boeing 777,250,146,3924664.17,4107748.53,-183084.36,58.4,International,2023-06
1439,DEL-AMD,DEL,AMD,30-12-2023,401,ATR 72,350,247,712814.19,614150.26,98663.93,70.57142857,Domestic,2023-12
1440,BOM-DEL,BOM,DEL,17-03-2023,480,Airbus A320,150,95,233284.7,209151.52,24133.18,63.33333333,Domestic,2023-03
1441,BOM-BKK,BOM,BKK,04-07-2023,271,Boeing 737,150,140,3593334.34,2209034.61,1384299.73,93.33333333,International,2023-07
1442,MAA-BLR,MAA,BLR,17-11-2023,755,ATR 72,250,243,966403.01,632966.28,333436.73,97.2,Domestic,2023-11
1443,DEL-LHR,DEL,LHR,19-06-2023,460,ATR 72,250,237,5722058.55,3801412.97,1920645.58,94.8,International,2023-06
1444,BOM-NRT,BOM,NRT,24-09-2023,778,Boeing 777,350,180,5747398.84,5115170.36,632228.48,51.42857143,International,2023-09
1445,DEL-LHR,DEL,LHR,28-05-2023,172,Boeing 737,250,235,5218637.09,5002344.63,216292.46,94,International,2023-05
1446,HYD-DXB,HYD,DXB,29-05-2023,698,ATR 72,150,91,2213474.84,2279593.63,-66118.79,60.66666667,International,2023-05
1447,BOM-DEL,BOM,DEL,21-08-2023,101,Airbus A320,180,159,416927.32,351478.01,65449.31,88.33333333,Domestic,2023-08
1448,BOM-DEL,BOM,DEL,09-08-2023,420,Boeing 737,120,69,209097.1,150541.41,58555.69,57.5,Domestic,2023-08
1449,HYD-DXB,HYD,DXB,07-12-2023,847,ATR 72,150,143,4389807.78,2790102.8,1599704.98,95.33333333,International,2023-12
1450,CCU-DEL,CCU,DEL,10-08-2023,659,Boeing 737,180,101,328423.72,250514.83,77908.89,56.11111111,Domestic,2023-08
1451,BLR-SIN,BLR,SIN,05-08-2023,468,Boeing 737,180,168,4864537.76,3181316.15,1683221.61,93.33333333,International,2023-08
1452,BOM-BKK,BOM,BKK,14-12-2023,390,ATR 72,150,121,2782104.6,1756661.05,1025443.55,80.66666667,International,2023-12
1453,MAA-CMB,MAA,CMB,13-04-2023,368,Boeing 777,120,72,2441288.14,2018194.91,423093.23,60,International,2023-04
1454,BOM-GOI,BOM,GOI,12-07-2023,861,Airbus A380,120,62,198116.19,146201.09,51915.1,51.66666667,Domestic,2023-07
1455,DEL-LHR,DEL,LHR,28-08-2023,422,Airbus A380,250,168,4393851.73,2489572.92,1904278.81,67.2,International,2023-08
1456,MAA-CMB,MAA,CMB,14-01-2023,845,Airbus A380,120,102,2981269.08,2180601.54,800667.54,85,International,2023-01
1457,HYD-BOM,HYD,BOM,25-10-2023,584,Boeing 777,150,116,466301.71,502059.19,-35757.48,77.33333333,Domestic,2023-10
1458,DEL-BLR,DEL,BLR,21-07-2023,188,Airbus A380,120,83,313191.53,269596.83,43594.7,69.16666667,Domestic,2023-07
1459,DEL-BLR,DEL,BLR,13-02-2023,116,Boeing 777,120,75,193148.87,139906.64,53242.23,62.5,Domestic,2023-02
1460,CCU-KUL,CCU,KUL,20-12-2023,399,Boeing 737,120,101,3041735.69,3022323.5,19412.19,84.16666667,International,2023-12
1461,DEL-BLR,DEL,BLR,26-12-2023,269,ATR 72,150,112,463803.34,293050.27,170753.07,74.66666667,Domestic,2023-12
1462,DEL-MAA,DEL,MAA,04-06-2023,703,Boeing 777,120,105,369872.48,247969.88,121902.6,87.5,Domestic,2023-06
1463,BOM-CCU,BOM,CCU,01-01-2023,216,ATR 72,120,87,247512.47,151518.28,95994.19,72.5,Domestic,2023-01
1464,BOM-DEL,BOM,DEL,16-09-2023,514,Airbus A380,120,112,329264.63,276658.59,52606.04,93.33333333,Domestic,2023-09
1465,BOM-GOI,BOM,GOI,01-05-2023,619,Boeing 777,350,283,1116934.49,1027909.35,89025.14,80.85714286,Domestic,2023-05
1466,BOM-BKK,BOM,BKK,16-03-2023,711,Boeing 737,150,78,2431180.23,1688233.77,742946.46,52,International,2023-03
1467,HYD-DXB,HYD,DXB,25-12-2023,619,Airbus A320,250,176,4284145.45,2613379.33,1670766.12,70.4,International,2023-12
1468,BOM-NRT,BOM,NRT,10-09-2023,436,Boeing 777,250,163,5215645.95,4320527.5,895118.45,65.2,International,2023-09
1469,BOM-BKK,BOM,BKK,17-03-2023,88,Boeing 777,250,128,3307704.44,2971386.46,336317.98,51.2,International,2023-03
1470,DEL-BLR,DEL,BLR,27-11-2023,726,ATR 72,250,118,475859.21,536615.92,-60756.71,47.2,Domestic,2023-11
1471,DEL-FRA,DEL,FRA,23-08-2023,343,Boeing 737,150,95,3119571.39,2657635.78,461935.61,63.33333333,International,2023-08
1472,DEL-LHR,DEL,LHR,28-12-2023,597,Airbus A380,350,169,5042755.29,3838142.92,1204612.37,48.28571429,International,2023-12
1473,BOM-NRT,BOM,NRT,23-06-2023,530,Airbus A320,180,155,4630882.17,5112892.92,-482010.75,86.11111111,International,2023-06
1474,BOM-CCU,BOM,CCU,27-11-2023,555,Airbus A380,250,192,523137.44,510111.38,13026.06,76.8,Domestic,2023-11
1475,HYD-DXB,HYD,DXB,04-12-2023,598,Boeing 777,150,122,3517599.34,3160333.77,357265.57,81.33333333,International,2023-12
1476,BOM-NRT,BOM,NRT,13-11-2023,473,Boeing 737,120,55,1704623.94,1174524.4,530099.54,45.83333333,International,2023-11
1477,BLR-HYD,BLR,HYD,13-09-2023,755,Airbus A380,180,153,637457.84,659853.83,-22395.99,85,Domestic,2023-09
1478,HYD-BOM,HYD,BOM,23-02-2023,238,Airbus A380,250,234,587683.5,411549.06,176134.44,93.6,Domestic,2023-02
1479,DEL-BLR,DEL,BLR,07-02-2023,512,Boeing 777,350,274,672129.4,439868.6,232260.8,78.28571429,Domestic,2023-02
1480,BLR-HYD,BLR,HYD,24-12-2023,520,Airbus A380,150,146,501189.3,335716.97,165472.33,97.33333333,Domestic,2023-12
1481,MAA-BLR,MAA,BLR,09-09-2023,508,Boeing 777,150,83,223416.18,231973.61,-8557.43,55.33333333,Domestic,2023-09
1482,CCU-DEL,CCU,DEL,14-02-2023,656,Boeing 737,120,66,254629.05,276520.68,-21891.63,55,Domestic,2023-02
1483,DEL-LHR,DEL,LHR,28-07-2023,641,ATR 72,120,75,2267656.36,2550311.04,-282654.68,62.5,International,2023-07
1484,HYD-DXB,HYD,DXB,12-09-2023,254,Airbus A320,350,311,8556466.58,6536208.8,2020257.78,88.85714286,International,2023-09
1485,MAA-CMB,MAA,CMB,12-03-2023,880,Boeing 737,250,169,4333459.71,2567664.02,1765795.69,67.6,International,2023-03
1486,BOM-CCU,BOM,CCU,07-03-2023,861,ATR 72,180,90,296791.38,172402.37,124389.01,50,Domestic,2023-03
1487,MAA-CMB,MAA,CMB,19-06-2023,83,Airbus A320,180,168,3993482.25,3881520.94,111961.31,93.33333333,International,2023-06
1488,BOM-CCU,BOM,CCU,22-03-2023,354,Boeing 737,350,264,1039038.37,1152382.32,-113343.95,75.42857143,Domestic,2023-03
1489,HYD-DXB,HYD,DXB,09-06-2023,468,ATR 72,120,88,2937187.06,2642480.01,294707.05,73.33333333,International,2023-06
1490,MAA-BLR,MAA,BLR,01-12-2023,90,Boeing 737,180,121,334071.35,361738.08,-27666.73,67.22222222,Domestic,2023-12
1491,DEL-BLR,DEL,BLR,13-03-2023,269,ATR 72,180,169,607386.85,654132.62,-46745.77,93.88888889,Domestic,2023-03
1492,HYD-BOM,HYD,BOM,10-09-2023,134,ATR 72,350,287,1084295.64,619368.37,464927.27,82,Domestic,2023-09
1493,BOM-CCU,BOM,CCU,02-08-2023,672,ATR 72,120,110,358796.75,225209.09,133587.66,91.66666667,Domestic,2023-08
1494,DEL-BLR,DEL,BLR,23-02-2023,96,Airbus A380,350,199,603062.3,504495.12,98567.18,56.85714286,Domestic,2023-02
1495,HYD-BOM,HYD,BOM,11-01-2023,116,Boeing 737,150,109,430389.78,412814.7,17575.08,72.66666667,Domestic,2023-01
1496,BOM-DEL,BOM,DEL,10-10-2023,553,Boeing 737,250,213,777831.9,628356.87,149475.03,85.2,Domestic,2023-10
1497,BOM-BKK,BOM,BKK,09-10-2023,201,Boeing 737,250,128,3742054.15,4086812.5,-344758.35,51.2,International,2023-10
1498,DEL-LHR,DEL,LHR,10-04-2023,411,Airbus A380,120,69,1475210.49,820260.98,654949.51,57.5,International,2023-04
1499,BOM-BKK,BOM,BKK,02-10-2023,641,Boeing 737,120,109,2588623.13,1512092.93,1076530.2,90.83333333,International,2023-10
1500,DEL-BLR,DEL,BLR,06-03-2023,509,Airbus A320,180,85,257499.12,242853.95,14645.17,47.22222222,Domestic,2023-03
1501,HYD-BOM,HYD,BOM,30-05-2023,192,ATR 72,250,175,458548.55,273332.67,185215.88,70,Domestic,2023-05
1502,MAA-BLR,MAA,BLR,06-10-2023,270,Airbus A380,180,166,654997.54,534559.93,120437.61,92.22222222,Domestic,2023-10
1503,DEL-AMD,DEL,AMD,07-07-2023,858,ATR 72,180,163,462849.98,502556.53,-39706.55,90.55555556,Domestic,2023-07
1504,BOM-DXB,BOM,DXB,24-12-2023,614,ATR 72,120,57,1909863.7,1858872.26,50991.44,47.5,International,2023-12
1505,DEL-CDG,DEL,CDG,06-09-2023,346,Boeing 737,150,140,4566993.24,3939474.53,627518.71,93.33333333,International,2023-09
1506,DEL-AMD,DEL,AMD,11-10-2023,275,Boeing 737,180,150,572743.82,327334.89,245408.93,83.33333333,Domestic,2023-10
1507,HYD-BOM,HYD,BOM,24-12-2023,510,Airbus A380,120,55,214796.2,152973.37,61822.83,45.83333333,Domestic,2023-12
1508,BOM-NRT,BOM,NRT,16-07-2023,367,Boeing 737,120,71,2069381.33,1753209.87,316171.46,59.16666667,International,2023-07
1509,BLR-SIN,BLR,SIN,16-07-2023,514,Boeing 737,150,83,1889611.36,1528036.08,361575.28,55.33333333,International,2023-07
1510,DEL-BLR,DEL,BLR,05-12-2023,372,Boeing 737,350,299,1222013.9,1339366.83,-117352.93,85.42857143,Domestic,2023-12
1511,BOM-DXB,BOM,DXB,15-05-2023,889,ATR 72,150,127,3189499.05,3341139.55,-151640.5,84.66666667,International,2023-05
1512,BOM-BKK,BOM,BKK,07-08-2023,861,Boeing 737,120,89,3051552.25,3385647.23,-334094.98,74.16666667,International,2023-08
1513,DEL-AMD,DEL,AMD,01-10-2023,534,Airbus A380,350,290,1097424.45,774847.97,322576.48,82.85714286,Domestic,2023-10
1514,BLR-SIN,BLR,SIN,28-08-2023,823,Airbus A320,150,139,3365259.77,3229166.1,136093.67,92.66666667,International,2023-08
1515,MAA-BLR,MAA,BLR,13-02-2023,315,ATR 72,180,113,351461.88,323108.87,28353.01,62.77777778,Domestic,2023-02
1516,DEL-LHR,DEL,LHR,18-05-2023,735,Boeing 777,350,159,3911944.95,3702522.44,209422.51,45.42857143,International,2023-05
1517,MAA-BLR,MAA,BLR,02-04-2023,514,Airbus A380,120,81,262406.88,296396.78,-33989.9,67.5,Domestic,2023-04
1518,CCU-KUL,CCU,KUL,23-11-2023,629,Airbus A320,250,120,4089901.66,2927827.28,1162074.38,48,International,2023-11
1519,DEL-CDG,DEL,CDG,10-10-2023,381,Boeing 737,250,136,4282592.73,3064994.25,1217598.48,54.4,International,2023-10
1520,CCU-KUL,CCU,KUL,07-03-2023,292,Airbus A320,150,136,4058195.43,2798545.66,1259649.77,90.66666667,International,2023-03
1521,DEL-BLR,DEL,BLR,05-04-2023,760,ATR 72,250,189,467873.29,458709.81,9163.48,75.6,Domestic,2023-04
1522,DEL-BLR,DEL,BLR,13-05-2023,323,Boeing 737,180,132,327428.58,226193.59,101234.99,73.33333333,Domestic,2023-05
1523,BLR-HYD,BLR,HYD,09-02-2023,579,Airbus A380,120,86,243084.3,181212.89,61871.41,71.66666667,Domestic,2023-02
1524,DEL-LHR,DEL,LHR,15-12-2023,485,Boeing 737,250,228,5049331.83,3766419.44,1282912.39,91.2,International,2023-12
1525,DEL-LHR,DEL,LHR,21-06-2023,477,Boeing 777,250,237,5785394.09,3290121.47,2495272.62,94.8,International,2023-06
1526,DEL-LHR,DEL,LHR,23-01-2023,357,Airbus A320,350,162,4719962.69,4884314.28,-164351.59,46.28571429,International,2023-01
1527,HYD-DXB,HYD,DXB,18-09-2023,862,ATR 72,180,170,4366041.22,3927741.97,438299.25,94.44444444,International,2023-09
1528,DEL-MAA,DEL,MAA,15-07-2023,840,Boeing 737,120,114,477223.95,424367.31,52856.64,95,Domestic,2023-07
1529,BOM-NRT,BOM,NRT,19-11-2023,621,Airbus A380,350,293,9585180.38,8307033.38,1278147,83.71428571,International,2023-11
1530,DEL-BLR,DEL,BLR,07-11-2023,543,ATR 72,350,239,689402.41,724979.27,-35576.86,68.28571429,Domestic,2023-11
1531,DEL-AMD,DEL,AMD,05-05-2023,396,Airbus A320,180,103,305566.96,346341.24,-40774.28,57.22222222,Domestic,2023-05
1532,HYD-BOM,HYD,BOM,16-08-2023,810,Airbus A380,180,88,299976.41,178745.82,121230.59,48.88888889,Domestic,2023-08
1533,DEL-LHR,DEL,LHR,01-12-2023,555,ATR 72,150,103,2707123.61,2413685.9,293437.71,68.66666667,International,2023-12
1534,DEL-MAA,DEL,MAA,03-10-2023,310,Airbus A380,350,281,980685,1007667.14,-26982.14,80.28571429,Domestic,2023-10
1535,BOM-DXB,BOM,DXB,10-06-2023,180,Boeing 737,250,168,5837784.33,5228360.81,609423.52,67.2,International,2023-06
1536,CCU-DEL,CCU,DEL,03-04-2023,524,Boeing 737,150,77,221303.93,195355.44,25948.49,51.33333333,Domestic,2023-04
1537,CCU-KUL,CCU,KUL,21-02-2023,189,Boeing 737,250,115,2587963.97,1536755.84,1051208.13,46,International,2023-02
1538,HYD-DXB,HYD,DXB,29-09-2023,457,Airbus A380,180,93,2832215.54,1967995.96,864219.58,51.66666667,International,2023-09
1539,DEL-AMD,DEL,AMD,02-03-2023,404,Boeing 777,350,270,700377.09,688686.22,11690.87,77.14285714,Domestic,2023-03
1540,BOM-CCU,BOM,CCU,01-07-2023,519,Airbus A380,250,210,668690.87,671764.2,-3073.33,84,Domestic,2023-07
1541,DEL-MAA,DEL,MAA,04-04-2023,801,ATR 72,350,173,694089.58,628936.76,65152.82,49.42857143,Domestic,2023-04
1542,DEL-LHR,DEL,LHR,12-12-2023,724,Airbus A380,250,154,3488228.43,3430742.12,57486.31,61.6,International,2023-12
1543,MAA-BLR,MAA,BLR,19-02-2023,297,Boeing 777,250,157,536223.52,583615.48,-47391.96,62.8,Domestic,2023-02
1544,BOM-NRT,BOM,NRT,18-09-2023,496,Boeing 777,180,117,3669061.88,4117084.42,-448022.54,65,International,2023-09
1545,DEL-BLR,DEL,BLR,18-04-2023,500,ATR 72,180,135,473561.03,288720.65,184840.38,75,Domestic,2023-04
1546,DEL-AMD,DEL,AMD,26-03-2023,181,Boeing 777,180,127,355922.59,231916.48,124006.11,70.55555556,Domestic,2023-03
1547,MAA-BLR,MAA,BLR,07-11-2023,831,Boeing 737,150,120,318456.68,214673.52,103783.16,80,Domestic,2023-11
1548,HYD-DXB,HYD,DXB,28-03-2023,88,ATR 72,120,115,3231206.32,3326188.28,-94981.96,95.83333333,International,2023-03
1549,BOM-DEL,BOM,DEL,08-09-2023,86,Boeing 777,150,89,365450.34,294516.99,70933.35,59.33333333,Domestic,2023-09
1550,DEL-FRA,DEL,FRA,24-09-2023,189,Airbus A380,180,168,5164952.29,5689247.64,-524295.35,93.33333333,International,2023-09
1551,BLR-HYD,BLR,HYD,16-08-2023,502,Airbus A380,180,89,235518.25,168883.52,66634.73,49.44444444,Domestic,2023-08
1552,BLR-HYD,BLR,HYD,01-07-2023,882,Boeing 737,150,125,373601.04,319143.5,54457.54,83.33333333,Domestic,2023-07
1553,MAA-BLR,MAA,BLR,21-08-2023,705,ATR 72,120,98,290732.47,321212.28,-30479.81,81.66666667,Domestic,2023-08
1554,BOM-BKK,BOM,BKK,21-02-2023,782,ATR 72,180,99,2808882.88,2956576.82,-147693.94,55,International,2023-02
1555,DEL-BLR,DEL,BLR,21-11-2023,702,Boeing 737,150,78,240019.75,267837.42,-27817.67,52,Domestic,2023-11
1556,CCU-DEL,CCU,DEL,16-05-2023,541,Airbus A320,250,220,818490.03,588952.53,229537.5,88,Domestic,2023-05
1557,CCU-DEL,CCU,DEL,22-11-2023,150,ATR 72,150,67,168911.71,149426.44,19485.27,44.66666667,Domestic,2023-11
1558,CCU-DEL,CCU,DEL,30-12-2023,242,Boeing 737,250,203,711328.4,660550.81,50777.59,81.2,Domestic,2023-12
1559,HYD-BOM,HYD,BOM,23-11-2023,417,Airbus A380,350,279,760028.31,554866.53,205161.78,79.71428571,Domestic,2023-11
1560,HYD-BOM,HYD,BOM,30-05-2023,744,Airbus A380,250,218,677103.23,517494.24,159608.99,87.2,Domestic,2023-05
1561,CCU-KUL,CCU,KUL,01-06-2023,158,Airbus A320,120,115,3847011.74,3879180.34,-32168.6,95.83333333,International,2023-06
1562,BOM-BKK,BOM,BKK,17-08-2023,393,Airbus A320,250,127,3425321.95,2539340.41,885981.54,50.8,International,2023-08
1563,BLR-HYD,BLR,HYD,27-06-2023,773,Airbus A380,150,129,421924.13,435777.07,-13852.94,86,Domestic,2023-06
1564,CCU-KUL,CCU,KUL,04-11-2023,481,Airbus A320,120,72,1988086.4,2154859.75,-166773.35,60,International,2023-11
1565,BOM-BKK,BOM,BKK,01-02-2023,635,Boeing 777,180,145,3794423.26,3928815.38,-134392.12,80.55555556,International,2023-02
1566,BOM-BKK,BOM,BKK,24-07-2023,326,Boeing 737,180,127,2957096.31,2755303.22,201793.09,70.55555556,International,2023-07
1567,DEL-BLR,DEL,BLR,07-06-2023,518,Airbus A380,150,113,305073.25,205534.1,99539.15,75.33333333,Domestic,2023-06
1568,BLR-HYD,BLR,HYD,11-11-2023,685,Boeing 777,150,115,280123.42,275455.79,4667.63,76.66666667,Domestic,2023-11
1569,BLR-SIN,BLR,SIN,16-02-2023,859,Boeing 777,180,154,4357185.58,4108647.14,248538.44,85.55555556,International,2023-02
1570,HYD-DXB,HYD,DXB,18-04-2023,430,ATR 72,150,145,4722974.19,3718472.08,1004502.11,96.66666667,International,2023-04
1571,HYD-BOM,HYD,BOM,29-05-2023,880,Airbus A320,180,112,312268,309145.51,3122.49,62.22222222,Domestic,2023-05
1572,BOM-DEL,BOM,DEL,19-01-2023,80,ATR 72,120,85,325075.55,187039.08,138036.47,70.83333333,Domestic,2023-01
1573,DEL-AMD,DEL,AMD,04-06-2023,84,Airbus A320,150,70,262489.34,272410.78,-9921.44,46.66666667,Domestic,2023-06
1574,BLR-SIN,BLR,SIN,02-12-2023,470,Airbus A320,180,163,3447108.72,2939369.59,507739.13,90.55555556,International,2023-12
1575,BOM-BKK,BOM,BKK,11-01-2023,75,ATR 72,350,327,7008705.49,6328282.66,680422.83,93.42857143,International,2023-01
1576,BLR-SIN,BLR,SIN,10-04-2023,680,Boeing 777,180,121,3769422.29,2756549.82,1012872.47,67.22222222,International,2023-04
1577,DEL-FRA,DEL,FRA,14-04-2023,162,Boeing 777,350,244,5945933.47,3602269.09,2343664.38,69.71428571,International,2023-04
1578,BOM-BKK,BOM,BKK,15-10-2023,345,Airbus A380,180,167,4675675.78,3257863.24,1417812.54,92.77777778,International,2023-10
1579,BOM-DEL,BOM,DEL,12-09-2023,805,Airbus A380,180,153,563994.98,463244.16,100750.82,85,Domestic,2023-09
1580,BOM-NRT,BOM,NRT,13-01-2023,466,Airbus A320,250,161,4580015.14,4285479.58,294535.56,64.4,International,2023-01
1581,BOM-DXB,BOM,DXB,15-03-2023,889,Boeing 737,120,89,2057255.23,2294366.17,-237110.94,74.16666667,International,2023-03
1582,BOM-NRT,BOM,NRT,08-05-2023,145,Airbus A320,250,194,5257927.65,5172851.48,85076.17,77.6,International,2023-05
1583,BOM-NRT,BOM,NRT,30-04-2023,120,Airbus A380,180,120,3732920.03,3921783.59,-188863.56,66.66666667,International,2023-04
1584,DEL-BLR,DEL,BLR,14-06-2023,765,ATR 72,350,232,559126.77,539131.5,19995.27,66.28571429,Domestic,2023-06
1585,MAA-CMB,MAA,CMB,08-09-2023,618,Airbus A380,180,172,4048207.49,3347151.95,701055.54,95.55555556,International,2023-09
1586,CCU-KUL,CCU,KUL,21-09-2023,628,Boeing 737,120,81,1714167.9,1073702.47,640465.43,67.5,International,2023-09
1587,BOM-DEL,BOM,DEL,24-03-2023,592,Boeing 737,150,83,329140.53,203474.27,125666.26,55.33333333,Domestic,2023-03
1588,BOM-BKK,BOM,BKK,11-09-2023,234,ATR 72,250,131,4337832.57,3474119.81,863712.76,52.4,International,2023-09
1589,BOM-DEL,BOM,DEL,01-06-2023,180,Airbus A380,180,149,593676.66,423092.33,170584.33,82.77777778,Domestic,2023-06
1590,BOM-DXB,BOM,DXB,11-11-2023,440,ATR 72,150,78,2172203.95,1461191.86,711012.09,52,International,2023-11
1591,DEL-CDG,DEL,CDG,10-07-2023,591,ATR 72,180,126,2918066.38,2183023.85,735042.53,70,International,2023-07
1592,DEL-MAA,DEL,MAA,26-03-2023,596,Airbus A380,120,74,201472.87,167685.08,33787.79,61.66666667,Domestic,2023-03
1593,BOM-DEL,BOM,DEL,09-06-2023,778,Airbus A320,150,122,410885.84,307597.8,103288.04,81.33333333,Domestic,2023-06
1594,DEL-BLR,DEL,BLR,16-11-2023,539,ATR 72,150,72,255270.12,275693.24,-20423.12,48,Domestic,2023-11
1595,DEL-LHR,DEL,LHR,18-11-2023,74,Airbus A320,180,108,3636647.37,2930044.57,706602.8,60,International,2023-11
1596,DEL-AMD,DEL,AMD,08-07-2023,699,Airbus A380,180,134,476353.76,319896.73,156457.03,74.44444444,Domestic,2023-07
1597,BOM-NRT,BOM,NRT,20-03-2023,165,Airbus A320,180,98,2788579.86,1745713.6,1042866.26,54.44444444,International,2023-03
1598,HYD-DXB,HYD,DXB,28-10-2023,720,Airbus A380,180,135,4428135.45,4042290.42,385845.03,75,International,2023-10
1599,DEL-CDG,DEL,CDG,09-12-2023,544,Airbus A320,150,67,1572990.19,1069422.67,503567.52,44.66666667,International,2023-12
1600,DEL-CDG,DEL,CDG,17-03-2023,206,Airbus A320,250,228,5665815.54,6161982.37,-496166.83,91.2,International,2023-03
1601,DEL-BLR,DEL,BLR,12-03-2023,583,Airbus A380,250,200,597752.17,508223.88,89528.29,80,Domestic,2023-03
1602,BLR-HYD,BLR,HYD,04-05-2023,633,Airbus A380,250,215,789316.66,602244.65,187072.01,86,Domestic,2023-05
1603,HYD-DXB,HYD,DXB,12-06-2023,603,Boeing 737,350,313,10745415.78,12005788.15,-1260372.37,89.42857143,International,2023-06
1604,MAA-BLR,MAA,BLR,31-12-2023,206,Airbus A380,350,239,872631.91,611124.57,261507.34,68.28571429,Domestic,2023-12
1605,BLR-HYD,BLR,HYD,13-10-2023,505,Boeing 777,150,69,211018.35,175070.43,35947.92,46,Domestic,2023-10
1606,DEL-LHR,DEL,LHR,06-08-2023,278,ATR 72,350,320,10818909.74,7190143.64,3628766.1,91.42857143,International,2023-08
1607,DEL-LHR,DEL,LHR,02-04-2023,825,Boeing 737,150,102,2844783.97,1574214.47,1270569.5,68,International,2023-04
1608,DEL-AMD,DEL,AMD,18-06-2023,156,Boeing 777,180,128,310193.93,221421.61,88772.32,71.11111111,Domestic,2023-06
1609,MAA-BLR,MAA,BLR,25-11-2023,550,Airbus A380,120,117,429118.1,306606.73,122511.37,97.5,Domestic,2023-11
1610,DEL-BLR,DEL,BLR,20-10-2023,91,Airbus A380,350,274,899416.2,750175.22,149240.98,78.28571429,Domestic,2023-10
1611,MAA-CMB,MAA,CMB,23-02-2023,99,Boeing 777,120,92,2824368.42,2749194.31,75174.11,76.66666667,International,2023-02
1612,BOM-GOI,BOM,GOI,09-03-2023,144,Airbus A380,120,57,202205.26,118774.42,83430.84,47.5,Domestic,2023-03
1613,BLR-HYD,BLR,HYD,06-10-2023,344,Airbus A320,350,294,881646.31,840380.46,41265.85,84,Domestic,2023-10
1614,BOM-DXB,BOM,DXB,30-12-2023,233,ATR 72,180,130,4434063.07,3511351.62,922711.45,72.22222222,International,2023-12
1615,DEL-BLR,DEL,BLR,03-02-2023,257,ATR 72,150,125,318892.96,260229.2,58663.76,83.33333333,Domestic,2023-02
1616,MAA-BLR,MAA,BLR,08-11-2023,263,ATR 72,250,135,505479.31,532126.07,-26646.76,54,Domestic,2023-11
1617,BOM-DEL,BOM,DEL,09-06-2023,340,ATR 72,180,92,298011.38,313407.65,-15396.27,51.11111111,Domestic,2023-06
1618,BOM-CCU,BOM,CCU,17-10-2023,534,Boeing 737,120,112,305592.2,183920.85,121671.35,93.33333333,Domestic,2023-10
1619,BOM-DXB,BOM,DXB,30-10-2023,701,Boeing 737,150,130,3024175.41,2342882.32,681293.09,86.66666667,International,2023-10
1620,BOM-CCU,BOM,CCU,07-05-2023,375,Airbus A320,150,92,283613.81,204838.92,78774.89,61.33333333,Domestic,2023-05
1621,MAA-BLR,MAA,BLR,13-03-2023,638,Boeing 777,250,142,388915.5,420083.63,-31168.13,56.8,Domestic,2023-03
1622,BOM-GOI,BOM,GOI,01-06-2023,325,Airbus A380,180,89,270495.53,207785.99,62709.54,49.44444444,Domestic,2023-06
1623,HYD-DXB,HYD,DXB,19-08-2023,706,Airbus A320,120,114,3280731.3,2110896.45,1169834.85,95,International,2023-08
1624,BOM-NRT,BOM,NRT,18-04-2023,779,Airbus A380,180,142,4292697.82,3104536.6,1188161.22,78.88888889,International,2023-04
1625,BOM-DXB,BOM,DXB,25-12-2023,575,ATR 72,180,89,2812501.01,1982611.58,829889.43,49.44444444,International,2023-12
1626,DEL-FRA,DEL,FRA,14-05-2023,92,Boeing 737,350,279,6360190.76,4031656.04,2328534.72,79.71428571,International,2023-05
1627,BOM-NRT,BOM,NRT,15-06-2023,441,ATR 72,250,199,6670305.57,4958860.1,1711445.47,79.6,International,2023-06
1628,BLR-HYD,BLR,HYD,19-11-2023,427,Boeing 737,150,101,303250.73,284670.19,18580.54,67.33333333,Domestic,2023-11
1629,BLR-HYD,BLR,HYD,06-04-2023,426,Boeing 777,150,104,284449.29,160159.17,124290.12,69.33333333,Domestic,2023-04
1630,DEL-CDG,DEL,CDG,22-08-2023,667,ATR 72,250,209,5664648.45,3943463.34,1721185.11,83.6,International,2023-08
1631,DEL-LHR,DEL,LHR,04-11-2023,405,Airbus A380,250,152,5253345.73,5655014.59,-401668.86,60.8,International,2023-11
1632,HYD-DXB,HYD,DXB,25-02-2023,491,Airbus A380,180,172,4473935.33,2537316.82,1936618.51,95.55555556,International,2023-02
1633,HYD-DXB,HYD,DXB,27-03-2023,367,ATR 72,350,194,6709764.76,6717212.97,-7448.21,55.42857143,International,2023-03
1634,DEL-MAA,DEL,MAA,06-12-2023,401,Boeing 737,120,73,275829.16,284350.56,-8521.4,60.83333333,Domestic,2023-12
1635,DEL-FRA,DEL,FRA,22-07-2023,229,Airbus A380,120,95,2185579.31,1427710.15,757869.16,79.16666667,International,2023-07
1636,DEL-AMD,DEL,AMD,11-02-2023,249,Airbus A320,150,102,377751.07,242698.55,135052.52,68,Domestic,2023-02
1637,MAA-CMB,MAA,CMB,11-07-2023,65,Airbus A380,150,94,2543828.98,2447346.29,96482.69,62.66666667,International,2023-07
1638,CCU-DEL,CCU,DEL,30-08-2023,744,Airbus A380,250,206,777341.23,472230.85,305110.38,82.4,Domestic,2023-08
1639,DEL-MAA,DEL,MAA,12-06-2023,841,Airbus A320,250,214,859517.8,895509.8,-35992,85.6,Domestic,2023-06
1640,BOM-BKK,BOM,BKK,02-11-2023,463,ATR 72,120,76,2283659.41,2585411.66,-301752.25,63.33333333,International,2023-11
1641,BOM-DEL,BOM,DEL,24-04-2023,683,Airbus A320,150,96,289126.24,301831.28,-12705.04,64,Domestic,2023-04
1642,DEL-CDG,DEL,CDG,03-11-2023,829,Airbus A380,120,95,2096763.86,1389698.04,707065.82,79.16666667,International,2023-11
1643,CCU-DEL,CCU,DEL,04-06-2023,505,Boeing 737,180,117,318681.81,204099.3,114582.51,65,Domestic,2023-06
1644,DEL-AMD,DEL,AMD,18-07-2023,751,Airbus A380,120,70,288332.15,189639.16,98692.99,58.33333333,Domestic,2023-07
1645,BLR-SIN,BLR,SIN,16-12-2023,589,Boeing 737,250,219,5517552.36,5460183.03,57369.33,87.6,International,2023-12
1646,BLR-SIN,BLR,SIN,07-01-2023,224,Boeing 777,150,113,2910863.53,2395102.87,515760.66,75.33333333,International,2023-01
1647,CCU-KUL,CCU,KUL,01-12-2023,746,Airbus A380,250,214,5252483.99,3703996.19,1548487.8,85.6,International,2023-12
1648,BLR-HYD,BLR,HYD,06-11-2023,886,Airbus A380,350,226,735039.04,552042.33,182996.71,64.57142857,Domestic,2023-11
1649,MAA-CMB,MAA,CMB,06-07-2023,174,Airbus A320,250,182,4686878.08,4475178.1,211699.98,72.8,International,2023-07
1650,DEL-MAA,DEL,MAA,04-01-2023,405,ATR 72,180,99,382447.22,377313.73,5133.49,55,Domestic,2023-01
1651,DEL-FRA,DEL,FRA,11-08-2023,109,Airbus A380,180,84,2773549.86,2291369.41,482180.45,46.66666667,International,2023-08
1652,DEL-BLR,DEL,BLR,03-11-2023,762,Boeing 777,180,121,437414.19,441832.18,-4417.99,67.22222222,Domestic,2023-11
1653,BOM-DEL,BOM,DEL,05-10-2023,333,Airbus A320,180,115,279626.43,208260.04,71366.39,63.88888889,Domestic,2023-10
1654,DEL-BLR,DEL,BLR,02-11-2023,174,Boeing 777,120,87,270847.2,177442.89,93404.31,72.5,Domestic,2023-11
1655,MAA-CMB,MAA,CMB,18-02-2023,189,Airbus A320,250,169,4076354.95,4618965.35,-542610.4,67.6,International,2023-02
1656,DEL-CDG,DEL,CDG,05-05-2023,810,ATR 72,350,242,5117826.2,3959545.43,1158280.77,69.14285714,International,2023-05
1657,DEL-MAA,DEL,MAA,08-11-2023,801,Boeing 737,250,180,667029.3,502048.7,164980.6,72,Domestic,2023-11
1658,DEL-AMD,DEL,AMD,05-08-2023,470,Boeing 737,150,143,409315.25,385467.42,23847.83,95.33333333,Domestic,2023-08
1659,BOM-CCU,BOM,CCU,10-08-2023,179,Airbus A320,350,205,603881.32,518386.06,85495.26,58.57142857,Domestic,2023-08
1660,HYD-BOM,HYD,BOM,22-12-2023,878,Boeing 737,180,135,376295.85,418172.67,-41876.82,75,Domestic,2023-12
1661,MAA-BLR,MAA,BLR,19-12-2023,856,Airbus A320,180,128,317739,250760.38,66978.62,71.11111111,Domestic,2023-12
1662,BOM-GOI,BOM,GOI,14-12-2023,351,Boeing 777,120,79,192261.83,153539.32,38722.51,65.83333333,Domestic,2023-12
1663,DEL-MAA,DEL,MAA,21-05-2023,333,Airbus A380,350,304,1076993.57,655122.93,421870.64,86.85714286,Domestic,2023-05
1664,HYD-BOM,HYD,BOM,10-01-2023,786,Boeing 777,150,72,210102.94,205316.83,4786.11,48,Domestic,2023-01
1665,DEL-FRA,DEL,FRA,29-10-2023,490,ATR 72,180,132,3581693.72,3168345.75,413347.97,73.33333333,International,2023-10
1666,BOM-DXB,BOM,DXB,24-06-2023,387,Boeing 777,250,132,4331624.86,3679216.26,652408.6,52.8,International,2023-06
1667,MAA-CMB,MAA,CMB,24-12-2023,234,Airbus A380,180,119,3559346.81,3177742.03,381604.78,66.11111111,International,2023-12
1668,BOM-CCU,BOM,CCU,20-11-2023,558,ATR 72,180,88,329684.93,286085.76,43599.17,48.88888889,Domestic,2023-11
1669,DEL-AMD,DEL,AMD,30-05-2023,828,Boeing 777,250,201,493096.46,456073.6,37022.86,80.4,Domestic,2023-05
1670,BOM-GOI,BOM,GOI,16-11-2023,420,ATR 72,250,167,630741.01,631266.45,-525.44,66.8,Domestic,2023-11
1671,DEL-AMD,DEL,AMD,12-10-2023,821,Airbus A380,150,97,326663.69,253836.41,72827.28,64.66666667,Domestic,2023-10
1672,BLR-HYD,BLR,HYD,19-02-2023,465,Airbus A320,150,146,500391.79,328844.21,171547.58,97.33333333,Domestic,2023-02
1673,BOM-GOI,BOM,GOI,25-07-2023,623,Airbus A380,180,152,479214.05,435868.72,43345.33,84.44444444,Domestic,2023-07
1674,BOM-DXB,BOM,DXB,05-07-2023,705,Boeing 737,180,128,3582416.13,2454168.3,1128247.83,71.11111111,International,2023-07
1675,BLR-SIN,BLR,SIN,11-09-2023,834,Airbus A380,180,159,4251952.38,4695628.02,-443675.64,88.33333333,International,2023-09
1676,BOM-GOI,BOM,GOI,24-07-2023,355,Boeing 737,350,311,1173490.96,1107440.28,66050.68,88.85714286,Domestic,2023-07
1677,BLR-HYD,BLR,HYD,16-07-2023,654,Airbus A380,250,166,588561.36,542256.64,46304.72,66.4,Domestic,2023-07
1678,DEL-MAA,DEL,MAA,09-11-2023,694,ATR 72,120,92,342043.71,382163.18,-40119.47,76.66666667,Domestic,2023-11
1679,BOM-DXB,BOM,DXB,09-11-2023,315,Airbus A320,350,273,8262466.73,9263114.65,-1000647.92,78,International,2023-11
1680,BOM-DEL,BOM,DEL,04-11-2023,868,Airbus A380,350,252,692359.12,760157.74,-67798.62,72,Domestic,2023-11
1681,DEL-FRA,DEL,FRA,08-07-2023,800,Airbus A320,150,105,3222648.22,2158759.17,1063889.05,70,International,2023-07
1682,DEL-MAA,DEL,MAA,31-05-2023,126,Boeing 737,150,113,364599.84,350089.73,14510.11,75.33333333,Domestic,2023-05
1683,DEL-FRA,DEL,FRA,04-05-2023,875,Airbus A320,250,178,3856789.98,3518950.9,337839.08,71.2,International,2023-05
1684,BOM-DXB,BOM,DXB,23-03-2023,310,Airbus A380,120,54,1106181.28,1057645.83,48535.45,45,International,2023-03
1685,HYD-DXB,HYD,DXB,29-08-2023,454,Boeing 737,250,239,7946834.98,6932857.52,1013977.46,95.6,International,2023-08
1686,DEL-CDG,DEL,CDG,28-11-2023,606,Boeing 737,250,176,5436723.82,3945853.69,1490870.13,70.4,International,2023-11
1687,BLR-SIN,BLR,SIN,21-01-2023,432,Airbus A380,350,274,7288588.27,7452247.09,-163658.82,78.28571429,International,2023-01
1688,BLR-HYD,BLR,HYD,16-03-2023,328,ATR 72,120,99,302903.98,285917.79,16986.19,82.5,Domestic,2023-03
1689,DEL-MAA,DEL,MAA,05-05-2023,874,Airbus A380,150,88,263476.07,254578.39,8897.68,58.66666667,Domestic,2023-05
1690,DEL-FRA,DEL,FRA,30-12-2023,563,Airbus A320,180,113,3428184.03,2565641.71,862542.32,62.77777778,International,2023-12
1691,DEL-FRA,DEL,FRA,25-12-2023,324,ATR 72,180,137,4304518.23,2749788.16,1554730.07,76.11111111,International,2023-12
1692,DEL-AMD,DEL,AMD,14-01-2023,286,Boeing 777,350,224,655019.22,731574.69,-76555.47,64,Domestic,2023-01
1693,BOM-GOI,BOM,GOI,18-10-2023,709,Boeing 777,250,206,744051.75,478175.85,265875.9,82.4,Domestic,2023-10
1694,DEL-MAA,DEL,MAA,17-03-2023,682,Boeing 777,250,146,410296.86,435140.95,-24844.09,58.4,Domestic,2023-03
1695,BOM-NRT,BOM,NRT,05-06-2023,211,ATR 72,120,70,2157196.34,2151316.56,5879.78,58.33333333,International,2023-06
1696,HYD-DXB,HYD,DXB,27-07-2023,548,ATR 72,150,144,4270719.28,3853389.95,417329.33,96,International,2023-07
1697,HYD-DXB,HYD,DXB,10-06-2023,595,Boeing 777,250,227,6192261.89,4034088.5,2158173.39,90.8,International,2023-06
1698,HYD-DXB,HYD,DXB,04-09-2023,239,Airbus A380,250,114,3899281.51,2945596.01,953685.5,45.6,International,2023-09
1699,DEL-AMD,DEL,AMD,16-04-2023,289,Airbus A320,180,139,515936.21,320785.84,195150.37,77.22222222,Domestic,2023-04
1700,CCU-DEL,CCU,DEL,02-07-2023,570,Airbus A380,350,326,1314218.03,1385167.77,-70949.74,93.14285714,Domestic,2023-07
1701,HYD-DXB,HYD,DXB,27-04-2023,819,Airbus A320,180,144,3740741.04,2279248.52,1461492.52,80,International,2023-04
1702,BOM-DXB,BOM,DXB,17-09-2023,128,Boeing 777,350,335,10954193.24,9559039.31,1395153.93,95.71428571,International,2023-09
1703,BOM-CCU,BOM,CCU,29-01-2023,517,ATR 72,350,203,580768.74,577087.52,3681.22,58,Domestic,2023-01
1704,HYD-BOM,HYD,BOM,27-04-2023,766,Airbus A380,150,70,244751.35,215671.31,29080.04,46.66666667,Domestic,2023-04
1705,BOM-CCU,BOM,CCU,08-04-2023,810,Boeing 737,150,109,273541.74,187800.56,85741.18,72.66666667,Domestic,2023-04
1706,BOM-NRT,BOM,NRT,25-10-2023,548,Airbus A380,120,88,2791464.61,2069354.6,722110.01,73.33333333,International,2023-10
1707,BOM-CCU,BOM,CCU,11-04-2023,549,Boeing 737,250,123,338903.53,296683.37,42220.16,49.2,Domestic,2023-04
1708,CCU-DEL,CCU,DEL,03-11-2023,558,Boeing 777,350,159,504596.07,551520.13,-46924.06,45.42857143,Domestic,2023-11
1709,DEL-FRA,DEL,FRA,26-11-2023,259,ATR 72,350,297,10360418.9,7263157.86,3097261.04,84.85714286,International,2023-11
1710,BOM-BKK,BOM,BKK,04-11-2023,337,Airbus A380,150,93,2534175.12,1825248.3,708926.82,62,International,2023-11
1711,DEL-AMD,DEL,AMD,16-05-2023,604,Airbus A320,180,107,364899.51,268304.19,96595.32,59.44444444,Domestic,2023-05
1712,DEL-FRA,DEL,FRA,27-02-2023,834,Airbus A320,250,113,3774257.41,3229740.61,544516.8,45.2,International,2023-02
1713,CCU-KUL,CCU,KUL,25-03-2023,243,Boeing 737,250,201,4305122.45,4594503.89,-289381.44,80.4,International,2023-03
1714,BOM-DXB,BOM,DXB,23-11-2023,763,ATR 72,150,82,1773715.39,1222234.78,551480.61,54.66666667,International,2023-11
1715,DEL-AMD,DEL,AMD,14-09-2023,372,Boeing 777,350,245,889973.13,984782.77,-94809.64,70,Domestic,2023-09
1716,CCU-DEL,CCU,DEL,20-10-2023,748,Airbus A320,180,95,359053.95,366768.83,-7714.88,52.77777778,Domestic,2023-10
1717,BOM-GOI,BOM,GOI,09-11-2023,738,Airbus A320,180,172,716565.4,675072.23,41493.17,95.55555556,Domestic,2023-11
1718,BOM-BKK,BOM,BKK,18-05-2023,294,Boeing 777,250,236,7673914.18,5927904.39,1746009.79,94.4,International,2023-05
1719,DEL-AMD,DEL,AMD,20-06-2023,804,Boeing 777,180,123,389360.96,306086.51,83274.45,68.33333333,Domestic,2023-06
1720,BOM-BKK,BOM,BKK,03-01-2023,840,Airbus A380,120,115,2909980.63,3006657.33,-96676.7,95.83333333,International,2023-01
1721,DEL-FRA,DEL,FRA,21-05-2023,79,Airbus A320,150,120,2860672.8,3002364.9,-141692.1,80,International,2023-05
1722,BOM-DEL,BOM,DEL,14-06-2023,497,Airbus A380,180,134,499850.89,514089.03,-14238.14,74.44444444,Domestic,2023-06
1723,DEL-CDG,DEL,CDG,15-09-2023,510,Boeing 777,120,58,1299563.61,1278393.06,21170.55,48.33333333,International,2023-09
1724,BOM-NRT,BOM,NRT,29-08-2023,107,Airbus A380,250,145,5046571,4550334.7,496236.3,58,International,2023-08
1725,DEL-BLR,DEL,BLR,21-02-2023,117,Boeing 777,180,132,420898.35,303274.6,117623.75,73.33333333,Domestic,2023-02
1726,CCU-KUL,CCU,KUL,10-03-2023,827,Boeing 737,180,174,5391691.94,5632088.18,-240396.24,96.66666667,International,2023-03
1727,DEL-MAA,DEL,MAA,29-10-2023,366,ATR 72,150,112,357153.46,266688.37,90465.09,74.66666667,Domestic,2023-10
1728,MAA-CMB,MAA,CMB,05-12-2023,326,ATR 72,350,309,9376157.55,5947114.28,3429043.27,88.28571429,International,2023-12
1729,BOM-CCU,BOM,CCU,25-12-2023,788,Boeing 777,180,167,534819.62,578006.91,-43187.29,92.77777778,Domestic,2023-12
1730,BOM-GOI,BOM,GOI,14-06-2023,539,Airbus A320,250,160,441307.73,499941.29,-58633.56,64,Domestic,2023-06
1731,MAA-BLR,MAA,BLR,11-05-2023,678,Boeing 737,150,76,238594.56,187961.17,50633.39,50.66666667,Domestic,2023-05
1732,CCU-KUL,CCU,KUL,25-01-2023,601,Boeing 737,350,226,6437772.47,7386653,-948880.53,64.57142857,International,2023-01
1733,HYD-DXB,HYD,DXB,17-06-2023,869,ATR 72,250,149,3725936.99,2199292.76,1526644.23,59.6,International,2023-06
1734,BOM-CCU,BOM,CCU,17-10-2023,154,ATR 72,120,87,333859.35,353149.61,-19290.26,72.5,Domestic,2023-10
1735,BOM-CCU,BOM,CCU,21-10-2023,539,ATR 72,150,127,480162.55,388244.09,91918.46,84.66666667,Domestic,2023-10
1736,MAA-BLR,MAA,BLR,27-08-2023,522,Airbus A320,180,87,310251.72,233894.38,76357.34,48.33333333,Domestic,2023-08
1737,HYD-DXB,HYD,DXB,21-12-2023,817,Airbus A380,120,79,1928169.34,1782040.81,146128.53,65.83333333,International,2023-12
1738,BLR-SIN,BLR,SIN,10-01-2023,68,Airbus A320,180,121,2889818.1,1975866.87,913951.23,67.22222222,International,2023-01
1739,BOM-DXB,BOM,DXB,30-09-2023,528,Airbus A320,350,329,10988156.85,10756775.7,231381.15,94,International,2023-09
1740,BOM-NRT,BOM,NRT,20-03-2023,253,Airbus A320,150,92,1979237.16,1722041.68,257195.48,61.33333333,International,2023-03
1741,DEL-BLR,DEL,BLR,07-03-2023,613,Boeing 777,120,74,219602.79,151100.4,68502.39,61.66666667,Domestic,2023-03
1742,CCU-DEL,CCU,DEL,14-04-2023,370,Airbus A320,250,243,685104.95,754935.61,-69830.66,97.2,Domestic,2023-04
1743,DEL-LHR,DEL,LHR,14-01-2023,200,Airbus A380,120,107,2742057.88,2238537.84,503520.04,89.16666667,International,2023-01
1744,CCU-DEL,CCU,DEL,14-07-2023,110,Airbus A380,250,165,457072.78,355741.09,101331.69,66,Domestic,2023-07
1745,BLR-HYD,BLR,HYD,17-02-2023,239,ATR 72,350,291,762148.43,765169.44,-3021.01,83.14285714,Domestic,2023-02
1746,BLR-HYD,BLR,HYD,08-09-2023,818,ATR 72,180,152,451498.25,300060.63,151437.62,84.44444444,Domestic,2023-09
1747,BOM-CCU,BOM,CCU,17-09-2023,428,Airbus A380,180,129,529005.05,296077.4,232927.65,71.66666667,Domestic,2023-09
1748,BLR-SIN,BLR,SIN,04-08-2023,469,Boeing 737,180,115,2834718.48,1670168.96,1164549.52,63.88888889,International,2023-08
1749,DEL-AMD,DEL,AMD,28-04-2023,778,Boeing 737,250,228,553704.85,624878.45,-71173.6,91.2,Domestic,2023-04
1750,BOM-DXB,BOM,DXB,24-01-2023,204,Airbus A320,150,112,2454953.15,1579651.85,875301.3,74.66666667,International,2023-01
1751,CCU-KUL,CCU,KUL,20-01-2023,122,ATR 72,150,136,4068342.47,3144919.96,923422.51,90.66666667,International,2023-01
1752,BOM-BKK,BOM,BKK,22-03-2023,489,Airbus A320,150,141,4861609.9,4838176.95,23432.95,94,International,2023-03
1753,BOM-GOI,BOM,GOI,06-07-2023,172,Airbus A320,120,85,250827.92,232062.85,18765.07,70.83333333,Domestic,2023-07
1754,MAA-BLR,MAA,BLR,15-11-2023,388,Boeing 737,120,75,299990.76,171154.83,128835.93,62.5,Domestic,2023-11
1755,DEL-MAA,DEL,MAA,28-07-2023,107,ATR 72,250,213,788215.21,513793.46,274421.75,85.2,Domestic,2023-07
1756,BLR-HYD,BLR,HYD,08-01-2023,417,Airbus A320,120,80,201550.9,228002.09,-26451.19,66.66666667,Domestic,2023-01
1757,DEL-FRA,DEL,FRA,01-08-2023,609,Airbus A380,150,135,4339085.87,2388375.95,1950709.92,90,International,2023-08
1758,CCU-KUL,CCU,KUL,29-08-2023,323,Airbus A320,180,143,3644174.95,3345956.6,298218.35,79.44444444,International,2023-08
1759,BLR-HYD,BLR,HYD,02-09-2023,564,ATR 72,150,77,256142.14,264663.6,-8521.46,51.33333333,Domestic,2023-09
1760,DEL-MAA,DEL,MAA,26-04-2023,735,Boeing 737,120,99,287905.82,264587.96,23317.86,82.5,Domestic,2023-04
1761,HYD-BOM,HYD,BOM,26-04-2023,316,Airbus A320,180,112,465149.68,442363.77,22785.91,62.22222222,Domestic,2023-04
1762,HYD-DXB,HYD,DXB,22-09-2023,651,Boeing 777,150,93,2382805.12,1518162.82,864642.3,62,International,2023-09
1763,DEL-BLR,DEL,BLR,17-07-2023,707,Boeing 737,150,145,351737.97,327390.1,24347.87,96.66666667,Domestic,2023-07
1764,HYD-BOM,HYD,BOM,24-03-2023,466,Boeing 777,120,90,294382.87,222653.85,71729.02,75,Domestic,2023-03
1765,BOM-NRT,BOM,NRT,27-07-2023,522,Airbus A320,250,194,5468509.13,3394257.01,2074252.12,77.6,International,2023-07
1766,MAA-BLR,MAA,BLR,02-12-2023,846,ATR 72,180,113,452739.96,318353.45,134386.51,62.77777778,Domestic,2023-12
1767,CCU-KUL,CCU,KUL,09-10-2023,527,Boeing 737,180,153,3663271.38,3733505.68,-70234.3,85,International,2023-10
1768,BOM-BKK,BOM,BKK,25-11-2023,86,ATR 72,150,75,2596973.87,2721750.08,-124776.21,50,International,2023-11
1769,BLR-HYD,BLR,HYD,09-10-2023,789,Boeing 777,150,136,401561.04,325946.48,75614.56,90.66666667,Domestic,2023-10
1770,BOM-CCU,BOM,CCU,16-09-2023,246,Airbus A380,350,193,755020.45,515765.23,239255.22,55.14285714,Domestic,2023-09
1771,BOM-DEL,BOM,DEL,12-04-2023,811,Boeing 777,350,268,716414.42,763666.05,-47251.63,76.57142857,Domestic,2023-04
1772,HYD-DXB,HYD,DXB,25-01-2023,879,ATR 72,180,132,4013515.6,4608739.67,-595224.07,73.33333333,International,2023-01
1773,BOM-GOI,BOM,GOI,11-07-2023,222,Boeing 737,150,117,461692.94,316608.01,145084.93,78,Domestic,2023-07
1774,DEL-MAA,DEL,MAA,04-10-2023,684,Airbus A380,150,89,367240.89,411067.22,-43826.33,59.33333333,Domestic,2023-10
1775,DEL-AMD,DEL,AMD,19-07-2023,594,Airbus A380,250,174,460232.75,512186.58,-51953.83,69.6,Domestic,2023-07
1776,BOM-DEL,BOM,DEL,08-02-2023,317,ATR 72,180,100,372022.89,337198.18,34824.71,55.55555556,Domestic,2023-02
1777,BOM-CCU,BOM,CCU,31-01-2023,833,Airbus A380,150,78,302670.75,305320.86,-2650.11,52,Domestic,2023-01
1778,HYD-BOM,HYD,BOM,20-07-2023,865,Airbus A320,250,164,450683.21,473486.62,-22803.41,65.6,Domestic,2023-07
1779,BOM-CCU,BOM,CCU,26-04-2023,342,Airbus A320,250,128,477616.51,533308.82,-55692.31,51.2,Domestic,2023-04
1780,DEL-MAA,DEL,MAA,16-04-2023,514,Airbus A320,180,153,370165.79,229641.68,140524.11,85,Domestic,2023-04
1781,DEL-AMD,DEL,AMD,26-09-2023,165,ATR 72,250,143,456011.21,475776.66,-19765.45,57.2,Domestic,2023-09
1782,MAA-CMB,MAA,CMB,09-11-2023,525,Airbus A320,120,109,3413199.17,3351775.55,61423.62,90.83333333,International,2023-11
1783,MAA-BLR,MAA,BLR,21-01-2023,450,Boeing 777,120,93,294497.43,191739.5,102757.93,77.5,Domestic,2023-01
1784,CCU-KUL,CCU,KUL,30-05-2023,290,ATR 72,120,59,1827606.99,2057594.26,-229987.27,49.16666667,International,2023-05
1785,DEL-LHR,DEL,LHR,04-05-2023,740,Airbus A380,250,168,4967910.97,5311195.34,-343284.37,67.2,International,2023-05
1786,MAA-BLR,MAA,BLR,22-05-2023,317,ATR 72,180,121,472545.32,538631.71,-66086.39,67.22222222,Domestic,2023-05
1787,BOM-CCU,BOM,CCU,07-01-2023,163,Airbus A380,150,114,319028.85,258496.39,60532.46,76,Domestic,2023-01
1788,MAA-BLR,MAA,BLR,23-02-2023,859,Airbus A380,350,270,922891.36,843501.2,79390.16,77.14285714,Domestic,2023-02
1789,BLR-SIN,BLR,SIN,22-01-2023,676,Boeing 737,350,312,9247731.99,5633219.3,3614512.69,89.14285714,International,2023-01
1790,BLR-HYD,BLR,HYD,02-03-2023,842,Airbus A320,180,136,500037.94,456176.34,43861.6,75.55555556,Domestic,2023-03
1791,BLR-SIN,BLR,SIN,21-01-2023,415,Airbus A380,250,188,5234198.4,5831515.7,-597317.3,75.2,International,2023-01
1792,BOM-BKK,BOM,BKK,09-12-2023,86,Airbus A320,350,191,5626443.45,4205076.38,1421367.07,54.57142857,International,2023-12
1793,DEL-AMD,DEL,AMD,31-07-2023,881,Boeing 737,250,225,642673.26,669036.4,-26363.14,90,Domestic,2023-07
1794,DEL-LHR,DEL,LHR,30-06-2023,314,Boeing 777,250,216,5371420.19,5207391.29,164028.9,86.4,International,2023-06
1795,MAA-BLR,MAA,BLR,24-03-2023,274,ATR 72,350,277,1034115.4,1036174.83,-2059.43,79.14285714,Domestic,2023-03
1796,BOM-GOI,BOM,GOI,13-09-2023,151,Boeing 777,180,139,518712.8,545551.72,-26838.92,77.22222222,Domestic,2023-09
1797,HYD-BOM,HYD,BOM,12-06-2023,373,Boeing 737,120,94,278546.8,236295.6,42251.2,78.33333333,Domestic,2023-06
1798,BOM-GOI,BOM,GOI,15-07-2023,267,Boeing 777,250,158,608397.25,661612.62,-53215.37,63.2,Domestic,2023-07
1799,BOM-GOI,BOM,GOI,28-03-2023,390,Boeing 737,120,66,195290.68,166714.1,28576.58,55,Domestic,2023-03
1800,MAA-CMB,MAA,CMB,01-06-2023,834,ATR 72,350,190,5562642.29,3312893.97,2249748.32,54.28571429,International,2023-06
1801,BOM-CCU,BOM,CCU,16-02-2023,788,ATR 72,250,225,599035,451731.32,147303.68,90,Domestic,2023-02
1802,DEL-LHR,DEL,LHR,23-07-2023,196,Airbus A380,120,107,3321733.18,3573781.89,-252048.71,89.16666667,International,2023-07
1803,DEL-AMD,DEL,AMD,11-11-2023,643,Boeing 737,180,176,562595.42,323190.65,239404.77,97.77777778,Domestic,2023-11
1804,MAA-CMB,MAA,CMB,21-03-2023,743,Boeing 777,120,85,2762391.16,3149008.18,-386617.02,70.83333333,International,2023-03
1805,HYD-BOM,HYD,BOM,26-04-2023,510,Airbus A320,150,68,193026.46,108570.51,84455.95,45.33333333,Domestic,2023-04
1806,DEL-CDG,DEL,CDG,05-09-2023,509,Airbus A380,350,259,7387012.95,5890360.83,1496652.12,74,International,2023-09
1807,HYD-DXB,HYD,DXB,25-10-2023,469,ATR 72,250,211,6456850.86,7355319.82,-898468.96,84.4,International,2023-10
1808,MAA-BLR,MAA,BLR,09-08-2023,439,Boeing 777,150,92,279931.48,314882.23,-34950.75,61.33333333,Domestic,2023-08
1809,DEL-MAA,DEL,MAA,14-06-2023,779,Airbus A320,350,264,679514.49,747797.32,-68282.83,75.42857143,Domestic,2023-06
1810,HYD-DXB,HYD,DXB,29-12-2023,547,ATR 72,180,90,2915496.57,2002055.91,913440.66,50,International,2023-12
1811,DEL-LHR,DEL,LHR,26-12-2023,720,ATR 72,150,104,2975844.28,1731705.9,1244138.38,69.33333333,International,2023-12
1812,DEL-CDG,DEL,CDG,13-08-2023,569,ATR 72,250,121,4227356.31,2381139.22,1846217.09,48.4,International,2023-08
1813,DEL-FRA,DEL,FRA,14-10-2023,725,Boeing 737,180,126,3854924.04,2267721.13,1587202.91,70,International,2023-10
1814,DEL-LHR,DEL,LHR,03-02-2023,796,Boeing 777,350,204,6823378.56,3865759.09,2957619.47,58.28571429,International,2023-02
1815,DEL-CDG,DEL,CDG,09-09-2023,501,Airbus A320,250,141,3776216.29,3296778.13,479438.16,56.4,International,2023-09
1816,DEL-AMD,DEL,AMD,19-06-2023,298,ATR 72,350,333,885653.3,773855.13,111798.17,95.14285714,Domestic,2023-06
1817,BOM-NRT,BOM,NRT,11-06-2023,66,ATR 72,120,99,2512149.03,1562079.46,950069.57,82.5,International,2023-06
1818,BOM-CCU,BOM,CCU,11-11-2023,125,ATR 72,250,209,777187.69,543471.59,233716.1,83.6,Domestic,2023-11
1819,DEL-CDG,DEL,CDG,02-04-2023,245,Boeing 737,250,209,5220162,3166011.85,2054150.15,83.6,International,2023-04
1820,BLR-SIN,BLR,SIN,21-10-2023,777,Airbus A380,250,163,4419926.49,4677870.42,-257943.93,65.2,International,2023-10
1821,BOM-GOI,BOM,GOI,19-02-2023,378,Boeing 777,150,123,489824.89,416257.65,73567.24,82,Domestic,2023-02
1822,BOM-GOI,BOM,GOI,14-05-2023,471,Airbus A320,150,95,338675.52,202846.67,135828.85,63.33333333,Domestic,2023-05
1823,DEL-FRA,DEL,FRA,18-02-2023,596,Boeing 777,120,109,2279572.95,2015774,263798.95,90.83333333,International,2023-02
1824,DEL-LHR,DEL,LHR,18-02-2023,232,Boeing 737,350,159,3959560.3,2905360.36,1054199.94,45.42857143,International,2023-02
1825,BOM-NRT,BOM,NRT,16-10-2023,443,Boeing 737,150,82,2403673.05,1584193.66,819479.39,54.66666667,International,2023-10
1826,CCU-DEL,CCU,DEL,26-06-2023,159,Airbus A320,350,226,614374.43,500357.93,114016.5,64.57142857,Domestic,2023-06
1827,BOM-GOI,BOM,GOI,17-09-2023,212,Airbus A380,120,93,379768.06,411266.07,-31498.01,77.5,Domestic,2023-09
1828,BLR-HYD,BLR,HYD,09-06-2023,358,Boeing 737,180,146,505479.94,328779.92,176700.02,81.11111111,Domestic,2023-06
1829,BLR-HYD,BLR,HYD,12-09-2023,257,ATR 72,150,146,592175.77,658908.62,-66732.85,97.33333333,Domestic,2023-09
1830,MAA-CMB,MAA,CMB,19-07-2023,862,Airbus A380,120,96,2014267.56,1405421.56,608846,80,International,2023-07
1831,DEL-MAA,DEL,MAA,03-05-2023,897,Airbus A380,150,130,321732.15,188269.45,133462.7,86.66666667,Domestic,2023-05
1832,CCU-KUL,CCU,KUL,04-12-2023,784,ATR 72,120,107,2285980.33,2155410.81,130569.52,89.16666667,International,2023-12
1833,HYD-DXB,HYD,DXB,16-10-2023,648,ATR 72,350,230,6485014.87,4348586.72,2136428.15,65.71428571,International,2023-10
1834,BOM-DXB,BOM,DXB,11-03-2023,518,Airbus A320,180,171,4513508.75,3660831.55,852677.2,95,International,2023-03
1835,BOM-CCU,BOM,CCU,09-09-2023,84,Airbus A380,120,74,242082.72,189619.81,52462.91,61.66666667,Domestic,2023-09
1836,CCU-KUL,CCU,KUL,28-05-2023,849,Boeing 737,350,311,7097388.08,4283362.41,2814025.67,88.85714286,International,2023-05
1837,BOM-NRT,BOM,NRT,20-10-2023,615,Airbus A320,180,151,4230171.68,2446412.05,1783759.63,83.88888889,International,2023-10
1838,DEL-AMD,DEL,AMD,17-07-2023,252,Boeing 777,350,167,648913.51,697077.9,-48164.39,47.71428571,Domestic,2023-07
1839,HYD-DXB,HYD,DXB,26-09-2023,242,ATR 72,180,145,2997267.54,2034233.19,963034.35,80.55555556,International,2023-09
1840,DEL-FRA,DEL,FRA,06-04-2023,286,Boeing 777,120,99,2715483.68,2424077.52,291406.16,82.5,International,2023-04
1841,DEL-CDG,DEL,CDG,08-01-2023,106,Airbus A380,150,139,3022550.19,2189127.33,833422.86,92.66666667,International,2023-01
1842,HYD-BOM,HYD,BOM,04-12-2023,893,Boeing 777,150,145,563735.35,435807.04,127928.31,96.66666667,Domestic,2023-12
1843,BLR-SIN,BLR,SIN,23-01-2023,219,Airbus A320,350,203,6095682.39,6578258.51,-482576.12,58,International,2023-01
1844,BOM-BKK,BOM,BKK,15-12-2023,644,Boeing 777,150,142,4231606.44,4647326.69,-415720.25,94.66666667,International,2023-12
1845,BOM-BKK,BOM,BKK,20-12-2023,70,Airbus A380,250,162,5287601.22,3509369.88,1778231.34,64.8,International,2023-12
1846,CCU-KUL,CCU,KUL,10-05-2023,674,Boeing 737,250,118,3717814.1,2332307.28,1385506.82,47.2,International,2023-05
1847,HYD-BOM,HYD,BOM,06-02-2023,712,Boeing 737,120,64,244745.09,144375.17,100369.92,53.33333333,Domestic,2023-02
1848,MAA-CMB,MAA,CMB,17-06-2023,231,Boeing 777,250,150,3644487.66,3875201.43,-230713.77,60,International,2023-06
1849,MAA-BLR,MAA,BLR,25-02-2023,839,Boeing 737,250,221,882065.77,988024.31,-105958.54,88.4,Domestic,2023-02
1850,MAA-CMB,MAA,CMB,12-09-2023,265,Airbus A320,350,342,9245749.35,5691741.89,3554007.46,97.71428571,International,2023-09
1851,HYD-BOM,HYD,BOM,20-01-2023,457,Airbus A320,120,102,392856.71,273055.49,119801.22,85,Domestic,2023-01
1852,DEL-CDG,DEL,CDG,09-07-2023,508,Airbus A320,250,191,3937613.71,4371418.07,-433804.36,76.4,International,2023-07
1853,CCU-DEL,CCU,DEL,18-04-2023,802,Boeing 777,120,90,369671.49,279031.18,90640.31,75,Domestic,2023-04
1854,MAA-BLR,MAA,BLR,31-03-2023,418,Airbus A380,150,139,347718.33,270532.03,77186.3,92.66666667,Domestic,2023-03
1855,DEL-AMD,DEL,AMD,16-09-2023,125,Airbus A320,150,117,351538.15,345459.58,6078.57,78,Domestic,2023-09
1856,BOM-DEL,BOM,DEL,14-08-2023,131,Airbus A320,350,255,867595.59,551806.47,315789.12,72.85714286,Domestic,2023-08
1857,BOM-DXB,BOM,DXB,30-01-2023,174,Boeing 737,250,181,3667408.82,3602457.09,64951.73,72.4,International,2023-01
1858,BOM-DXB,BOM,DXB,09-07-2023,99,Airbus A320,120,97,1948586.84,1075722.38,872864.46,80.83333333,International,2023-07
1859,DEL-BLR,DEL,BLR,18-07-2023,847,ATR 72,120,108,407367.06,232654.31,174712.75,90,Domestic,2023-07
1860,MAA-CMB,MAA,CMB,07-02-2023,80,Airbus A380,350,277,6713656.41,6174076.18,539580.23,79.14285714,International,2023-02
1861,DEL-FRA,DEL,FRA,02-05-2023,759,Airbus A380,350,203,7044499.21,6565603.89,478895.32,58,International,2023-05
1862,CCU-KUL,CCU,KUL,20-03-2023,525,ATR 72,180,102,2478901.17,2450609.77,28291.4,56.66666667,International,2023-03
1863,BLR-SIN,BLR,SIN,12-05-2023,224,Boeing 777,120,81,1984327.06,1142045.57,842281.49,67.5,International,2023-05
1864,BOM-BKK,BOM,BKK,30-12-2023,614,Airbus A320,250,129,3792277.32,2559258.37,1233018.95,51.6,International,2023-12
1865,BLR-SIN,BLR,SIN,04-08-2023,487,Airbus A380,250,171,4416355.92,3392362.66,1023993.26,68.4,International,2023-08
1866,BOM-DXB,BOM,DXB,07-12-2023,468,Airbus A320,350,195,4534605.98,3013604.11,1521001.87,55.71428571,International,2023-12
1867,CCU-DEL,CCU,DEL,04-12-2023,862,ATR 72,180,166,562203.81,566918.42,-4714.61,92.22222222,Domestic,2023-12
1868,BOM-BKK,BOM,BKK,11-07-2023,719,Boeing 777,150,98,2651241.7,2321685,329556.7,65.33333333,International,2023-07
1869,DEL-FRA,DEL,FRA,03-06-2023,853,ATR 72,250,119,2767662.98,2438354.94,329308.04,47.6,International,2023-06
1870,BOM-GOI,BOM,GOI,04-12-2023,453,ATR 72,250,136,434841.59,420222.98,14618.61,54.4,Domestic,2023-12
1871,BLR-SIN,BLR,SIN,18-10-2023,743,Airbus A320,180,174,5256444.73,5317125.22,-60680.49,96.66666667,International,2023-10
1872,BLR-SIN,BLR,SIN,22-10-2023,860,Airbus A320,150,100,2702869.65,2894281.63,-191411.98,66.66666667,International,2023-10
1873,DEL-MAA,DEL,MAA,07-09-2023,383,ATR 72,350,255,900291.3,514229.27,386062.03,72.85714286,Domestic,2023-09
1874,BLR-HYD,BLR,HYD,03-02-2023,147,Boeing 737,120,112,444083.89,332576.73,111507.16,93.33333333,Domestic,2023-02
1875,BOM-CCU,BOM,CCU,10-06-2023,425,Airbus A320,150,143,422366.42,249033.09,173333.33,95.33333333,Domestic,2023-06
1876,DEL-CDG,DEL,CDG,11-06-2023,657,Airbus A380,250,157,3552638.38,2600333.37,952305.01,62.8,International,2023-06
1877,MAA-CMB,MAA,CMB,23-03-2023,215,Airbus A320,250,128,4307644.46,3428057.64,879586.82,51.2,International,2023-03
1878,MAA-CMB,MAA,CMB,10-10-2023,703,Airbus A380,180,146,4898997.03,5563667.65,-664670.62,81.11111111,International,2023-10
1879,DEL-MAA,DEL,MAA,16-08-2023,159,Boeing 737,150,137,445395.71,372407.84,72987.87,91.33333333,Domestic,2023-08
1880,BOM-DEL,BOM,DEL,28-10-2023,764,Boeing 777,250,189,515459.81,559991.84,-44532.03,75.6,Domestic,2023-10
1881,CCU-KUL,CCU,KUL,10-12-2023,640,Boeing 777,180,175,5827038.1,3445725.72,2381312.38,97.22222222,International,2023-12
1882,DEL-MAA,DEL,MAA,16-11-2023,367,Airbus A380,150,76,310311.95,349488.41,-39176.46,50.66666667,Domestic,2023-11
1883,CCU-DEL,CCU,DEL,21-11-2023,388,Boeing 777,120,76,316952.5,268411.2,48541.3,63.33333333,Domestic,2023-11
1884,DEL-CDG,DEL,CDG,30-10-2023,487,Airbus A320,180,162,3706616.25,2661897.21,1044719.04,90,International,2023-10
1885,HYD-DXB,HYD,DXB,13-01-2023,561,Boeing 777,150,71,1674326.18,1228924.73,445401.45,47.33333333,International,2023-01
1886,DEL-FRA,DEL,FRA,10-08-2023,405,Boeing 737,180,152,4772264.35,3936414.25,835850.1,84.44444444,International,2023-08
1887,BOM-CCU,BOM,CCU,20-06-2023,624,Boeing 737,150,136,553218.25,307814.36,245403.89,90.66666667,Domestic,2023-06
1888,BOM-NRT,BOM,NRT,10-01-2023,369,Airbus A380,150,139,3572335.31,2041910.76,1530424.55,92.66666667,International,2023-01
1889,MAA-BLR,MAA,BLR,23-12-2023,444,Boeing 777,180,157,618034.89,630687.43,-12652.54,87.22222222,Domestic,2023-12
1890,BOM-BKK,BOM,BKK,29-12-2023,410,Airbus A320,180,149,4214575.22,3554143.91,660431.31,82.77777778,International,2023-12
1891,MAA-BLR,MAA,BLR,12-02-2023,520,Boeing 737,180,163,654033.34,368746.92,285286.42,90.55555556,Domestic,2023-02
1892,DEL-MAA,DEL,MAA,24-02-2023,308,Boeing 737,150,97,259689.47,267707.18,-8017.71,64.66666667,Domestic,2023-02
1893,BOM-CCU,BOM,CCU,08-02-2023,69,Boeing 737,180,164,575874.39,370716.99,205157.4,91.11111111,Domestic,2023-02
1894,DEL-FRA,DEL,FRA,20-11-2023,398,Boeing 737,350,180,5501198.6,3684223.04,1816975.56,51.42857143,International,2023-11
1895,BOM-CCU,BOM,CCU,06-04-2023,153,Boeing 737,120,81,294360.63,199026.47,95334.16,67.5,Domestic,2023-04
1896,BOM-CCU,BOM,CCU,18-07-2023,388,ATR 72,150,105,289289.65,330587.99,-41298.34,70,Domestic,2023-07
1897,DEL-CDG,DEL,CDG,28-12-2023,250,Airbus A380,180,150,4331577.11,4619797.46,-288220.35,83.33333333,International,2023-12
1898,DEL-FRA,DEL,FRA,05-04-2023,579,Boeing 737,120,65,1492777.49,949907.55,542869.94,54.16666667,International,2023-04
1899,MAA-CMB,MAA,CMB,22-10-2023,253,Boeing 737,120,65,2127400.9,2135424.91,-8024.01,54.16666667,International,2023-10
1900,HYD-BOM,HYD,BOM,25-03-2023,464,ATR 72,180,138,457052.97,329645.71,127407.26,76.66666667,Domestic,2023-03
1901,BOM-BKK,BOM,BKK,09-05-2023,413,Airbus A320,350,158,5270617.9,5060418.36,210199.54,45.14285714,International,2023-05
1902,DEL-AMD,DEL,AMD,24-03-2023,126,Boeing 737,120,85,342112.1,200560.61,141551.49,70.83333333,Domestic,2023-03
1903,BOM-BKK,BOM,BKK,10-02-2023,750,Airbus A380,120,116,3493631.95,2588916.93,904715.02,96.66666667,International,2023-02
1904,DEL-LHR,DEL,LHR,24-12-2023,757,ATR 72,120,90,2781651.05,2062422.87,719228.18,75,International,2023-12
1905,DEL-LHR,DEL,LHR,03-09-2023,439,Airbus A380,180,153,3779424.38,4344291.31,-564866.93,85,International,2023-09
1906,CCU-DEL,CCU,DEL,27-04-2023,661,Airbus A320,120,97,304339.28,328073.12,-23733.84,80.83333333,Domestic,2023-04
1907,BOM-DXB,BOM,DXB,26-07-2023,534,Airbus A380,250,132,4100961.21,3204238.88,896722.33,52.8,International,2023-07
1908,BOM-DEL,BOM,DEL,13-03-2023,867,Boeing 777,250,243,859721.23,678879.69,180841.54,97.2,Domestic,2023-03
1909,BOM-DEL,BOM,DEL,11-08-2023,870,Airbus A320,150,114,311338.25,188953.59,122384.66,76,Domestic,2023-08
1910,BLR-SIN,BLR,SIN,30-08-2023,213,Boeing 777,180,99,2718523.82,1753420.14,965103.68,55,International,2023-08
1911,MAA-CMB,MAA,CMB,23-05-2023,293,Airbus A320,250,192,5277514.25,4280404.69,997109.56,76.8,International,2023-05
1912,BOM-GOI,BOM,GOI,07-09-2023,741,Boeing 737,180,172,433514.12,322521.28,110992.84,95.55555556,Domestic,2023-09
1913,CCU-KUL,CCU,KUL,08-11-2023,356,Airbus A320,150,108,2960655.17,2012778.65,947876.52,72,International,2023-11
1914,CCU-KUL,CCU,KUL,07-01-2023,375,Airbus A320,180,141,4266781.76,3444993.02,821788.74,78.33333333,International,2023-01
1915,BLR-HYD,BLR,HYD,03-11-2023,192,ATR 72,180,113,347140.34,334333.88,12806.46,62.77777778,Domestic,2023-11
1916,DEL-MAA,DEL,MAA,09-07-2023,638,Airbus A380,120,55,168630.84,117647.99,50982.85,45.83333333,Domestic,2023-07
1917,BOM-DXB,BOM,DXB,19-12-2023,299,Boeing 777,250,216,6118186.22,5483925.35,634260.87,86.4,International,2023-12
1918,BOM-DXB,BOM,DXB,24-12-2023,259,Airbus A320,180,155,4430539.28,4859541.82,-429002.54,86.11111111,International,2023-12
1919,BOM-NRT,BOM,NRT,09-11-2023,302,Airbus A320,250,187,6238012.53,4604127.52,1633885.01,74.8,International,2023-11
1920,BLR-HYD,BLR,HYD,16-07-2023,828,Airbus A320,350,217,727519.41,602104.93,125414.48,62,Domestic,2023-07
1921,MAA-BLR,MAA,BLR,04-02-2023,520,Airbus A380,150,130,376633.23,239482.25,137150.98,86.66666667,Domestic,2023-02
1922,DEL-BLR,DEL,BLR,31-08-2023,312,Airbus A320,120,74,287468.26,241338.77,46129.49,61.66666667,Domestic,2023-08
1923,DEL-MAA,DEL,MAA,20-05-2023,387,Airbus A380,180,138,464419.45,485077.69,-20658.24,76.66666667,Domestic,2023-05
1924,CCU-DEL,CCU,DEL,02-11-2023,679,Boeing 737,180,150,558583.62,372556.2,186027.42,83.33333333,Domestic,2023-11
1925,HYD-DXB,HYD,DXB,25-05-2023,314,Airbus A380,250,205,6722055.6,4899748.06,1822307.54,82,International,2023-05
1926,CCU-DEL,CCU,DEL,15-03-2023,363,Boeing 737,120,95,358365.89,214025.36,144340.53,79.16666667,Domestic,2023-03
1927,DEL-FRA,DEL,FRA,17-03-2023,517,Airbus A380,350,186,4959148.58,3662094.21,1297054.37,53.14285714,International,2023-03
1928,MAA-BLR,MAA,BLR,22-08-2023,342,Airbus A320,350,241,649066.49,407043.49,242023,68.85714286,Domestic,2023-08
1929,BOM-DEL,BOM,DEL,05-03-2023,113,Boeing 777,350,246,653168.16,685227.35,-32059.19,70.28571429,Domestic,2023-03
1930,BLR-SIN,BLR,SIN,09-10-2023,86,Airbus A380,180,118,2938100.52,3089835.76,-151735.24,65.55555556,International,2023-10
1931,DEL-BLR,DEL,BLR,26-11-2023,349,Boeing 777,350,297,733853.34,628930.68,104922.66,84.85714286,Domestic,2023-11
1932,DEL-MAA,DEL,MAA,12-09-2023,125,Boeing 737,150,79,263939.4,294047.94,-30108.54,52.66666667,Domestic,2023-09
1933,HYD-BOM,HYD,BOM,17-02-2023,832,Boeing 777,180,113,355131.34,355312.6,-181.26,62.77777778,Domestic,2023-02
1934,CCU-KUL,CCU,KUL,25-07-2023,618,Boeing 737,350,234,7451947.73,7204185.1,247762.63,66.85714286,International,2023-07
1935,MAA-CMB,MAA,CMB,15-02-2023,893,Airbus A320,250,133,4181714.33,4479448.35,-297734.02,53.2,International,2023-02
1936,HYD-BOM,HYD,BOM,03-05-2023,117,ATR 72,120,57,223280.84,153017.02,70263.82,47.5,Domestic,2023-05
1937,DEL-BLR,DEL,BLR,22-01-2023,284,Airbus A320,150,143,378637.06,280825.8,97811.26,95.33333333,Domestic,2023-01
1938,BLR-SIN,BLR,SIN,21-11-2023,746,Airbus A380,120,86,2093634.83,1181035.91,912598.92,71.66666667,International,2023-11
1939,BOM-BKK,BOM,BKK,09-10-2023,129,Boeing 737,150,114,2637110.6,2372459.44,264651.16,76,International,2023-10
1940,BOM-DEL,BOM,DEL,28-06-2023,778,Boeing 737,350,321,1064586.08,1115070.89,-50484.81,91.71428571,Domestic,2023-06
1941,BLR-SIN,BLR,SIN,19-04-2023,215,ATR 72,120,112,3490346.54,2509036.62,981309.92,93.33333333,International,2023-04
1942,MAA-CMB,MAA,CMB,11-07-2023,583,Airbus A380,150,133,4164572.09,2930888.14,1233683.95,88.66666667,International,2023-07
1943,CCU-DEL,CCU,DEL,17-06-2023,326,Airbus A380,120,95,305232.11,249474.16,55757.95,79.16666667,Domestic,2023-06
1944,HYD-DXB,HYD,DXB,27-07-2023,269,Airbus A320,120,56,1795894.09,1788150.28,7743.81,46.66666667,International,2023-07
1945,CCU-DEL,CCU,DEL,13-04-2023,837,ATR 72,180,160,578171.42,625576.44,-47405.02,88.88888889,Domestic,2023-04
1946,DEL-AMD,DEL,AMD,04-07-2023,534,Boeing 737,150,112,447091.09,313589.49,133501.6,74.66666667,Domestic,2023-07
1947,HYD-DXB,HYD,DXB,13-01-2023,377,Boeing 737,150,133,4376414.23,2948878.76,1427535.47,88.66666667,International,2023-01
1948,BLR-SIN,BLR,SIN,17-06-2023,528,Airbus A380,350,297,10042248.43,8416462.08,1625786.35,84.85714286,International,2023-06
1949,DEL-CDG,DEL,CDG,27-05-2023,874,Airbus A320,120,93,3093755.24,3284357.91,-190602.67,77.5,International,2023-05
1950,DEL-CDG,DEL,CDG,26-01-2023,71,Boeing 777,120,73,1877655.9,1672740.83,204915.07,60.83333333,International,2023-01
1951,BOM-GOI,BOM,GOI,19-02-2023,114,Boeing 777,150,118,489427.7,487033.37,2394.33,78.66666667,Domestic,2023-02
1952,DEL-LHR,DEL,LHR,08-02-2023,346,Airbus A380,120,72,1477792.17,919254.58,558537.59,60,International,2023-02
1953,DEL-MAA,DEL,MAA,15-05-2023,527,Airbus A320,120,112,418842.92,401711.06,17131.86,93.33333333,Domestic,2023-05
1954,BOM-DEL,BOM,DEL,01-09-2023,238,Boeing 737,120,59,166536.06,178505.85,-11969.79,49.16666667,Domestic,2023-09
1955,BOM-NRT,BOM,NRT,22-12-2023,630,Boeing 777,180,83,2361222.16,1388328.52,972893.64,46.11111111,International,2023-12
1956,DEL-MAA,DEL,MAA,21-04-2023,126,Airbus A380,250,116,382262.01,400714.08,-18452.07,46.4,Domestic,2023-04
1957,BOM-BKK,BOM,BKK,31-03-2023,73,ATR 72,120,95,3267186.16,3514922.17,-247736.01,79.16666667,International,2023-03
1958,DEL-AMD,DEL,AMD,03-09-2023,267,Boeing 777,120,96,396839.16,263041.62,133797.54,80,Domestic,2023-09
1959,DEL-FRA,DEL,FRA,01-01-2023,725,Boeing 737,350,312,8277412.26,9281361.87,-1003949.61,89.14285714,International,2023-01
1960,CCU-KUL,CCU,KUL,29-04-2023,792,Boeing 737,180,115,3331634.66,2744449.01,587185.65,63.88888889,International,2023-04
1961,CCU-KUL,CCU,KUL,06-10-2023,227,Boeing 777,180,150,4216725.78,3130609.99,1086115.79,83.33333333,International,2023-10
1962,DEL-LHR,DEL,LHR,28-07-2023,238,ATR 72,250,161,5595183.39,5653306.01,-58122.62,64.4,International,2023-07
1963,DEL-MAA,DEL,MAA,11-12-2023,829,Airbus A380,350,233,962405.46,579240.41,383165.05,66.57142857,Domestic,2023-12
1964,MAA-BLR,MAA,BLR,12-03-2023,400,Boeing 777,250,172,579739.97,555508.35,24231.62,68.8,Domestic,2023-03
1965,DEL-BLR,DEL,BLR,25-06-2023,578,Airbus A320,350,220,778548.19,776116.27,2431.92,62.85714286,Domestic,2023-06
1966,BOM-NRT,BOM,NRT,13-03-2023,895,Airbus A320,250,123,3233010.84,1995181.44,1237829.4,49.2,International,2023-03
1967,HYD-DXB,HYD,DXB,06-10-2023,102,ATR 72,120,90,2143868.17,1887180.99,256687.18,75,International,2023-10
1968,BOM-GOI,BOM,GOI,27-04-2023,760,Boeing 777,250,127,472101.98,485390.61,-13288.63,50.8,Domestic,2023-04
1969,MAA-CMB,MAA,CMB,22-07-2023,595,Airbus A380,150,113,3530955.6,3399182.33,131773.27,75.33333333,International,2023-07
1970,BLR-HYD,BLR,HYD,26-04-2023,715,Airbus A380,150,133,533519.1,353722.46,179796.64,88.66666667,Domestic,2023-04
1971,BOM-DEL,BOM,DEL,16-09-2023,879,Boeing 737,250,131,331426.33,371219.48,-39793.15,52.4,Domestic,2023-09
1972,HYD-BOM,HYD,BOM,27-07-2023,370,Airbus A320,350,275,1131017.53,751678.71,379338.82,78.57142857,Domestic,2023-07
1973,BOM-DEL,BOM,DEL,16-01-2023,362,Boeing 737,150,82,311347.61,184567.39,126780.22,54.66666667,Domestic,2023-01
1974,MAA-BLR,MAA,BLR,20-08-2023,181,Airbus A380,180,144,348339.34,316479.01,31860.33,80,Domestic,2023-08
1975,BOM-DXB,BOM,DXB,18-07-2023,443,Airbus A320,180,121,3490288.8,2921594.03,568694.77,67.22222222,International,2023-07
1976,DEL-CDG,DEL,CDG,31-10-2023,102,Airbus A380,120,85,2148158.62,1511163.65,636994.97,70.83333333,International,2023-10
1977,CCU-KUL,CCU,KUL,16-07-2023,830,ATR 72,120,80,2304549.66,2485183.6,-180633.94,66.66666667,International,2023-07
1978,CCU-KUL,CCU,KUL,14-01-2023,449,Boeing 737,250,213,4537417.45,3182062.86,1355354.59,85.2,International,2023-01
1979,BOM-CCU,BOM,CCU,12-02-2023,311,Boeing 737,250,162,487180.79,444389.38,42791.41,64.8,Domestic,2023-02
1980,CCU-KUL,CCU,KUL,18-01-2023,390,Boeing 777,350,301,9878709.5,6716862.69,3161846.81,86,International,2023-01
1981,BOM-BKK,BOM,BKK,18-02-2023,70,Airbus A320,350,317,10052869.98,11171984.72,-1119114.74,90.57142857,International,2023-02
1982,DEL-FRA,DEL,FRA,05-02-2023,574,Airbus A320,250,148,4214410.9,4344149.88,-129738.98,59.2,International,2023-02
1983,MAA-CMB,MAA,CMB,01-12-2023,801,Boeing 737,180,136,4144361.79,3500574.15,643787.64,75.55555556,International,2023-12
1984,DEL-FRA,DEL,FRA,31-05-2023,226,Boeing 737,180,138,3643334.42,3505195.26,138139.16,76.66666667,International,2023-05
1985,BOM-CCU,BOM,CCU,12-04-2023,553,Airbus A380,150,67,254354.26,263023.06,-8668.8,44.66666667,Domestic,2023-04
1986,BOM-GOI,BOM,GOI,12-07-2023,104,Boeing 777,150,85,336431.53,302836.11,33595.42,56.66666667,Domestic,2023-07
1987,CCU-KUL,CCU,KUL,28-04-2023,790,Airbus A380,120,60,1325284.78,1317616.46,7668.32,50,International,2023-04
1988,DEL-CDG,DEL,CDG,16-10-2023,84,Airbus A380,250,161,4907894.7,2759819.93,2148074.77,64.4,International,2023-10
1989,HYD-DXB,HYD,DXB,22-12-2023,437,ATR 72,120,80,1640244.23,1331508.73,308735.5,66.66666667,International,2023-12
1990,BOM-BKK,BOM,BKK,04-02-2023,126,Boeing 737,180,164,4915167.69,4103060.63,812107.06,91.11111111,International,2023-02
1991,HYD-DXB,HYD,DXB,05-05-2023,200,Boeing 737,120,64,1827603.8,1734002.29,93601.51,53.33333333,International,2023-05
1992,DEL-FRA,DEL,FRA,04-12-2023,619,Boeing 777,350,206,4326470.36,4430300.88,-103830.52,58.85714286,International,2023-12
1993,BOM-GOI,BOM,GOI,26-10-2023,483,Boeing 737,350,164,453362.43,331047.9,122314.53,46.85714286,Domestic,2023-10
1994,BLR-SIN,BLR,SIN,06-01-2023,440,Boeing 737,350,303,6572460.49,6240858.27,331602.22,86.57142857,International,2023-01
1995,BOM-NRT,BOM,NRT,29-09-2023,69,Boeing 777,150,92,2176273.08,1824225,352048.08,61.33333333,International,2023-09
1996,CCU-DEL,CCU,DEL,07-04-2023,739,Airbus A380,250,175,451199.81,353160.64,98039.17,70,Domestic,2023-04
1997,MAA-CMB,MAA,CMB,06-02-2023,209,Airbus A320,350,184,5779029.74,4834811.63,944218.11,52.57142857,International,2023-02
1998,BOM-CCU,BOM,CCU,17-10-2023,228,Airbus A320,250,223,680395.42,466210.5,214184.92,89.2,Domestic,2023-10
1999,MAA-BLR,MAA,BLR,28-07-2023,121,Airbus A380,120,109,414760,235002.66,179757.34,90.83333333,Domestic,2023-07
2000,DEL-LHR,DEL,LHR,20-07-2023,520,ATR 72,150,127,2782556.7,2556995.6,225561.1,84.66666667,International,2023-07
2001,HYD-DXB,HYD,DXB,28-07-2023,721,Airbus A320,150,115,2796157.75,2834911.1,-38753.35,76.66666667,International,2023-07
2002,BOM-BKK,BOM,BKK,04-11-2023,91,Airbus A380,120,89,2720473.29,2764623.33,-44150.04,74.16666667,International,2023-11
2003,DEL-BLR,DEL,BLR,09-07-2023,344,Airbus A380,180,125,481532.56,529814.12,-48281.56,69.44444444,Domestic,2023-07
2004,DEL-AMD,DEL,AMD,02-10-2023,679,Boeing 777,180,162,525826.31,443099.37,82726.94,90,Domestic,2023-10
2005,BOM-NRT,BOM,NRT,22-12-2023,633,ATR 72,350,280,8010750.07,6661714.61,1349035.46,80,International,2023-12
2006,BOM-CCU,BOM,CCU,21-12-2023,561,Boeing 777,350,253,894724.02,627161.96,267562.06,72.28571429,Domestic,2023-12
2007,MAA-BLR,MAA,BLR,19-05-2023,355,ATR 72,350,199,809586.87,602736.3,206850.57,56.85714286,Domestic,2023-05
2008,HYD-BOM,HYD,BOM,17-10-2023,255,Boeing 777,180,99,297296.73,284114.61,13182.12,55,Domestic,2023-10
2009,MAA-BLR,MAA,BLR,16-05-2023,672,Airbus A380,150,128,512382.81,324628.64,187754.17,85.33333333,Domestic,2023-05
2010,DEL-AMD,DEL,AMD,08-04-2023,763,Boeing 777,350,260,719689.38,595625.19,124064.19,74.28571429,Domestic,2023-04
2011,HYD-DXB,HYD,DXB,30-03-2023,180,Boeing 777,150,83,2643481.56,2770986.08,-127504.52,55.33333333,International,2023-03
2012,BOM-GOI,BOM,GOI,28-11-2023,889,Airbus A380,180,104,340269.07,242422.76,97846.31,57.77777778,Domestic,2023-11
2013,BOM-NRT,BOM,NRT,24-08-2023,610,Boeing 777,150,87,1834025.57,1145637.95,688387.62,58,International,2023-08
2014,BLR-SIN,BLR,SIN,09-10-2023,462,Boeing 737,120,66,2244780.78,2484261.68,-239480.9,55,International,2023-10
2015,DEL-FRA,DEL,FRA,09-10-2023,657,Boeing 777,350,262,6022816.76,3496822.26,2525994.5,74.85714286,International,2023-10
2016,BOM-BKK,BOM,BKK,18-11-2023,561,ATR 72,120,84,2167474.71,1347447.21,820027.5,70,International,2023-11
2017,BOM-GOI,BOM,GOI,04-03-2023,430,Boeing 737,120,107,310218.77,272711.59,37507.18,89.16666667,Domestic,2023-03
2018,MAA-BLR,MAA,BLR,07-03-2023,862,Boeing 737,250,139,556606.15,495346.3,61259.85,55.6,Domestic,2023-03
2019,BOM-DEL,BOM,DEL,27-02-2023,405,ATR 72,180,108,305988.24,208764.32,97223.92,60,Domestic,2023-02
2020,DEL-CDG,DEL,CDG,20-10-2023,829,Boeing 777,350,223,5250632,2960161.61,2290470.39,63.71428571,International,2023-10
2021,BOM-NRT,BOM,NRT,12-06-2023,840,Airbus A320,150,131,4241359.57,2849704.71,1391654.86,87.33333333,International,2023-06
2022,DEL-CDG,DEL,CDG,09-01-2023,224,Boeing 737,350,294,10195945.71,7257856.45,2938089.26,84,International,2023-01
2023,CCU-KUL,CCU,KUL,05-03-2023,157,Airbus A320,250,141,3791856.49,2462376.76,1329479.73,56.4,International,2023-03
2024,BOM-GOI,BOM,GOI,23-04-2023,346,Boeing 737,120,69,203914.98,183071.31,20843.67,57.5,Domestic,2023-04
2025,DEL-CDG,DEL,CDG,17-07-2023,516,Airbus A320,150,75,1592246.78,1556349.59,35897.19,50,International,2023-07
2026,DEL-FRA,DEL,FRA,18-03-2023,816,Airbus A380,350,296,6022238.06,6076639.96,-54401.9,84.57142857,International,2023-03
2027,CCU-DEL,CCU,DEL,11-12-2023,563,Airbus A380,350,220,536203.46,458204.95,77998.51,62.85714286,Domestic,2023-12
2028,BLR-SIN,BLR,SIN,15-08-2023,681,Airbus A320,180,94,1989073.31,2092831.03,-103757.72,52.22222222,International,2023-08
2029,BLR-SIN,BLR,SIN,28-03-2023,866,Airbus A380,150,84,2125114.52,1518362.58,606751.94,56,International,2023-03
2030,DEL-AMD,DEL,AMD,29-04-2023,448,ATR 72,250,239,868928.93,771596.26,97332.67,95.6,Domestic,2023-04
2031,BOM-CCU,BOM,CCU,20-08-2023,790,Boeing 737,250,188,572861.76,322118.15,250743.61,75.2,Domestic,2023-08
2032,BOM-BKK,BOM,BKK,17-08-2023,494,Boeing 737,250,146,3420539.47,2633667.8,786871.67,58.4,International,2023-08
2033,MAA-BLR,MAA,BLR,03-09-2023,221,Airbus A320,150,135,480737.17,437212.73,43524.44,90,Domestic,2023-09
2034,CCU-DEL,CCU,DEL,19-01-2023,450,Boeing 777,120,102,261318.95,287322.79,-26003.84,85,Domestic,2023-01
2035,BOM-CCU,BOM,CCU,12-11-2023,772,ATR 72,120,69,230836.53,162298.21,68538.32,57.5,Domestic,2023-11
2036,DEL-MAA,DEL,MAA,31-05-2023,205,Airbus A380,180,164,448513.12,356872.3,91640.82,91.11111111,Domestic,2023-05
2037,BOM-GOI,BOM,GOI,24-09-2023,128,Airbus A320,120,93,319054.75,325391.32,-6336.57,77.5,Domestic,2023-09
2038,BOM-GOI,BOM,GOI,28-05-2023,621,Airbus A380,250,231,652630.76,675236.09,-22605.33,92.4,Domestic,2023-05
2039,CCU-DEL,CCU,DEL,05-11-2023,789,Boeing 737,120,103,297080.78,302988.57,-5907.79,85.83333333,Domestic,2023-11
2040,MAA-CMB,MAA,CMB,05-03-2023,857,Airbus A380,350,298,9192741.98,5898349.74,3294392.24,85.14285714,International,2023-03
2041,BOM-GOI,BOM,GOI,06-05-2023,865,Boeing 737,180,162,612267.55,525293.44,86974.11,90,Domestic,2023-05
2042,BOM-DEL,BOM,DEL,14-09-2023,576,Boeing 737,250,130,323312.61,208066.42,115246.19,52,Domestic,2023-09
2043,DEL-MAA,DEL,MAA,04-05-2023,683,Boeing 777,350,302,976163.47,803349.83,172813.64,86.28571429,Domestic,2023-05
2044,BLR-HYD,BLR,HYD,08-05-2023,225,ATR 72,120,58,178603.18,98293.19,80309.99,48.33333333,Domestic,2023-05
2045,DEL-FRA,DEL,FRA,28-09-2023,878,Airbus A380,250,185,5715301.95,6191247.25,-475945.3,74,International,2023-09
2046,DEL-FRA,DEL,FRA,28-11-2023,592,Boeing 777,350,264,8597005.84,6818450.14,1778555.7,75.42857143,International,2023-11
2047,MAA-BLR,MAA,BLR,26-09-2023,477,Airbus A320,350,316,830205.22,474752.86,355452.36,90.28571429,Domestic,2023-09
2048,BOM-CCU,BOM,CCU,04-11-2023,436,Boeing 777,120,92,289095.59,224212.86,64882.73,76.66666667,Domestic,2023-11
2049,DEL-LHR,DEL,LHR,13-01-2023,382,Airbus A380,150,127,2950661.67,2995049.17,-44387.5,84.66666667,International,2023-01
2050,DEL-MAA,DEL,MAA,19-08-2023,664,Airbus A320,180,118,313427.78,341730.98,-28303.2,65.55555556,Domestic,2023-08
2051,DEL-FRA,DEL,FRA,10-05-2023,558,Airbus A380,250,206,5268142.41,3544487.61,1723654.8,82.4,International,2023-05
2052,DEL-MAA,DEL,MAA,01-08-2023,112,Airbus A320,150,138,560410.29,407558.86,152851.43,92,Domestic,2023-08
2053,DEL-BLR,DEL,BLR,29-06-2023,536,Airbus A380,250,122,357351.65,372595.03,-15243.38,48.8,Domestic,2023-06
2054,MAA-CMB,MAA,CMB,02-09-2023,101,Airbus A380,120,76,1740566.4,1920177.49,-179611.09,63.33333333,International,2023-09
2055,BOM-GOI,BOM,GOI,06-01-2023,163,Airbus A320,350,207,505997.08,344693.45,161303.63,59.14285714,Domestic,2023-01
2056,HYD-DXB,HYD,DXB,10-07-2023,84,Airbus A380,250,156,4554246.93,3452827.12,1101419.81,62.4,International,2023-07
2057,BOM-DXB,BOM,DXB,26-05-2023,436,Boeing 737,350,266,8845296.81,8890367.92,-45071.11,76,International,2023-05
2058,BOM-BKK,BOM,BKK,21-09-2023,97,ATR 72,350,251,8779896.66,5636676.12,3143220.54,71.71428571,International,2023-09
2059,BLR-SIN,BLR,SIN,19-06-2023,736,Airbus A380,180,94,2954573.36,1973065.7,981507.66,52.22222222,International,2023-06
2060,DEL-CDG,DEL,CDG,16-07-2023,342,Airbus A380,150,70,1718055.81,1927891.92,-209836.11,46.66666667,International,2023-07
2061,CCU-DEL,CCU,DEL,03-08-2023,642,Airbus A320,250,218,869754.57,701149.95,168604.62,87.2,Domestic,2023-08
2062,BOM-NRT,BOM,NRT,11-05-2023,275,Boeing 737,120,64,1315962.55,1297990.14,17972.41,53.33333333,International,2023-05
2063,BOM-CCU,BOM,CCU,23-04-2023,539,Airbus A320,250,127,457828.76,474774.77,-16946.01,50.8,Domestic,2023-04
2064,BOM-DXB,BOM,DXB,12-11-2023,805,Boeing 777,250,239,5705228.86,5049932.84,655296.02,95.6,International,2023-11
2065,BOM-DXB,BOM,DXB,20-11-2023,740,Boeing 777,350,186,5622660.83,5509861.6,112799.23,53.14285714,International,2023-11
2066,HYD-DXB,HYD,DXB,16-12-2023,345,ATR 72,150,85,1728337.13,1451868.14,276468.99,56.66666667,International,2023-12
2067,BOM-DXB,BOM,DXB,18-09-2023,367,Airbus A380,250,119,3436171.73,3542707.76,-106536.03,47.6,International,2023-09
2068,MAA-BLR,MAA,BLR,24-02-2023,211,ATR 72,150,134,374411.36,420728.32,-46316.96,89.33333333,Domestic,2023-02
2069,DEL-FRA,DEL,FRA,20-03-2023,160,ATR 72,350,224,6974879.19,5590888.22,1383990.97,64,International,2023-03
2070,BOM-DXB,BOM,DXB,03-06-2023,143,Airbus A320,150,117,4004602.8,3795279.82,209322.98,78,International,2023-06
2071,BOM-DXB,BOM,DXB,30-01-2023,506,Airbus A380,250,132,3576884.8,2032948.62,1543936.18,52.8,International,2023-01
2072,DEL-LHR,DEL,LHR,02-03-2023,375,Airbus A320,250,228,6242163.86,7022213.11,-780049.25,91.2,International,2023-03
2073,BOM-NRT,BOM,NRT,20-04-2023,475,Airbus A380,150,90,2624273.18,1702987.06,921286.12,60,International,2023-04
2074,BOM-GOI,BOM,GOI,03-11-2023,394,ATR 72,250,225,580767.23,348103.84,232663.39,90,Domestic,2023-11
2075,BOM-DEL,BOM,DEL,18-03-2023,613,Airbus A380,250,231,942912.81,967573.4,-24660.59,92.4,Domestic,2023-03
2076,DEL-MAA,DEL,MAA,27-01-2023,62,Airbus A380,150,70,204719.3,216213.85,-11494.55,46.66666667,Domestic,2023-01
2077,DEL-LHR,DEL,LHR,08-12-2023,645,Boeing 737,120,64,1577376.69,962172.63,615204.06,53.33333333,International,2023-12
2078,BOM-NRT,BOM,NRT,12-02-2023,100,ATR 72,120,106,2425674.56,1581444.33,844230.23,88.33333333,International,2023-02
2079,BLR-SIN,BLR,SIN,09-09-2023,170,Boeing 777,350,211,6868629.7,4073166,2795463.7,60.28571429,International,2023-09
2080,DEL-CDG,DEL,CDG,26-05-2023,201,Boeing 737,250,192,4588748.8,4295428.71,293320.09,76.8,International,2023-05
2081,HYD-DXB,HYD,DXB,19-02-2023,568,ATR 72,150,122,2498621.74,2651771.91,-153150.17,81.33333333,International,2023-02
2082,BOM-GOI,BOM,GOI,22-12-2023,544,Airbus A380,180,171,504709.54,475483.65,29225.89,95,Domestic,2023-12
2083,BLR-SIN,BLR,SIN,03-08-2023,886,Airbus A320,180,144,3334782.14,2757104.69,577677.45,80,International,2023-08
2084,DEL-MAA,DEL,MAA,19-01-2023,141,Boeing 737,350,319,850397.84,977052.21,-126654.37,91.14285714,Domestic,2023-01
2085,DEL-MAA,DEL,MAA,18-03-2023,800,Boeing 737,180,154,560237.59,502848.07,57389.52,85.55555556,Domestic,2023-03
2086,CCU-KUL,CCU,KUL,11-08-2023,479,Boeing 737,350,292,7165151.49,6989364.97,175786.52,83.42857143,International,2023-08
2087,CCU-KUL,CCU,KUL,02-12-2023,94,Boeing 777,150,98,2467275.9,1429409.65,1037866.25,65.33333333,International,2023-12
2088,MAA-BLR,MAA,BLR,19-07-2023,251,Airbus A380,250,199,619980.79,604781.98,15198.81,79.6,Domestic,2023-07
2089,BOM-DXB,BOM,DXB,19-08-2023,196,Boeing 777,250,199,6839824.37,6846038.12,-6213.75,79.6,International,2023-08
2090,BOM-GOI,BOM,GOI,04-01-2023,862,Airbus A320,180,120,393169.15,449400.71,-56231.56,66.66666667,Domestic,2023-01
2091,DEL-MAA,DEL,MAA,22-01-2023,203,Airbus A320,350,269,1109009.72,1213682.65,-104672.93,76.85714286,Domestic,2023-01
2092,BOM-GOI,BOM,GOI,02-08-2023,99,Boeing 737,180,148,568375.58,439817.17,128558.41,82.22222222,Domestic,2023-08
2093,BOM-DEL,BOM,DEL,23-02-2023,554,ATR 72,150,84,251876.71,238073.71,13803,56,Domestic,2023-02
2094,HYD-DXB,HYD,DXB,21-05-2023,603,Airbus A380,350,341,9952752.27,9130005.05,822747.22,97.42857143,International,2023-05
2095,BOM-BKK,BOM,BKK,21-01-2023,525,ATR 72,350,211,7374840.72,6075849.7,1298991.02,60.28571429,International,2023-01
2096,DEL-AMD,DEL,AMD,20-06-2023,78,Airbus A380,350,273,1044309.33,871696.01,172613.32,78,Domestic,2023-06
2097,BOM-BKK,BOM,BKK,26-08-2023,683,ATR 72,150,140,4553084.56,3113124.79,1439959.77,93.33333333,International,2023-08
2098,MAA-BLR,MAA,BLR,03-06-2023,727,Boeing 737,150,120,413185.76,325130.73,88055.03,80,Domestic,2023-06
2099,BOM-DEL,BOM,DEL,29-09-2023,294,Boeing 737,150,143,458836.93,361649.81,97187.12,95.33333333,Domestic,2023-09
2100,BOM-BKK,BOM,BKK,25-01-2023,137,Boeing 777,350,308,8685042.2,6948494.37,1736547.83,88,International,2023-01
2101,HYD-DXB,HYD,DXB,24-11-2023,866,Boeing 777,350,280,7685869.52,6902723.58,783145.94,80,International,2023-11
2102,MAA-CMB,MAA,CMB,05-12-2023,625,Boeing 777,120,108,3659519.23,2866925.59,792593.64,90,International,2023-12
2103,BOM-DXB,BOM,DXB,01-04-2023,618,Airbus A320,120,97,2055929.88,1928679.72,127250.16,80.83333333,International,2023-04
2104,CCU-KUL,CCU,KUL,11-01-2023,161,Airbus A320,180,97,2365320.69,1665790.09,699530.6,53.88888889,International,2023-01
2105,BOM-GOI,BOM,GOI,07-08-2023,268,Airbus A320,180,90,366942.12,269957.65,96984.47,50,Domestic,2023-08
2106,MAA-CMB,MAA,CMB,21-12-2023,621,Boeing 737,120,116,3839404.82,4076749.81,-237344.99,96.66666667,International,2023-12
2107,BOM-DEL,BOM,DEL,03-05-2023,127,Boeing 777,150,76,244136.69,152063.82,92072.87,50.66666667,Domestic,2023-05
2108,MAA-CMB,MAA,CMB,27-08-2023,583,Boeing 737,250,201,4859076.21,2915255.55,1943820.66,80.4,International,2023-08
2109,BOM-CCU,BOM,CCU,30-06-2023,240,Airbus A380,150,110,313554.63,175884.25,137670.38,73.33333333,Domestic,2023-06
2110,DEL-CDG,DEL,CDG,14-02-2023,124,Airbus A320,150,94,2616142.26,2521223.08,94919.18,62.66666667,International,2023-02
2111,CCU-DEL,CCU,DEL,03-09-2023,835,Boeing 777,120,75,232552.56,233495.28,-942.72,62.5,Domestic,2023-09
2112,BLR-HYD,BLR,HYD,20-09-2023,854,Airbus A380,150,80,281434.81,236420.4,45014.41,53.33333333,Domestic,2023-09
2113,BOM-NRT,BOM,NRT,24-12-2023,128,Airbus A320,250,186,4997410.39,3714717.08,1282693.31,74.4,International,2023-12
2114,DEL-LHR,DEL,LHR,12-04-2023,102,Boeing 737,250,137,3913280.26,2192504.48,1720775.78,54.8,International,2023-04
2115,DEL-LHR,DEL,LHR,29-11-2023,406,Airbus A380,120,115,3786961.81,2276475.88,1510485.93,95.83333333,International,2023-11
2116,BLR-HYD,BLR,HYD,01-11-2023,593,ATR 72,120,91,295947.8,261070.66,34877.14,75.83333333,Domestic,2023-11
2117,MAA-CMB,MAA,CMB,24-06-2023,182,ATR 72,120,103,3045834.05,2124842.5,920991.55,85.83333333,International,2023-06
2118,MAA-CMB,MAA,CMB,06-08-2023,360,Boeing 737,120,57,1396675.37,1576073.85,-179398.48,47.5,International,2023-08
2119,DEL-MAA,DEL,MAA,23-12-2023,324,Airbus A380,150,89,349727.87,398265.26,-48537.39,59.33333333,Domestic,2023-12
2120,HYD-DXB,HYD,DXB,06-07-2023,136,Airbus A380,180,151,3941562.54,2229697.27,1711865.27,83.88888889,International,2023-07
2121,DEL-AMD,DEL,AMD,17-06-2023,249,Boeing 737,150,141,491417.65,521365.59,-29947.94,94,Domestic,2023-06
2122,DEL-LHR,DEL,LHR,28-02-2023,157,Boeing 777,180,111,2426005.4,2173329.21,252676.19,61.66666667,International,2023-02
2123,BOM-NRT,BOM,NRT,10-02-2023,297,Boeing 737,180,110,3455046.78,3465081.54,-10034.76,61.11111111,International,2023-02
2124,BOM-CCU,BOM,CCU,31-12-2023,622,ATR 72,350,212,719583.15,524236.21,195346.94,60.57142857,Domestic,2023-12
2125,BLR-SIN,BLR,SIN,21-01-2023,379,Airbus A380,120,95,2283393.67,1327181.65,956212.02,79.16666667,International,2023-01
2126,BOM-CCU,BOM,CCU,18-02-2023,662,Boeing 737,120,110,272419.92,282145.41,-9725.49,91.66666667,Domestic,2023-02
2127,BLR-SIN,BLR,SIN,05-10-2023,169,Boeing 777,150,114,3239635.7,3325370.3,-85734.6,76,International,2023-10
2128,BOM-CCU,BOM,CCU,21-06-2023,232,Airbus A320,350,287,742461.21,770191.34,-27730.13,82,Domestic,2023-06
2129,CCU-KUL,CCU,KUL,22-04-2023,806,Airbus A320,150,126,4073911.95,3908791.71,165120.24,84,International,2023-04
2130,HYD-BOM,HYD,BOM,28-07-2023,65,ATR 72,180,136,505067.59,532898.89,-27831.3,75.55555556,Domestic,2023-07
2131,CCU-KUL,CCU,KUL,08-10-2023,303,Boeing 737,250,140,4200452.8,2795330.25,1405122.55,56,International,2023-10
2132,HYD-DXB,HYD,DXB,30-05-2023,412,Airbus A320,250,241,6307728.01,5658025.83,649702.18,96.4,International,2023-05
2133,MAA-BLR,MAA,BLR,08-05-2023,691,Boeing 737,250,146,509461.26,280647.73,228813.53,58.4,Domestic,2023-05
2134,BLR-HYD,BLR,HYD,27-07-2023,664,Airbus A320,180,146,501934.69,521343.37,-19408.68,81.11111111,Domestic,2023-07
2135,BOM-NRT,BOM,NRT,03-03-2023,747,Airbus A320,150,124,2909391.51,2036567.03,872824.48,82.66666667,International,2023-03
2136,DEL-BLR,DEL,BLR,06-02-2023,760,Airbus A380,150,144,417281.52,257699.77,159581.75,96,Domestic,2023-02
2137,BOM-DEL,BOM,DEL,30-11-2023,275,Boeing 737,120,80,241155.41,197324.14,43831.27,66.66666667,Domestic,2023-11
2138,DEL-MAA,DEL,MAA,28-11-2023,864,Boeing 737,180,112,351683.17,332591.04,19092.13,62.22222222,Domestic,2023-11
2139,MAA-BLR,MAA,BLR,16-08-2023,739,Airbus A320,150,83,251964.82,270098.89,-18134.07,55.33333333,Domestic,2023-08
2140,HYD-BOM,HYD,BOM,08-09-2023,560,Boeing 777,250,118,283849.39,235069.73,48779.66,47.2,Domestic,2023-09
2141,DEL-BLR,DEL,BLR,31-01-2023,826,Airbus A380,350,211,663410.97,715677.11,-52266.14,60.28571429,Domestic,2023-01
2142,DEL-MAA,DEL,MAA,26-05-2023,346,Airbus A320,250,214,695889.72,701164.56,-5274.84,85.6,Domestic,2023-05
2143,BOM-CCU,BOM,CCU,28-10-2023,525,Boeing 777,180,142,455652.09,438819.64,16832.45,78.88888889,Domestic,2023-10
2144,MAA-BLR,MAA,BLR,02-09-2023,459,Boeing 777,150,105,334806.44,210958.87,123847.57,70,Domestic,2023-09
2145,HYD-BOM,HYD,BOM,27-11-2023,557,Airbus A380,150,145,492005.85,460090.96,31914.89,96.66666667,Domestic,2023-11
2146,DEL-MAA,DEL,MAA,26-02-2023,334,Boeing 777,350,204,525892.06,561232.77,-35340.71,58.28571429,Domestic,2023-02
2147,HYD-DXB,HYD,DXB,08-06-2023,824,Airbus A380,120,58,1992724.09,1224073.6,768650.49,48.33333333,International,2023-06
2148,DEL-AMD,DEL,AMD,10-05-2023,889,Airbus A320,350,316,1085126.5,1198694.11,-113567.61,90.28571429,Domestic,2023-05
2149,BOM-GOI,BOM,GOI,18-11-2023,568,ATR 72,120,63,153419.24,155121.56,-1702.32,52.5,Domestic,2023-11
2150,MAA-CMB,MAA,CMB,03-08-2023,641,Boeing 777,120,84,1916088.55,1896106.36,19982.19,70,International,2023-08
2151,BOM-BKK,BOM,BKK,09-05-2023,772,Boeing 777,350,194,5049685.19,5328155.21,-278470.02,55.42857143,International,2023-05
2152,DEL-CDG,DEL,CDG,17-10-2023,637,Boeing 777,120,78,2290804.49,2483585.41,-192780.92,65,International,2023-10
2153,BOM-DXB,BOM,DXB,24-01-2023,404,Boeing 777,250,213,5961292.73,5042599.87,918692.86,85.2,International,2023-01
2154,BOM-BKK,BOM,BKK,15-10-2023,76,Boeing 737,120,89,1962889.31,1563325.88,399563.43,74.16666667,International,2023-10
2155,DEL-BLR,DEL,BLR,15-04-2023,538,Airbus A380,350,342,865495,829643.13,35851.87,97.71428571,Domestic,2023-04
2156,MAA-CMB,MAA,CMB,14-08-2023,795,Airbus A320,150,126,2932909.16,1783542.27,1149366.89,84,International,2023-08
2157,MAA-BLR,MAA,BLR,06-01-2023,661,Airbus A380,120,117,416219.85,451132.76,-34912.91,97.5,Domestic,2023-01
2158,CCU-DEL,CCU,DEL,17-02-2023,408,Airbus A320,350,179,689104.97,706098.11,-16993.14,51.14285714,Domestic,2023-02
2159,MAA-CMB,MAA,CMB,19-11-2023,839,Airbus A320,120,84,2029122.69,1319381.51,709741.18,70,International,2023-11
2160,BOM-DEL,BOM,DEL,08-09-2023,896,Airbus A320,250,230,593438.73,505740.52,87698.21,92,Domestic,2023-09
2161,HYD-BOM,HYD,BOM,22-10-2023,344,Boeing 737,250,204,832805.25,834467.89,-1662.64,81.6,Domestic,2023-10
2162,MAA-CMB,MAA,CMB,23-12-2023,228,Boeing 737,120,116,3314765.35,3150283.9,164481.45,96.66666667,International,2023-12
2163,CCU-DEL,CCU,DEL,30-03-2023,220,Airbus A320,120,100,275254.09,185918.33,89335.76,83.33333333,Domestic,2023-03
2164,DEL-MAA,DEL,MAA,01-06-2023,531,Boeing 737,250,142,375182.04,232885.15,142296.89,56.8,Domestic,2023-06
2165,CCU-DEL,CCU,DEL,07-07-2023,702,Boeing 777,250,132,331832.47,361927.65,-30095.18,52.8,Domestic,2023-07
2166,CCU-KUL,CCU,KUL,13-07-2023,67,Airbus A320,180,84,1900620.64,2006570.03,-105949.39,46.66666667,International,2023-07
2167,BOM-BKK,BOM,BKK,25-02-2023,146,Airbus A320,150,73,1914482.86,1552207.33,362275.53,48.66666667,International,2023-02
2168,BOM-GOI,BOM,GOI,17-05-2023,790,ATR 72,350,321,1077134.26,1174666.95,-97532.69,91.71428571,Domestic,2023-05
2169,BOM-NRT,BOM,NRT,27-10-2023,397,Airbus A380,150,133,3845567.84,3639099.2,206468.64,88.66666667,International,2023-10
2170,CCU-DEL,CCU,DEL,18-08-2023,495,Airbus A320,350,312,998754.56,738517.19,260237.37,89.14285714,Domestic,2023-08
2171,DEL-CDG,DEL,CDG,20-04-2023,811,Boeing 737,150,99,2537656.3,2210980.36,326675.94,66,International,2023-04
2172,BOM-CCU,BOM,CCU,25-10-2023,178,Airbus A320,120,68,248913,278717.24,-29804.24,56.66666667,Domestic,2023-10
2173,BLR-HYD,BLR,HYD,14-10-2023,550,Airbus A380,350,289,1118449.6,650601.04,467848.56,82.57142857,Domestic,2023-10
2174,BOM-GOI,BOM,GOI,03-10-2023,297,Airbus A320,150,139,460805.68,421241.29,39564.39,92.66666667,Domestic,2023-10
2175,BOM-CCU,BOM,CCU,04-05-2023,611,ATR 72,120,75,252571.47,178263.66,74307.81,62.5,Domestic,2023-05
2176,BOM-DXB,BOM,DXB,09-10-2023,199,Airbus A320,120,81,2653047.69,1785979.23,867068.46,67.5,International,2023-10
2177,HYD-BOM,HYD,BOM,24-12-2023,711,Boeing 737,350,184,588105.54,472409.56,115695.98,52.57142857,Domestic,2023-12
2178,MAA-CMB,MAA,CMB,11-02-2023,815,Boeing 777,250,134,3235385.65,3424123.56,-188737.91,53.6,International,2023-02
2179,BOM-DEL,BOM,DEL,17-01-2023,843,Boeing 737,120,103,375289.81,400708.74,-25418.93,85.83333333,Domestic,2023-01
2180,BOM-DEL,BOM,DEL,12-02-2023,390,Airbus A320,350,172,625791.3,524705.93,101085.37,49.14285714,Domestic,2023-02
2181,BLR-HYD,BLR,HYD,13-08-2023,862,ATR 72,180,86,304054.97,343942.79,-39887.82,47.77777778,Domestic,2023-08
2182,BOM-DEL,BOM,DEL,18-03-2023,421,Boeing 777,250,201,769918.68,656287.96,113630.72,80.4,Domestic,2023-03
2183,DEL-AMD,DEL,AMD,30-05-2023,327,Airbus A320,120,88,234634.27,223110.48,11523.79,73.33333333,Domestic,2023-05
2184,MAA-CMB,MAA,CMB,02-09-2023,354,Airbus A380,350,326,6894592.95,4518957.39,2375635.56,93.14285714,International,2023-09
2185,DEL-AMD,DEL,AMD,14-09-2023,696,Boeing 737,180,117,289304.69,234572.28,54732.41,65,Domestic,2023-09
2186,BOM-DEL,BOM,DEL,23-01-2023,673,Boeing 737,120,96,383464.99,297851.62,85613.37,80,Domestic,2023-01
2187,BOM-DXB,BOM,DXB,15-02-2023,430,ATR 72,180,131,3416185.28,3032892.38,383292.9,72.77777778,International,2023-02
2188,HYD-BOM,HYD,BOM,31-07-2023,212,Boeing 777,350,199,592811.6,561270.67,31540.93,56.85714286,Domestic,2023-07
2189,DEL-LHR,DEL,LHR,08-06-2023,234,ATR 72,250,209,5912223.32,3391402.63,2520820.69,83.6,International,2023-06
2190,CCU-KUL,CCU,KUL,28-01-2023,476,Airbus A320,150,100,3284038.43,2906234.19,377804.24,66.66666667,International,2023-01
2191,DEL-CDG,DEL,CDG,01-07-2023,865,Boeing 737,350,301,10323271.07,10980799.53,-657528.46,86,International,2023-07
2192,HYD-DXB,HYD,DXB,05-04-2023,188,Boeing 737,120,71,1470040.73,916491.42,553549.31,59.16666667,International,2023-04
2193,BLR-SIN,BLR,SIN,10-05-2023,601,Boeing 737,350,327,10162372.97,7184438.89,2977934.08,93.42857143,International,2023-05
2194,MAA-BLR,MAA,BLR,26-11-2023,241,ATR 72,250,178,725460.29,623459.13,102001.16,71.2,Domestic,2023-11
2195,BLR-SIN,BLR,SIN,07-04-2023,601,Boeing 737,250,147,3281468.36,1933829.46,1347638.9,58.8,International,2023-04
2196,BLR-SIN,BLR,SIN,13-11-2023,754,Boeing 777,150,108,3205201.45,3045541.97,159659.48,72,International,2023-11
2197,DEL-AMD,DEL,AMD,28-07-2023,364,Airbus A320,120,69,217739.12,213426.73,4312.39,57.5,Domestic,2023-07
2198,DEL-LHR,DEL,LHR,28-09-2023,501,Airbus A320,120,73,2312232.85,1385723.38,926509.47,60.83333333,International,2023-09
2199,DEL-BLR,DEL,BLR,19-07-2023,358,Airbus A380,150,95,356300.1,357937.23,-1637.13,63.33333333,Domestic,2023-07
2200,DEL-BLR,DEL,BLR,06-04-2023,472,Airbus A320,180,113,410159.5,297898.79,112260.71,62.77777778,Domestic,2023-04
2201,BOM-DEL,BOM,DEL,09-12-2023,146,Airbus A380,250,153,585342.62,625058.42,-39715.8,61.2,Domestic,2023-12
2202,HYD-DXB,HYD,DXB,22-10-2023,894,ATR 72,350,327,6650323.21,4558928.49,2091394.72,93.42857143,International,2023-10
2203,BLR-HYD,BLR,HYD,08-07-2023,307,ATR 72,350,253,985371.28,704796.58,280574.7,72.28571429,Domestic,2023-07
2204,DEL-MAA,DEL,MAA,27-08-2023,684,Boeing 737,180,84,305448.31,178538.83,126909.48,46.66666667,Domestic,2023-08
2205,DEL-AMD,DEL,AMD,03-05-2023,269,Airbus A320,150,144,559164.62,372737.65,186426.97,96,Domestic,2023-05
2206,HYD-DXB,HYD,DXB,12-05-2023,661,Boeing 777,120,79,1842926.41,1169981.18,672945.23,65.83333333,International,2023-05
2207,BLR-HYD,BLR,HYD,16-02-2023,156,ATR 72,250,182,673082.07,688175.16,-15093.09,72.8,Domestic,2023-02
2208,MAA-CMB,MAA,CMB,25-01-2023,681,Airbus A320,150,114,3358793.85,2246341.48,1112452.37,76,International,2023-01
2209,CCU-DEL,CCU,DEL,10-03-2023,474,Boeing 777,150,70,219237.51,125152.72,94084.79,46.66666667,Domestic,2023-03
2210,BOM-CCU,BOM,CCU,12-02-2023,828,ATR 72,350,249,1028634.38,1177635.33,-149000.95,71.14285714,Domestic,2023-02
2211,BLR-HYD,BLR,HYD,25-08-2023,572,Airbus A380,350,291,973119.52,540109.72,433009.8,83.14285714,Domestic,2023-08
2212,BOM-GOI,BOM,GOI,17-04-2023,900,Boeing 737,120,91,273205.59,218294.99,54910.6,75.83333333,Domestic,2023-04
2213,MAA-CMB,MAA,CMB,07-03-2023,671,ATR 72,120,69,1770496.31,1475467.55,295028.76,57.5,International,2023-03
2214,CCU-KUL,CCU,KUL,16-05-2023,806,Boeing 777,350,179,5526027.96,4416990.31,1109037.65,51.14285714,International,2023-05
2215,BOM-DEL,BOM,DEL,14-11-2023,756,Airbus A320,250,161,615945.52,388264.82,227680.7,64.4,Domestic,2023-11
2216,DEL-BLR,DEL,BLR,09-02-2023,378,ATR 72,120,105,416589.06,388916.33,27672.73,87.5,Domestic,2023-02
2217,BOM-NRT,BOM,NRT,27-05-2023,171,ATR 72,180,102,2647413.27,2214317.98,433095.29,56.66666667,International,2023-05
2218,BOM-DEL,BOM,DEL,28-10-2023,202,Airbus A380,150,81,299806.7,334272.5,-34465.8,54,Domestic,2023-10
2219,DEL-CDG,DEL,CDG,05-11-2023,577,Airbus A320,120,69,1664645.35,1252840.08,411805.27,57.5,International,2023-11
2220,BOM-CCU,BOM,CCU,17-02-2023,321,Boeing 737,180,93,312943.98,348744.97,-35800.99,51.66666667,Domestic,2023-02
2221,DEL-BLR,DEL,BLR,07-07-2023,705,Boeing 737,180,103,420658.82,339556.52,81102.3,57.22222222,Domestic,2023-07
2222,DEL-BLR,DEL,BLR,23-09-2023,770,Boeing 737,120,101,319940.61,338472.27,-18531.66,84.16666667,Domestic,2023-09
2223,DEL-BLR,DEL,BLR,09-04-2023,116,ATR 72,150,96,299145.08,273555.15,25589.93,64,Domestic,2023-04
2224,BOM-DEL,BOM,DEL,17-07-2023,217,Airbus A380,120,74,276855.48,168872.83,107982.65,61.66666667,Domestic,2023-07
2225,BOM-GOI,BOM,GOI,22-04-2023,320,Boeing 777,180,85,269758.4,237434.56,32323.84,47.22222222,Domestic,2023-04
2226,BOM-BKK,BOM,BKK,20-10-2023,171,Airbus A380,250,168,4774654.57,5211300.15,-436645.58,67.2,International,2023-10
2227,DEL-CDG,DEL,CDG,18-04-2023,597,Boeing 777,180,152,3131979.4,2177540.21,954439.19,84.44444444,International,2023-04
2228,MAA-CMB,MAA,CMB,03-01-2023,872,ATR 72,250,215,5404914.93,3742662.55,1662252.38,86,International,2023-01
2229,MAA-CMB,MAA,CMB,28-09-2023,199,Airbus A380,120,67,1988361.25,1826717.67,161643.58,55.83333333,International,2023-09
2230,BLR-HYD,BLR,HYD,28-01-2023,164,Boeing 777,250,204,496229.49,517743.08,-21513.59,81.6,Domestic,2023-01
2231,HYD-DXB,HYD,DXB,08-07-2023,638,ATR 72,120,105,2550078.95,1680672.43,869406.52,87.5,International,2023-07
2232,BOM-DEL,BOM,DEL,20-08-2023,321,ATR 72,150,99,344136.94,307545.69,36591.25,66,Domestic,2023-08
2233,BOM-BKK,BOM,BKK,16-11-2023,646,Airbus A380,180,160,4740198.37,4767202.27,-27003.9,88.88888889,International,2023-11
2234,DEL-FRA,DEL,FRA,15-02-2023,594,Boeing 777,150,110,2804197.81,2188562.27,615635.54,73.33333333,International,2023-02
2235,BOM-NRT,BOM,NRT,08-05-2023,210,Boeing 777,350,176,3576161.68,3040678.07,535483.61,50.28571429,International,2023-05
2236,DEL-AMD,DEL,AMD,19-10-2023,693,Airbus A320,150,138,358115.35,377278.76,-19163.41,92,Domestic,2023-10
2237,HYD-BOM,HYD,BOM,31-05-2023,859,Airbus A320,250,166,565682.81,629331.98,-63649.17,66.4,Domestic,2023-05
2238,BOM-BKK,BOM,BKK,15-11-2023,776,Boeing 737,350,245,6362627.16,3948837.29,2413789.87,70,International,2023-11
2239,BOM-BKK,BOM,BKK,16-01-2023,717,Airbus A380,150,127,3129600.85,3492067.8,-362466.95,84.66666667,International,2023-01
2240,HYD-BOM,HYD,BOM,24-09-2023,681,Airbus A320,180,144,501742.11,384876.86,116865.25,80,Domestic,2023-09
2241,HYD-BOM,HYD,BOM,24-09-2023,201,ATR 72,120,107,445728.4,466592.13,-20863.73,89.16666667,Domestic,2023-09
2242,DEL-LHR,DEL,LHR,28-07-2023,739,Boeing 737,150,139,3960668.44,3210077.91,750590.53,92.66666667,International,2023-07
2243,BOM-DEL,BOM,DEL,09-10-2023,883,Airbus A320,250,190,578682.99,553181.89,25501.1,76,Domestic,2023-10
2244,BOM-BKK,BOM,BKK,05-12-2023,332,Boeing 737,350,228,5853772.69,4648802.66,1204970.03,65.14285714,International,2023-12
2245,BOM-CCU,BOM,CCU,21-04-2023,75,ATR 72,250,219,564331.25,591627.11,-27295.86,87.6,Domestic,2023-04
2246,DEL-MAA,DEL,MAA,08-04-2023,886,ATR 72,180,135,562255.21,562397.5,-142.29,75,Domestic,2023-04
2247,MAA-BLR,MAA,BLR,09-04-2023,855,Boeing 777,250,184,521286.98,535763.19,-14476.21,73.6,Domestic,2023-04
2248,DEL-AMD,DEL,AMD,18-09-2023,338,Boeing 737,120,106,285738.03,286137.98,-399.95,88.33333333,Domestic,2023-09
2249,BOM-DEL,BOM,DEL,04-01-2023,743,ATR 72,250,192,774376.37,606779.46,167596.91,76.8,Domestic,2023-01
2250,DEL-BLR,DEL,BLR,01-03-2023,841,Airbus A380,350,194,493959.97,328977.21,164982.76,55.42857143,Domestic,2023-03
2251,DEL-CDG,DEL,CDG,21-06-2023,86,Boeing 737,120,77,1604664.12,1506733.26,97930.86,64.16666667,International,2023-06
2252,BOM-CCU,BOM,CCU,31-05-2023,704,ATR 72,120,108,321678.76,264382.03,57296.73,90,Domestic,2023-05
2253,BOM-GOI,BOM,GOI,19-11-2023,594,Airbus A320,350,333,1184058.69,1096659.3,87399.39,95.14285714,Domestic,2023-11
2254,DEL-BLR,DEL,BLR,08-07-2023,285,Boeing 777,180,82,269901.67,220136.38,49765.29,45.55555556,Domestic,2023-07
2255,DEL-AMD,DEL,AMD,20-07-2023,226,Boeing 737,250,229,848865.94,855469.96,-6604.02,91.6,Domestic,2023-07
2256,BOM-BKK,BOM,BKK,10-12-2023,193,ATR 72,150,94,2663204.93,1611882.71,1051322.22,62.66666667,International,2023-12
2257,CCU-KUL,CCU,KUL,17-11-2023,545,Airbus A380,120,116,3303833.18,3665573.51,-361740.33,96.66666667,International,2023-11
2258,BOM-CCU,BOM,CCU,15-05-2023,83,Airbus A380,350,282,810196.81,917287.15,-107090.34,80.57142857,Domestic,2023-05
2259,CCU-DEL,CCU,DEL,14-04-2023,524,Airbus A320,120,113,465282.91,343620.78,121662.13,94.16666667,Domestic,2023-04
2260,BOM-GOI,BOM,GOI,14-04-2023,413,Airbus A380,120,83,337718.72,279817.87,57900.85,69.16666667,Domestic,2023-04
2261,CCU-DEL,CCU,DEL,26-03-2023,754,Boeing 737,120,92,220876.91,136407.4,84469.51,76.66666667,Domestic,2023-03
2262,BOM-BKK,BOM,BKK,02-05-2023,585,Boeing 777,150,104,2931935.95,3330268.37,-398332.42,69.33333333,International,2023-05
2263,BLR-SIN,BLR,SIN,04-03-2023,254,Airbus A320,250,122,3662213.33,2666226.42,995986.91,48.8,International,2023-03
2264,MAA-BLR,MAA,BLR,31-10-2023,110,Airbus A320,350,217,575816.45,453370.88,122445.57,62,Domestic,2023-10
2265,HYD-DXB,HYD,DXB,23-01-2023,897,Boeing 737,250,148,5168742.05,3576275.91,1592466.14,59.2,International,2023-01
2266,CCU-DEL,CCU,DEL,16-12-2023,316,Boeing 737,250,174,451514.12,286740.34,164773.78,69.6,Domestic,2023-12
2267,DEL-FRA,DEL,FRA,13-09-2023,743,ATR 72,150,140,2957874.98,3106877.09,-149002.11,93.33333333,International,2023-09
2268,BOM-CCU,BOM,CCU,09-09-2023,900,ATR 72,350,310,801104.58,533560.67,267543.91,88.57142857,Domestic,2023-09
2269,HYD-DXB,HYD,DXB,03-08-2023,235,ATR 72,350,220,7138166.44,7285474.83,-147308.39,62.85714286,International,2023-08
2270,DEL-CDG,DEL,CDG,13-08-2023,299,Airbus A380,150,137,3848384.59,4140807.32,-292422.73,91.33333333,International,2023-08
2271,HYD-DXB,HYD,DXB,01-04-2023,616,Boeing 777,250,116,2718300.42,2718742.79,-442.37,46.4,International,2023-04
2272,BOM-DEL,BOM,DEL,10-09-2023,864,ATR 72,350,290,919775.76,881556.49,38219.27,82.85714286,Domestic,2023-09
2273,BLR-HYD,BLR,HYD,21-08-2023,549,Boeing 737,250,226,744361.72,811493.85,-67132.13,90.4,Domestic,2023-08
2274,HYD-DXB,HYD,DXB,17-03-2023,871,Boeing 737,180,153,3923188.13,2495844.75,1427343.38,85,International,2023-03
2275,BOM-GOI,BOM,GOI,03-04-2023,289,Boeing 777,180,145,370495.36,291214.56,79280.8,80.55555556,Domestic,2023-04
2276,DEL-LHR,DEL,LHR,08-01-2023,855,Boeing 777,350,340,11578999.69,11139559.24,439440.45,97.14285714,International,2023-01
2277,BLR-SIN,BLR,SIN,19-10-2023,213,Boeing 737,350,278,9467569.84,5620441.47,3847128.37,79.42857143,International,2023-10
2278,BOM-NRT,BOM,NRT,13-03-2023,395,ATR 72,250,240,7517866.85,8442073.76,-924206.91,96,International,2023-03
2279,MAA-CMB,MAA,CMB,30-10-2023,607,Boeing 777,150,101,2942576.32,2128313.82,814262.5,67.33333333,International,2023-10
2280,MAA-CMB,MAA,CMB,09-01-2023,222,Airbus A320,120,108,3453383.86,3870690.74,-417306.88,90,International,2023-01
2281,HYD-BOM,HYD,BOM,06-12-2023,615,Airbus A380,350,290,826902.62,935590.18,-108687.56,82.85714286,Domestic,2023-12
2282,DEL-MAA,DEL,MAA,02-06-2023,680,Boeing 777,350,252,890348.47,835469.57,54878.9,72,Domestic,2023-06
2283,DEL-AMD,DEL,AMD,27-06-2023,522,ATR 72,350,242,933748.99,1025024.1,-91275.11,69.14285714,Domestic,2023-06
2284,DEL-FRA,DEL,FRA,16-02-2023,425,Airbus A320,150,138,3591422.39,2816744.36,774678.03,92,International,2023-02
2285,CCU-DEL,CCU,DEL,04-10-2023,847,Airbus A320,120,113,363138.11,282619.13,80518.98,94.16666667,Domestic,2023-10
2286,BOM-CCU,BOM,CCU,11-11-2023,125,Airbus A380,250,193,634284.49,555116.95,79167.54,77.2,Domestic,2023-11
2287,DEL-CDG,DEL,CDG,22-10-2023,506,ATR 72,250,207,4617907.08,4850893.69,-232986.61,82.8,International,2023-10
2288,BOM-DXB,BOM,DXB,22-09-2023,650,Airbus A320,250,244,5019738.53,4698391.9,321346.63,97.6,International,2023-09
2289,BOM-DXB,BOM,DXB,15-12-2023,596,Boeing 737,250,197,5956310.94,6107858.2,-151547.26,78.8,International,2023-12
2290,DEL-LHR,DEL,LHR,27-01-2023,772,Boeing 777,120,96,3169614.03,3180201.46,-10587.43,80,International,2023-01
2291,BLR-SIN,BLR,SIN,15-07-2023,805,ATR 72,180,146,4166533.73,2368176.46,1798357.27,81.11111111,International,2023-07
2292,BLR-HYD,BLR,HYD,27-03-2023,346,ATR 72,150,129,389159.03,301488.34,87670.69,86,Domestic,2023-03
2293,MAA-BLR,MAA,BLR,04-04-2023,596,Airbus A380,250,191,525821.67,400577.24,125244.43,76.4,Domestic,2023-04
2294,DEL-CDG,DEL,CDG,31-05-2023,250,Airbus A320,150,121,3761939.35,3980304.39,-218365.04,80.66666667,International,2023-05
2295,BLR-SIN,BLR,SIN,24-04-2023,259,ATR 72,350,330,8283921.05,5373389.56,2910531.49,94.28571429,International,2023-04
2296,BOM-CCU,BOM,CCU,17-12-2023,756,Boeing 777,150,109,327893.61,374988.54,-47094.93,72.66666667,Domestic,2023-12
2297,CCU-KUL,CCU,KUL,02-04-2023,411,Airbus A380,150,144,3251211.53,3633680.29,-382468.76,96,International,2023-04
2298,HYD-BOM,HYD,BOM,22-12-2023,287,Boeing 777,350,270,981608.61,600089.18,381519.43,77.14285714,Domestic,2023-12
2299,HYD-DXB,HYD,DXB,24-02-2023,633,Airbus A380,180,115,3941558.91,3325805.69,615753.22,63.88888889,International,2023-02
2300,MAA-BLR,MAA,BLR,17-07-2023,632,Boeing 777,120,92,345991.6,350766.96,-4775.36,76.66666667,Domestic,2023-07
2301,DEL-AMD,DEL,AMD,14-05-2023,289,Boeing 737,150,91,320476.93,345041.5,-24564.57,60.66666667,Domestic,2023-05
2302,HYD-DXB,HYD,DXB,23-10-2023,136,Boeing 737,250,191,4292194.66,2873575.78,1418618.88,76.4,International,2023-10
2303,BOM-DXB,BOM,DXB,25-10-2023,301,Boeing 777,120,59,1502337.96,1181916.99,320420.97,49.16666667,International,2023-10
2304,BOM-CCU,BOM,CCU,16-06-2023,360,Airbus A380,120,74,221258.45,135926.44,85332.01,61.66666667,Domestic,2023-06
2305,BOM-GOI,BOM,GOI,07-07-2023,694,Airbus A320,250,175,686450.75,593584.17,92866.58,70,Domestic,2023-07
2306,HYD-BOM,HYD,BOM,07-08-2023,518,Boeing 777,120,55,193456.31,216988.02,-23531.71,45.83333333,Domestic,2023-08
2307,DEL-MAA,DEL,MAA,23-12-2023,718,Boeing 737,180,171,654317.42,373690.7,280626.72,95,Domestic,2023-12
2308,DEL-LHR,DEL,LHR,01-04-2023,527,Airbus A380,350,255,8915795.11,8627345.27,288449.84,72.85714286,International,2023-04
2309,HYD-DXB,HYD,DXB,31-08-2023,634,Boeing 737,350,293,6438533.18,5387817.96,1050715.22,83.71428571,International,2023-08
2310,MAA-BLR,MAA,BLR,04-07-2023,192,Airbus A320,350,255,1005112.11,762869.79,242242.32,72.85714286,Domestic,2023-07
2311,BOM-GOI,BOM,GOI,12-03-2023,398,ATR 72,250,167,688037.15,735113.1,-47075.95,66.8,Domestic,2023-03
2312,BOM-NRT,BOM,NRT,17-09-2023,485,Airbus A380,350,239,5850660.87,3806170.34,2044490.53,68.28571429,International,2023-09
2313,CCU-KUL,CCU,KUL,28-12-2023,405,ATR 72,180,174,5811176.22,4171077.79,1640098.43,96.66666667,International,2023-12
2314,BOM-DXB,BOM,DXB,29-10-2023,492,Boeing 777,180,156,5089288.64,3678637.44,1410651.2,86.66666667,International,2023-10
2315,HYD-DXB,HYD,DXB,07-03-2023,371,ATR 72,120,115,3701420.85,2986544.59,714876.26,95.83333333,International,2023-03
2316,BOM-DXB,BOM,DXB,14-01-2023,199,Boeing 737,120,56,1793362.05,1387169.42,406192.63,46.66666667,International,2023-01
2317,HYD-BOM,HYD,BOM,28-10-2023,722,Airbus A320,120,114,300507.44,323473.13,-22965.69,95,Domestic,2023-10
2318,BLR-HYD,BLR,HYD,16-06-2023,384,Boeing 737,150,67,201795.53,115078.66,86716.87,44.66666667,Domestic,2023-06
2319,CCU-DEL,CCU,DEL,21-11-2023,708,Airbus A380,350,294,1066511.72,768257.12,298254.6,84,Domestic,2023-11
2320,DEL-AMD,DEL,AMD,24-09-2023,597,ATR 72,250,163,573096.93,561659.35,11437.58,65.2,Domestic,2023-09
2321,DEL-MAA,DEL,MAA,13-09-2023,766,Airbus A320,250,171,606567.66,494133.24,112434.42,68.4,Domestic,2023-09
2322,DEL-AMD,DEL,AMD,26-11-2023,483,Airbus A320,120,62,243209.5,277471.39,-34261.89,51.66666667,Domestic,2023-11
2323,BOM-GOI,BOM,GOI,08-07-2023,354,Airbus A320,120,87,334923.25,218947.48,115975.77,72.5,Domestic,2023-07
2324,MAA-CMB,MAA,CMB,24-02-2023,814,Airbus A320,150,133,2911959.36,2661378.1,250581.26,88.66666667,International,2023-02
2325,BOM-DEL,BOM,DEL,17-11-2023,372,ATR 72,120,57,212549.22,229827.19,-17277.97,47.5,Domestic,2023-11
2326,HYD-DXB,HYD,DXB,06-05-2023,485,Boeing 777,250,133,4091501.44,3387401.72,704099.72,53.2,International,2023-05
2327,BOM-DEL,BOM,DEL,30-09-2023,229,Airbus A380,250,181,462774.54,381148.74,81625.8,72.4,Domestic,2023-09
2328,BOM-GOI,BOM,GOI,29-06-2023,551,Airbus A380,180,105,435952.95,386788.26,49164.69,58.33333333,Domestic,2023-06
2329,MAA-BLR,MAA,BLR,05-09-2023,198,Airbus A380,150,136,557035.32,415136.45,141898.87,90.66666667,Domestic,2023-09
2330,DEL-CDG,DEL,CDG,16-02-2023,583,Airbus A380,250,231,6538916.19,6458708.23,80207.96,92.4,International,2023-02
2331,BLR-SIN,BLR,SIN,28-01-2023,622,Airbus A320,250,239,7093831.78,4648796.5,2445035.28,95.6,International,2023-01
2332,DEL-FRA,DEL,FRA,18-12-2023,280,Airbus A320,250,216,6679703.2,7384258.17,-704554.97,86.4,International,2023-12
2333,BOM-NRT,BOM,NRT,06-04-2023,89,Boeing 777,150,81,2320627.41,2065647.94,254979.47,54,International,2023-04
2334,DEL-CDG,DEL,CDG,20-04-2023,818,Airbus A380,150,143,4431867,4563235.41,-131368.41,95.33333333,International,2023-04
2335,BOM-NRT,BOM,NRT,08-02-2023,715,Boeing 777,150,111,2459548.47,2676047.61,-216499.14,74,International,2023-02
2336,BOM-DXB,BOM,DXB,01-12-2023,432,Airbus A320,350,316,8880375.25,6590323.81,2290051.44,90.28571429,International,2023-12
2337,DEL-AMD,DEL,AMD,17-05-2023,487,Boeing 737,250,208,672557.48,669999.08,2558.4,83.2,Domestic,2023-05
2338,CCU-KUL,CCU,KUL,23-04-2023,225,Airbus A380,180,104,2110514.09,1581987.55,528526.54,57.77777778,International,2023-04
2339,MAA-BLR,MAA,BLR,23-10-2023,890,Airbus A380,350,290,756801.99,821859.07,-65057.08,82.85714286,Domestic,2023-10
2340,DEL-CDG,DEL,CDG,26-10-2023,509,Boeing 737,150,112,2979438.06,1928452.44,1050985.62,74.66666667,International,2023-10
2341,BOM-DXB,BOM,DXB,07-05-2023,742,ATR 72,250,213,7169569.82,7035203.27,134366.55,85.2,International,2023-05
2342,CCU-DEL,CCU,DEL,09-09-2023,784,Boeing 777,150,113,384760.71,422847.58,-38086.87,75.33333333,Domestic,2023-09
2343,HYD-BOM,HYD,BOM,08-03-2023,212,Boeing 737,120,62,189456.69,187092.62,2364.07,51.66666667,Domestic,2023-03
2344,DEL-BLR,DEL,BLR,08-10-2023,252,Airbus A320,120,110,316531.69,279347.45,37184.24,91.66666667,Domestic,2023-10
2345,DEL-CDG,DEL,CDG,18-12-2023,536,ATR 72,350,251,7161988.73,5440158.93,1721829.8,71.71428571,International,2023-12
2346,CCU-DEL,CCU,DEL,21-12-2023,817,Boeing 777,350,223,630249.86,548943.68,81306.18,63.71428571,Domestic,2023-12
2347,DEL-BLR,DEL,BLR,21-01-2023,266,Boeing 737,180,174,491605.19,384784.63,106820.56,96.66666667,Domestic,2023-01
2348,BOM-CCU,BOM,CCU,21-10-2023,873,ATR 72,180,91,229277.7,240996.19,-11718.49,50.55555556,Domestic,2023-10
2349,BOM-GOI,BOM,GOI,18-04-2023,805,ATR 72,120,55,146772.32,131553.95,15218.37,45.83333333,Domestic,2023-04
2350,BOM-NRT,BOM,NRT,28-06-2023,739,Boeing 737,120,73,1983375.77,1868841.42,114534.35,60.83333333,International,2023-06
2351,HYD-DXB,HYD,DXB,09-04-2023,118,ATR 72,150,139,3982105.03,4560732.99,-578627.96,92.66666667,International,2023-04
2352,BOM-CCU,BOM,CCU,18-04-2023,763,ATR 72,250,124,513526.94,327173.37,186353.57,49.6,Domestic,2023-04
2353,DEL-BLR,DEL,BLR,21-11-2023,214,Airbus A320,120,67,175040.35,168401.34,6639.01,55.83333333,Domestic,2023-11
2354,DEL-FRA,DEL,FRA,29-07-2023,537,Airbus A320,120,61,1925809.87,1837343.22,88466.65,50.83333333,International,2023-07
2355,BLR-HYD,BLR,HYD,27-02-2023,451,Airbus A380,120,62,168966.9,105194.41,63772.49,51.66666667,Domestic,2023-02
2356,DEL-BLR,DEL,BLR,17-08-2023,199,Boeing 777,350,298,1215340.65,812784.34,402556.31,85.14285714,Domestic,2023-08
2357,DEL-CDG,DEL,CDG,20-04-2023,97,Boeing 777,350,193,4960921.03,3348825.81,1612095.22,55.14285714,International,2023-04
2358,BOM-DEL,BOM,DEL,05-12-2023,243,Airbus A380,180,155,400912.65,404366.93,-3454.28,86.11111111,Domestic,2023-12
2359,DEL-AMD,DEL,AMD,01-04-2023,162,Boeing 737,180,83,282622.96,222387.59,60235.37,46.11111111,Domestic,2023-04
2360,HYD-DXB,HYD,DXB,13-03-2023,405,Boeing 737,350,280,9724332.13,6224319.85,3500012.28,80,International,2023-03
2361,DEL-AMD,DEL,AMD,12-07-2023,191,Boeing 737,350,193,757403.71,868545.32,-111141.61,55.14285714,Domestic,2023-07
2362,DEL-LHR,DEL,LHR,14-07-2023,869,Boeing 737,120,105,2438023.61,2316537.71,121485.9,87.5,International,2023-07
2363,DEL-CDG,DEL,CDG,26-06-2023,191,ATR 72,250,221,6993643.3,4806856.53,2186786.77,88.4,International,2023-06
2364,DEL-FRA,DEL,FRA,02-03-2023,205,Boeing 777,150,101,2563909.35,1912633.72,651275.63,67.33333333,International,2023-03
2365,DEL-LHR,DEL,LHR,18-07-2023,374,Airbus A320,150,134,3201308.1,1904680.38,1296627.72,89.33333333,International,2023-07
2366,DEL-MAA,DEL,MAA,14-01-2023,204,Airbus A380,120,80,244102.45,157976.35,86126.1,66.66666667,Domestic,2023-01
2367,HYD-BOM,HYD,BOM,13-10-2023,566,Boeing 777,120,64,224957.73,183535.98,41421.75,53.33333333,Domestic,2023-10
2368,BOM-CCU,BOM,CCU,09-08-2023,496,ATR 72,120,80,210718.22,224627,-13908.78,66.66666667,Domestic,2023-08
2369,HYD-DXB,HYD,DXB,29-11-2023,169,Boeing 777,180,105,3460886.9,3622373.9,-161487,58.33333333,International,2023-11
2370,BOM-DEL,BOM,DEL,24-04-2023,778,Boeing 777,120,69,181087.08,166542.59,14544.49,57.5,Domestic,2023-04
2371,BLR-SIN,BLR,SIN,12-09-2023,637,Airbus A380,180,121,3848113.82,3554671.46,293442.36,67.22222222,International,2023-09
2372,DEL-LHR,DEL,LHR,15-08-2023,664,Boeing 777,180,108,3526478.6,3940706.15,-414227.55,60,International,2023-08
2373,MAA-BLR,MAA,BLR,03-09-2023,168,Airbus A320,180,125,300614.71,173296.61,127318.1,69.44444444,Domestic,2023-09
2374,DEL-BLR,DEL,BLR,02-03-2023,876,ATR 72,120,56,137085.86,150366.84,-13280.98,46.66666667,Domestic,2023-03
2375,BOM-BKK,BOM,BKK,11-10-2023,295,Boeing 737,250,165,5189524.5,3134412.67,2055111.83,66,International,2023-10
2376,BOM-GOI,BOM,GOI,05-08-2023,588,Boeing 737,350,159,409483.99,403774.9,5709.09,45.42857143,Domestic,2023-08
2377,DEL-LHR,DEL,LHR,18-08-2023,169,Airbus A320,350,163,5019892.94,5695172.46,-675279.52,46.57142857,International,2023-08
2378,DEL-BLR,DEL,BLR,26-08-2023,146,Airbus A320,350,165,530530.05,370257.88,160272.17,47.14285714,Domestic,2023-08
2379,DEL-FRA,DEL,FRA,31-12-2023,294,Boeing 777,120,115,3702420.09,2675499.01,1026921.08,95.83333333,International,2023-12
2380,HYD-DXB,HYD,DXB,22-05-2023,563,Boeing 777,150,131,2963836.93,2882150.16,81686.77,87.33333333,International,2023-05
2381,BOM-DEL,BOM,DEL,09-01-2023,638,Airbus A380,150,95,374958.18,358392.41,16565.77,63.33333333,Domestic,2023-01
2382,DEL-FRA,DEL,FRA,07-08-2023,780,Airbus A380,350,204,4170833.18,2595500.41,1575332.77,58.28571429,International,2023-08
2383,BOM-DEL,BOM,DEL,20-06-2023,263,Airbus A320,350,232,900311.68,991849.72,-91538.04,66.28571429,Domestic,2023-06
2384,DEL-FRA,DEL,FRA,11-05-2023,507,Airbus A380,250,221,4681664.26,4218592.95,463071.31,88.4,International,2023-05
2385,HYD-DXB,HYD,DXB,04-05-2023,201,Airbus A380,120,56,1943051.17,1538489.66,404561.51,46.66666667,International,2023-05
2386,BOM-BKK,BOM,BKK,21-02-2023,378,Boeing 777,350,162,3404781.32,2110582.13,1294199.19,46.28571429,International,2023-02
2387,DEL-FRA,DEL,FRA,29-10-2023,557,Airbus A380,120,112,2302749.24,2301398.91,1350.33,93.33333333,International,2023-10
2388,MAA-BLR,MAA,BLR,27-10-2023,301,ATR 72,350,170,626760.25,629500.66,-2740.41,48.57142857,Domestic,2023-10
2389,MAA-BLR,MAA,BLR,21-10-2023,63,Boeing 777,150,120,440869.44,326243.19,114626.25,80,Domestic,2023-10
2390,BOM-GOI,BOM,GOI,22-01-2023,321,ATR 72,350,250,963524.37,702002,261522.37,71.42857143,Domestic,2023-01
2391,DEL-CDG,DEL,CDG,12-09-2023,464,ATR 72,350,341,10087879.36,9470664.05,617215.31,97.42857143,International,2023-09
2392,CCU-DEL,CCU,DEL,26-08-2023,664,Airbus A380,120,105,324239.82,286603.75,37636.07,87.5,Domestic,2023-08
2393,DEL-AMD,DEL,AMD,22-02-2023,480,Airbus A380,120,63,206193.95,231252.25,-25058.3,52.5,Domestic,2023-02
2394,CCU-KUL,CCU,KUL,03-09-2023,644,Boeing 777,150,86,1944712.09,1445682.87,499029.22,57.33333333,International,2023-09
2395,BOM-GOI,BOM,GOI,18-04-2023,814,ATR 72,350,267,920924.41,1010421.48,-89497.07,76.28571429,Domestic,2023-04
2396,DEL-CDG,DEL,CDG,17-08-2023,886,Boeing 737,120,99,3332940.2,2163363.61,1169576.59,82.5,International,2023-08
2397,BOM-BKK,BOM,BKK,05-12-2023,202,Boeing 737,150,104,2884291.15,3005109.02,-120817.87,69.33333333,International,2023-12
2398,MAA-CMB,MAA,CMB,29-03-2023,168,Boeing 737,250,119,2662669.88,2527445.63,135224.25,47.6,International,2023-03
2399,BOM-DEL,BOM,DEL,19-11-2023,882,Boeing 777,120,108,434536.43,381283.38,53253.05,90,Domestic,2023-11
2400,BOM-CCU,BOM,CCU,01-05-2023,438,ATR 72,350,252,833621.59,955189.28,-121567.69,72,Domestic,2023-05
2401,BOM-NRT,BOM,NRT,18-08-2023,210,Boeing 737,120,116,3994783.46,3949139.22,45644.24,96.66666667,International,2023-08
2402,MAA-CMB,MAA,CMB,15-09-2023,700,ATR 72,180,169,4668331.36,4851289.43,-182958.07,93.88888889,International,2023-09
2403,BOM-CCU,BOM,CCU,07-10-2023,468,Boeing 777,180,132,354986.2,220853.15,134133.05,73.33333333,Domestic,2023-10
2404,DEL-LHR,DEL,LHR,25-09-2023,585,Airbus A320,350,339,11725259.91,9078629.2,2646630.71,96.85714286,International,2023-09
2405,BOM-DEL,BOM,DEL,04-10-2023,236,Boeing 737,120,70,173899.61,145133.93,28765.68,58.33333333,Domestic,2023-10
2406,CCU-KUL,CCU,KUL,08-12-2023,155,Airbus A320,150,97,2063861.29,1872764.73,191096.56,64.66666667,International,2023-12
2407,BOM-CCU,BOM,CCU,28-11-2023,744,Boeing 737,150,108,356338.64,370693.85,-14355.21,72,Domestic,2023-11
2408,MAA-BLR,MAA,BLR,26-03-2023,674,Airbus A380,350,325,868005.65,855613.36,12392.29,92.85714286,Domestic,2023-03
2409,BLR-SIN,BLR,SIN,24-10-2023,746,Airbus A380,120,70,2018283.76,1387776.68,630507.08,58.33333333,International,2023-10
2410,BLR-HYD,BLR,HYD,13-05-2023,869,Boeing 737,350,236,717038.35,413310.02,303728.33,67.42857143,Domestic,2023-05
2411,MAA-CMB,MAA,CMB,25-11-2023,314,Airbus A320,250,150,5010966.32,4833368.99,177597.33,60,International,2023-11
2412,MAA-CMB,MAA,CMB,25-04-2023,401,Airbus A380,180,91,3090828.88,2777481.42,313347.46,50.55555556,International,2023-04
2413,BLR-SIN,BLR,SIN,04-04-2023,359,Boeing 737,350,329,10044424.44,7230217.69,2814206.75,94,International,2023-04
2414,DEL-CDG,DEL,CDG,12-07-2023,452,ATR 72,150,124,4220135.1,3408117.58,812017.52,82.66666667,International,2023-07
2415,MAA-BLR,MAA,BLR,20-08-2023,583,Boeing 777,150,72,174305.34,154521.66,19783.68,48,Domestic,2023-08
2416,BLR-HYD,BLR,HYD,17-07-2023,205,Airbus A320,180,136,385925.09,358211.69,27713.4,75.55555556,Domestic,2023-07
2417,MAA-BLR,MAA,BLR,05-10-2023,619,Airbus A320,120,85,291802.16,298690.59,-6888.43,70.83333333,Domestic,2023-10
2418,HYD-BOM,HYD,BOM,17-05-2023,607,Airbus A380,350,286,803749.72,461877,341872.72,81.71428571,Domestic,2023-05
2419,BOM-BKK,BOM,BKK,12-03-2023,324,Airbus A380,250,132,4595295.66,3981022.18,614273.48,52.8,International,2023-03
2420,DEL-CDG,DEL,CDG,22-10-2023,129,Airbus A380,120,93,1948456.92,1422256.27,526200.65,77.5,International,2023-10
2421,CCU-DEL,CCU,DEL,27-02-2023,660,Airbus A320,180,144,601465.59,561803.87,39661.72,80,Domestic,2023-02
2422,BOM-GOI,BOM,GOI,15-04-2023,791,Airbus A380,120,68,221353.51,175882.96,45470.55,56.66666667,Domestic,2023-04
2423,BOM-DEL,BOM,DEL,24-06-2023,251,Airbus A320,120,112,333557.46,285734.04,47823.42,93.33333333,Domestic,2023-06
2424,BLR-SIN,BLR,SIN,20-06-2023,858,Boeing 737,150,96,3296853.5,3297795.99,-942.49,64,International,2023-06
2425,CCU-KUL,CCU,KUL,16-03-2023,328,Boeing 737,350,175,4334444.65,2466036.68,1868407.97,50,International,2023-03
2426,CCU-DEL,CCU,DEL,23-12-2023,356,Boeing 777,120,104,327548.37,346243.77,-18695.4,86.66666667,Domestic,2023-12
2427,CCU-KUL,CCU,KUL,05-09-2023,825,Boeing 737,350,181,4322348.4,3773168.48,549179.92,51.71428571,International,2023-09
2428,MAA-CMB,MAA,CMB,19-11-2023,102,ATR 72,350,334,10334723.68,11055872.97,-721149.29,95.42857143,International,2023-11
2429,DEL-FRA,DEL,FRA,10-10-2023,208,Boeing 737,180,88,2117548.5,1821479.13,296069.37,48.88888889,International,2023-10
2430,BLR-HYD,BLR,HYD,26-04-2023,394,ATR 72,150,140,493900.7,552334.56,-58433.86,93.33333333,Domestic,2023-04
2431,MAA-CMB,MAA,CMB,05-08-2023,691,ATR 72,350,306,7262798.84,8244391.44,-981592.6,87.42857143,International,2023-08
2432,BLR-SIN,BLR,SIN,23-12-2023,693,ATR 72,250,153,4222929.71,3759813,463116.71,61.2,International,2023-12
2433,BOM-CCU,BOM,CCU,17-06-2023,408,ATR 72,180,174,669281.03,387902.11,281378.92,96.66666667,Domestic,2023-06
2434,BLR-HYD,BLR,HYD,11-11-2023,198,ATR 72,150,72,261893.86,219114.55,42779.31,48,Domestic,2023-11
2435,DEL-LHR,DEL,LHR,07-05-2023,773,Airbus A380,120,76,1600237.37,955603.82,644633.55,63.33333333,International,2023-05
2436,DEL-BLR,DEL,BLR,27-04-2023,670,ATR 72,350,307,851266.41,628773.3,222493.11,87.71428571,Domestic,2023-04
2437,BOM-BKK,BOM,BKK,30-12-2023,723,Airbus A320,120,86,2055277.89,1589619.8,465658.09,71.66666667,International,2023-12
2438,DEL-BLR,DEL,BLR,14-07-2023,557,Boeing 737,120,55,196950.34,175963.29,20987.05,45.83333333,Domestic,2023-07
2439,DEL-MAA,DEL,MAA,02-06-2023,603,ATR 72,180,98,286941.18,222609.34,64331.84,54.44444444,Domestic,2023-06
2440,BLR-SIN,BLR,SIN,16-12-2023,340,ATR 72,350,238,6536087.31,3790939.84,2745147.47,68,International,2023-12
2441,BOM-BKK,BOM,BKK,15-05-2023,225,Boeing 737,180,111,3660522,3089544.93,570977.07,61.66666667,International,2023-05
2442,DEL-FRA,DEL,FRA,24-06-2023,610,Boeing 737,350,241,8265063.66,8354353.07,-89289.41,68.85714286,International,2023-06
2443,HYD-BOM,HYD,BOM,09-04-2023,860,ATR 72,350,162,426957.56,454377.8,-27420.24,46.28571429,Domestic,2023-04
2444,DEL-LHR,DEL,LHR,13-05-2023,878,Airbus A380,250,216,7087893.85,4682228.76,2405665.09,86.4,International,2023-05
2445,BOM-BKK,BOM,BKK,22-06-2023,777,Boeing 777,120,60,1769361.61,1613994.46,155367.15,50,International,2023-06
2446,DEL-LHR,DEL,LHR,28-04-2023,114,Boeing 737,250,133,3032542.41,1986147.72,1046394.69,53.2,International,2023-04
2447,DEL-AMD,DEL,AMD,03-04-2023,840,Airbus A380,250,240,782653.64,738814.46,43839.18,96,Domestic,2023-04
2448,DEL-AMD,DEL,AMD,25-07-2023,197,Boeing 777,350,169,414041.21,247364.39,166676.82,48.28571429,Domestic,2023-07
2449,MAA-BLR,MAA,BLR,30-12-2023,162,Boeing 737,180,167,656847.12,682576.68,-25729.56,92.77777778,Domestic,2023-12
2450,MAA-BLR,MAA,BLR,01-10-2023,876,ATR 72,250,244,588287.59,642799.7,-54512.11,97.6,Domestic,2023-10
2451,MAA-CMB,MAA,CMB,08-01-2023,170,Airbus A380,350,253,6563127.24,6409420.32,153706.92,72.28571429,International,2023-01
2452,MAA-CMB,MAA,CMB,07-03-2023,260,Boeing 737,150,113,3755801.14,2873259.05,882542.09,75.33333333,International,2023-03
2453,BOM-DEL,BOM,DEL,20-05-2023,516,Airbus A320,250,217,853880.94,796804.49,57076.45,86.8,Domestic,2023-05
2454,BOM-BKK,BOM,BKK,08-02-2023,210,Boeing 737,150,71,1983131.41,1362975.56,620155.85,47.33333333,International,2023-02
2455,CCU-KUL,CCU,KUL,25-06-2023,293,Airbus A380,180,147,4548539.18,4866204.73,-317665.55,81.66666667,International,2023-06
2456,MAA-CMB,MAA,CMB,25-01-2023,532,ATR 72,180,173,5109273.04,3939747.52,1169525.52,96.11111111,International,2023-01
2457,MAA-BLR,MAA,BLR,21-09-2023,239,Boeing 777,150,77,262068.4,262253.72,-185.32,51.33333333,Domestic,2023-09
2458,HYD-DXB,HYD,DXB,16-06-2023,319,Boeing 777,180,85,2561671.31,2068658.08,493013.23,47.22222222,International,2023-06
2459,DEL-AMD,DEL,AMD,01-12-2023,436,Boeing 777,250,157,417958.43,279232.01,138726.42,62.8,Domestic,2023-12
2460,BOM-CCU,BOM,CCU,27-02-2023,203,Airbus A320,150,141,588323.33,424345.6,163977.73,94,Domestic,2023-02
2461,MAA-CMB,MAA,CMB,11-11-2023,843,Airbus A380,350,293,10181556.71,8353458.91,1828097.8,83.71428571,International,2023-11
2462,BLR-SIN,BLR,SIN,16-04-2023,308,Boeing 777,150,106,2168821.1,2321865.91,-153044.81,70.66666667,International,2023-04
2463,MAA-CMB,MAA,CMB,03-10-2023,448,Airbus A320,120,111,2808794.27,1566097.6,1242696.67,92.5,International,2023-10
2464,MAA-CMB,MAA,CMB,01-02-2023,880,Boeing 737,350,302,10399292.36,10877877.57,-478585.21,86.28571429,International,2023-02
2465,MAA-BLR,MAA,BLR,18-06-2023,791,Airbus A320,120,78,326803.93,371679.51,-44875.58,65,Domestic,2023-06
2466,BOM-DXB,BOM,DXB,07-10-2023,575,Airbus A320,180,140,3281818.24,3474337.17,-192518.93,77.77777778,International,2023-10
2467,DEL-AMD,DEL,AMD,07-01-2023,96,Boeing 737,350,170,675011.61,549678.8,125332.81,48.57142857,Domestic,2023-01
2468,HYD-DXB,HYD,DXB,27-05-2023,586,Boeing 737,250,158,3568232.44,2506546.14,1061686.3,63.2,International,2023-05
2469,DEL-LHR,DEL,LHR,14-05-2023,328,Airbus A380,120,106,2454322.96,2137833.42,316489.54,88.33333333,International,2023-05
2470,DEL-LHR,DEL,LHR,19-12-2023,127,Airbus A380,350,272,7277372.73,7427045.95,-149673.22,77.71428571,International,2023-12
2471,BLR-HYD,BLR,HYD,08-01-2023,717,Boeing 777,150,118,309395.9,269786.58,39609.32,78.66666667,Domestic,2023-01
2472,HYD-DXB,HYD,DXB,20-09-2023,736,Boeing 777,350,293,9393163,8366857.77,1026305.23,83.71428571,International,2023-09
2473,BOM-BKK,BOM,BKK,28-10-2023,600,ATR 72,150,137,4310706.73,3919769.85,390936.88,91.33333333,International,2023-10
2474,DEL-AMD,DEL,AMD,11-06-2023,552,ATR 72,150,134,346842.58,365519.15,-18676.57,89.33333333,Domestic,2023-06
2475,DEL-MAA,DEL,MAA,10-05-2023,445,Airbus A320,120,105,414889.25,473760.96,-58871.71,87.5,Domestic,2023-05
2476,MAA-CMB,MAA,CMB,15-07-2023,787,Boeing 777,150,88,2954017.3,3098719.63,-144702.33,58.66666667,International,2023-07
2477,HYD-BOM,HYD,BOM,31-10-2023,520,Airbus A320,350,201,687907.17,420945.54,266961.63,57.42857143,Domestic,2023-10
2478,BLR-HYD,BLR,HYD,27-11-2023,735,ATR 72,250,116,470485.69,303119.73,167365.96,46.4,Domestic,2023-11
2479,BOM-NRT,BOM,NRT,18-04-2023,236,ATR 72,350,328,10061518.16,8896671.13,1164847.03,93.71428571,International,2023-04
2480,CCU-DEL,CCU,DEL,27-03-2023,209,Boeing 737,120,105,254816.64,175316.82,79499.82,87.5,Domestic,2023-03
2481,BOM-DEL,BOM,DEL,09-01-2023,124,ATR 72,250,173,533345.91,307839.67,225506.24,69.2,Domestic,2023-01
2482,BOM-DEL,BOM,DEL,18-09-2023,706,ATR 72,350,328,1186744.55,1161727.47,25017.08,93.71428571,Domestic,2023-09
2483,BLR-HYD,BLR,HYD,06-01-2023,620,Boeing 737,180,99,305978.17,185350.65,120627.52,55,Domestic,2023-01
2484,DEL-BLR,DEL,BLR,01-05-2023,626,Boeing 777,180,142,504678.78,303327.81,201350.97,78.88888889,Domestic,2023-05
2485,HYD-DXB,HYD,DXB,25-01-2023,865,Airbus A380,180,121,3783201.38,4024300,-241098.62,67.22222222,International,2023-01
2486,DEL-MAA,DEL,MAA,10-04-2023,382,Boeing 777,250,227,785343.47,824009.48,-38666.01,90.8,Domestic,2023-04
2487,BLR-HYD,BLR,HYD,18-01-2023,63,Airbus A320,120,83,311488.57,342512.7,-31024.13,69.16666667,Domestic,2023-01
2488,BOM-DEL,BOM,DEL,09-07-2023,896,Boeing 777,180,171,591486.83,480595.43,110891.4,95,Domestic,2023-07
2489,BOM-CCU,BOM,CCU,19-06-2023,80,Boeing 737,250,169,678432.96,531864.6,146568.36,67.6,Domestic,2023-06
2490,MAA-BLR,MAA,BLR,17-02-2023,135,Boeing 737,250,233,684638.69,412101.18,272537.51,93.2,Domestic,2023-02
2491,BOM-CCU,BOM,CCU,27-12-2023,290,Boeing 777,120,105,354372.58,216288.81,138083.77,87.5,Domestic,2023-12
2492,DEL-CDG,DEL,CDG,30-10-2023,335,ATR 72,250,118,3448860.69,2656900.71,791959.98,47.2,International,2023-10
2493,MAA-CMB,MAA,CMB,10-04-2023,500,Airbus A380,350,195,5520336.19,4287934.32,1232401.87,55.71428571,International,2023-04
2494,BOM-NRT,BOM,NRT,17-10-2023,696,Airbus A380,150,98,2634896.6,1473581.68,1161314.92,65.33333333,International,2023-10
2495,HYD-BOM,HYD,BOM,04-10-2023,503,ATR 72,350,253,896506.09,556719.49,339786.6,72.28571429,Domestic,2023-10
2496,HYD-DXB,HYD,DXB,16-12-2023,736,Airbus A380,350,170,3478118.93,3588411.65,-110292.72,48.57142857,International,2023-12
2497,BOM-BKK,BOM,BKK,03-04-2023,431,Airbus A380,120,90,3010669.45,1698090.36,1312579.09,75,International,2023-04
2498,DEL-CDG,DEL,CDG,02-05-2023,189,Boeing 737,120,62,2059496.96,2076797.37,-17300.41,51.66666667,International,2023-05
2499,DEL-LHR,DEL,LHR,21-08-2023,706,ATR 72,350,261,8636549.12,6719962.88,1916586.24,74.57142857,International,2023-08
2500,DEL-AMD,DEL,AMD,10-02-2023,626,Boeing 737,350,225,596376.09,354070.75,242305.34,64.28571429,Domestic,2023-02
2501,DEL-FRA,DEL,FRA,04-07-2023,403,ATR 72,180,173,3765635.34,3170645.15,594990.19,96.11111111,International,2023-07
2502,DEL-AMD,DEL,AMD,28-12-2023,152,Airbus A320,250,151,526057.08,536807.06,-10749.98,60.4,Domestic,2023-12
2503,BLR-HYD,BLR,HYD,05-10-2023,749,ATR 72,150,89,311089.98,281639.83,29450.15,59.33333333,Domestic,2023-10
2504,DEL-MAA,DEL,MAA,12-08-2023,332,Airbus A320,150,78,319600.73,239879.67,79721.06,52,Domestic,2023-08
2505,BOM-NRT,BOM,NRT,08-02-2023,520,Boeing 737,180,149,3798996.41,4177941.36,-378944.95,82.77777778,International,2023-02
2506,BLR-HYD,BLR,HYD,11-10-2023,414,Boeing 777,180,127,495682.9,367487.54,128195.36,70.55555556,Domestic,2023-10
2507,HYD-DXB,HYD,DXB,06-03-2023,62,ATR 72,150,77,2544438.25,2158108.5,386329.75,51.33333333,International,2023-03
2508,BOM-DEL,BOM,DEL,30-12-2023,648,Boeing 737,120,58,180886.76,199916.85,-19030.09,48.33333333,Domestic,2023-12
2509,BOM-DXB,BOM,DXB,29-07-2023,341,Boeing 737,250,135,4375243.63,3137345.79,1237897.84,54,International,2023-07
2510,CCU-KUL,CCU,KUL,01-04-2023,575,Airbus A320,350,270,8994067.85,9725171.24,-731103.39,77.14285714,International,2023-04
2511,MAA-BLR,MAA,BLR,03-01-2023,119,Boeing 737,250,181,742385.21,772152.07,-29766.86,72.4,Domestic,2023-01
2512,BOM-GOI,BOM,GOI,24-03-2023,765,Boeing 777,250,144,380915.93,305422.65,75493.28,57.6,Domestic,2023-03
2513,BLR-SIN,BLR,SIN,05-10-2023,873,Boeing 777,120,84,1754235.99,1334726.88,419509.11,70,International,2023-10
2514,MAA-CMB,MAA,CMB,25-11-2023,774,Boeing 737,120,61,1560198.38,859069.28,701129.1,50.83333333,International,2023-11
2515,BOM-GOI,BOM,GOI,26-08-2023,886,Boeing 737,120,74,234530.17,234182.81,347.36,61.66666667,Domestic,2023-08
2516,DEL-BLR,DEL,BLR,05-07-2023,292,Airbus A380,120,106,280380.14,161585.9,118794.24,88.33333333,Domestic,2023-07
2517,DEL-FRA,DEL,FRA,06-02-2023,889,Airbus A380,350,215,4347426.32,4887327.38,-539901.06,61.42857143,International,2023-02
2518,MAA-BLR,MAA,BLR,25-12-2023,729,Boeing 737,350,263,779023.11,760969.95,18053.16,75.14285714,Domestic,2023-12
2519,DEL-AMD,DEL,AMD,27-04-2023,890,Airbus A320,350,254,798517.03,705250.04,93266.99,72.57142857,Domestic,2023-04
2520,CCU-DEL,CCU,DEL,31-07-2023,412,Airbus A320,350,205,844966.91,853074.08,-8107.17,58.57142857,Domestic,2023-07
2521,BOM-BKK,BOM,BKK,15-02-2023,699,ATR 72,150,145,3339751.48,2459769.63,879981.85,96.66666667,International,2023-02
2522,MAA-CMB,MAA,CMB,12-02-2023,278,Boeing 737,120,70,1447674.13,1101791.49,345882.64,58.33333333,International,2023-02
2523,MAA-CMB,MAA,CMB,06-12-2023,685,Airbus A380,150,121,2544728.14,2762152.55,-217424.41,80.66666667,International,2023-12
2524,CCU-DEL,CCU,DEL,04-07-2023,508,Boeing 777,350,299,1160999.51,873579.06,287420.45,85.42857143,Domestic,2023-07
2525,DEL-MAA,DEL,MAA,04-08-2023,602,Boeing 737,250,226,940662.73,763115.49,177547.24,90.4,Domestic,2023-08
2526,BOM-BKK,BOM,BKK,18-08-2023,258,ATR 72,350,198,6091710.97,4269208.46,1822502.51,56.57142857,International,2023-08
2527,DEL-AMD,DEL,AMD,05-10-2023,575,Airbus A320,350,213,579014.54,596455.13,-17440.59,60.85714286,Domestic,2023-10
2528,BLR-SIN,BLR,SIN,19-11-2023,365,Airbus A380,150,110,2745899.73,1597684.68,1148215.05,73.33333333,International,2023-11
2529,DEL-FRA,DEL,FRA,22-05-2023,781,Boeing 737,250,160,4687699.11,3569511.92,1118187.19,64,International,2023-05
2530,DEL-LHR,DEL,LHR,23-07-2023,223,Airbus A320,350,191,6182627.83,5604181,578446.83,54.57142857,International,2023-07
2531,MAA-CMB,MAA,CMB,20-06-2023,844,Boeing 777,120,56,1648313.01,1212637.48,435675.53,46.66666667,International,2023-06
2532,BOM-DEL,BOM,DEL,08-12-2023,674,Boeing 737,150,75,191250.18,116676.04,74574.14,50,Domestic,2023-12
2533,HYD-DXB,HYD,DXB,18-07-2023,157,ATR 72,120,63,2021142.04,1965552.07,55589.97,52.5,International,2023-07
2534,DEL-FRA,DEL,FRA,16-12-2023,458,Boeing 737,150,80,1628551.61,1596391.06,32160.55,53.33333333,International,2023-12
2535,DEL-LHR,DEL,LHR,30-04-2023,382,Boeing 777,120,97,3392396.85,3683401.02,-291004.17,80.83333333,International,2023-04
2536,DEL-MAA,DEL,MAA,04-04-2023,508,Boeing 777,350,223,921338.34,512582.35,408755.99,63.71428571,Domestic,2023-04
2537,BOM-BKK,BOM,BKK,25-12-2023,111,Boeing 737,180,91,2112927.34,2074228.13,38699.21,50.55555556,International,2023-12
2538,BOM-GOI,BOM,GOI,27-06-2023,877,ATR 72,180,122,488375.05,368171.58,120203.47,67.77777778,Domestic,2023-06
2539,DEL-FRA,DEL,FRA,25-05-2023,104,Airbus A380,120,102,3117402.25,3294205.36,-176803.11,85,International,2023-05
2540,DEL-FRA,DEL,FRA,01-11-2023,623,Boeing 737,180,148,4269549.57,3286248.76,983300.81,82.22222222,International,2023-11
2541,BOM-DEL,BOM,DEL,29-04-2023,742,Boeing 737,120,54,167767.56,188643.81,-20876.25,45,Domestic,2023-04
2542,DEL-CDG,DEL,CDG,21-04-2023,371,Boeing 737,150,122,3499530.13,1931049.53,1568480.6,81.33333333,International,2023-04
2543,DEL-LHR,DEL,LHR,06-03-2023,92,Airbus A320,250,118,3442487.15,3901654.22,-459167.07,47.2,International,2023-03
2544,DEL-AMD,DEL,AMD,02-02-2023,133,ATR 72,180,140,565284.03,634953.62,-69669.59,77.77777778,Domestic,2023-02
2545,BOM-DXB,BOM,DXB,12-11-2023,691,Airbus A320,350,224,7033483.05,4896560.31,2136922.74,64,International,2023-11
2546,DEL-LHR,DEL,LHR,18-12-2023,640,Boeing 777,150,71,1833137.3,1044805.03,788332.27,47.33333333,International,2023-12
2547,BOM-BKK,BOM,BKK,07-09-2023,643,ATR 72,120,94,2440874.68,1969990.66,470884.02,78.33333333,International,2023-09
2548,MAA-CMB,MAA,CMB,31-01-2023,135,ATR 72,250,207,5622639.52,3241189.1,2381450.42,82.8,International,2023-01
2549,HYD-BOM,HYD,BOM,03-09-2023,572,Boeing 777,150,124,511072.2,484152.71,26919.49,82.66666667,Domestic,2023-09
2550,BOM-NRT,BOM,NRT,28-05-2023,374,ATR 72,180,163,3310149.87,2600381.92,709767.95,90.55555556,International,2023-05
2551,DEL-FRA,DEL,FRA,13-07-2023,836,Airbus A320,180,112,2606183.23,2423046.38,183136.85,62.22222222,International,2023-07
2552,BOM-DEL,BOM,DEL,07-02-2023,565,Airbus A320,250,153,403004.17,316236.48,86767.69,61.2,Domestic,2023-02
2553,DEL-AMD,DEL,AMD,24-02-2023,530,ATR 72,180,98,245986.56,162858.38,83128.18,54.44444444,Domestic,2023-02
2554,BOM-NRT,BOM,NRT,26-12-2023,857,Airbus A320,150,130,3200044.78,3403589.64,-203544.86,86.66666667,International,2023-12
2555,BOM-CCU,BOM,CCU,08-01-2023,814,Boeing 737,350,164,657812.92,528258.58,129554.34,46.85714286,Domestic,2023-01
2556,DEL-BLR,DEL,BLR,02-07-2023,310,Boeing 737,350,260,817754.12,574035.69,243718.43,74.28571429,Domestic,2023-07
2557,BOM-DEL,BOM,DEL,19-03-2023,179,Boeing 737,250,164,458527.48,289628.26,168899.22,65.6,Domestic,2023-03
2558,BOM-DEL,BOM,DEL,25-05-2023,754,Boeing 777,250,156,620509.21,550729.03,69780.18,62.4,Domestic,2023-05
2559,MAA-CMB,MAA,CMB,19-08-2023,391,ATR 72,150,74,2138695.19,1937995.79,200699.4,49.33333333,International,2023-08
2560,BOM-BKK,BOM,BKK,09-06-2023,231,Airbus A380,120,68,2220027.54,1779236.99,440790.55,56.66666667,International,2023-06
2561,BOM-GOI,BOM,GOI,05-01-2023,770,Airbus A320,250,161,537287.49,320568.61,216718.88,64.4,Domestic,2023-01
2562,DEL-FRA,DEL,FRA,26-08-2023,85,ATR 72,150,67,1787142.25,1080328.32,706813.93,44.66666667,International,2023-08
2563,DEL-LHR,DEL,LHR,24-03-2023,291,ATR 72,120,65,1720662.86,1934818.5,-214155.64,54.16666667,International,2023-03
2564,BLR-HYD,BLR,HYD,28-11-2023,874,ATR 72,150,72,290334.81,251040.83,39293.98,48,Domestic,2023-11
2565,BLR-HYD,BLR,HYD,25-09-2023,646,Airbus A380,120,97,331543.88,268630.42,62913.46,80.83333333,Domestic,2023-09
2566,BLR-HYD,BLR,HYD,15-09-2023,507,Airbus A320,350,226,766236.85,458923.63,307313.22,64.57142857,Domestic,2023-09
2567,BOM-NRT,BOM,NRT,10-06-2023,642,Airbus A380,250,134,4068371.13,3169390.69,898980.44,53.6,International,2023-06
2568,HYD-DXB,HYD,DXB,23-01-2023,785,Boeing 737,180,168,4566450.53,4609159.3,-42708.77,93.33333333,International,2023-01
2569,DEL-CDG,DEL,CDG,21-04-2023,128,ATR 72,250,193,4307489.43,4717428.56,-409939.13,77.2,International,2023-04
2570,CCU-KUL,CCU,KUL,30-03-2023,882,ATR 72,180,112,3721874.07,3981436.02,-259561.95,62.22222222,International,2023-03
2571,BLR-HYD,BLR,HYD,21-09-2023,201,Airbus A320,250,134,334618.61,294705.27,39913.34,53.6,Domestic,2023-09
2572,DEL-CDG,DEL,CDG,31-05-2023,609,Airbus A320,150,78,2666251.82,1561079.11,1105172.71,52,International,2023-05
2573,BOM-CCU,BOM,CCU,23-05-2023,345,Airbus A380,180,143,531396.02,587050.64,-55654.62,79.44444444,Domestic,2023-05
2574,HYD-DXB,HYD,DXB,26-02-2023,127,Airbus A380,180,136,4169501.98,4047170.75,122331.23,75.55555556,International,2023-02
2575,DEL-MAA,DEL,MAA,18-11-2023,812,Boeing 737,150,70,194190.06,112712.69,81477.37,46.66666667,Domestic,2023-11
2576,DEL-MAA,DEL,MAA,23-04-2023,194,Airbus A320,250,178,699695.87,438230.21,261465.66,71.2,Domestic,2023-04
2577,BLR-HYD,BLR,HYD,05-05-2023,441,Airbus A320,120,111,418108.95,356230.03,61878.92,92.5,Domestic,2023-05
2578,BOM-BKK,BOM,BKK,21-06-2023,108,Airbus A380,180,118,2365107.93,2697681.63,-332573.7,65.55555556,International,2023-06
2579,DEL-BLR,DEL,BLR,26-06-2023,792,ATR 72,150,141,450064.48,371644.94,78419.54,94,Domestic,2023-06
2580,BLR-SIN,BLR,SIN,27-10-2023,158,ATR 72,350,199,6272196.84,6023016.24,249180.6,56.85714286,International,2023-10
2581,BOM-GOI,BOM,GOI,03-11-2023,151,Airbus A380,120,83,255691.14,233924.43,21766.71,69.16666667,Domestic,2023-11
2582,BOM-GOI,BOM,GOI,26-10-2023,827,ATR 72,150,76,289809.64,205243.88,84565.76,50.66666667,Domestic,2023-10
2583,MAA-CMB,MAA,CMB,22-05-2023,128,ATR 72,250,164,3651055.98,2185872.32,1465183.66,65.6,International,2023-05
2584,CCU-DEL,CCU,DEL,02-03-2023,489,Airbus A380,120,85,260134.55,230039.07,30095.48,70.83333333,Domestic,2023-03
2585,DEL-LHR,DEL,LHR,02-08-2023,462,Airbus A380,120,78,2379498.66,2636286.86,-256788.2,65,International,2023-08
2586,BOM-CCU,BOM,CCU,20-10-2023,584,Airbus A380,180,115,338761.72,244641.46,94120.26,63.88888889,Domestic,2023-10
2587,MAA-BLR,MAA,BLR,03-06-2023,731,Boeing 737,250,240,745135.02,497607.35,247527.67,96,Domestic,2023-06
2588,DEL-AMD,DEL,AMD,06-11-2023,848,Airbus A320,150,112,338108.04,247285.63,90822.41,74.66666667,Domestic,2023-11
2589,DEL-CDG,DEL,CDG,12-07-2023,231,Airbus A380,150,77,1735129.52,1094543.61,640585.91,51.33333333,International,2023-07
2590,BLR-HYD,BLR,HYD,15-02-2023,362,Airbus A320,180,101,317108.1,200560.49,116547.61,56.11111111,Domestic,2023-02
2591,BOM-DXB,BOM,DXB,02-12-2023,628,Boeing 777,180,145,3120570.8,2679984.44,440586.36,80.55555556,International,2023-12
2592,HYD-DXB,HYD,DXB,22-11-2023,100,ATR 72,250,238,6881003.2,6621905.96,259097.24,95.2,International,2023-11
2593,BLR-HYD,BLR,HYD,15-11-2023,477,Airbus A320,150,125,504173.97,492441.57,11732.4,83.33333333,Domestic,2023-11
2594,DEL-CDG,DEL,CDG,20-10-2023,759,Airbus A380,180,102,2896349.59,2991925.56,-95575.97,56.66666667,International,2023-10
2595,DEL-MAA,DEL,MAA,25-05-2023,531,Airbus A320,180,144,440122.59,304349.23,135773.36,80,Domestic,2023-05
2596,HYD-BOM,HYD,BOM,14-05-2023,267,Boeing 737,150,73,268021.73,206244.49,61777.24,48.66666667,Domestic,2023-05
2597,HYD-DXB,HYD,DXB,13-09-2023,475,Boeing 737,180,174,4177068.84,4461695.4,-284626.56,96.66666667,International,2023-09
2598,BLR-SIN,BLR,SIN,20-12-2023,637,Boeing 777,250,156,4181263.5,3771900.7,409362.8,62.4,International,2023-12
2599,MAA-BLR,MAA,BLR,22-11-2023,403,Airbus A320,180,173,551152.92,489749.3,61403.62,96.11111111,Domestic,2023-11
2600,MAA-BLR,MAA,BLR,21-07-2023,455,ATR 72,350,228,878349,710184.53,168164.47,65.14285714,Domestic,2023-07
2601,MAA-BLR,MAA,BLR,06-03-2023,140,Airbus A320,180,108,263501.3,255239.17,8262.13,60,Domestic,2023-03
2602,BOM-DEL,BOM,DEL,21-10-2023,400,ATR 72,180,129,498788.65,329808.46,168980.19,71.66666667,Domestic,2023-10
2603,BLR-SIN,BLR,SIN,02-11-2023,206,Boeing 777,180,135,3504076.65,3702210.11,-198133.46,75,International,2023-11
2604,BOM-GOI,BOM,GOI,27-02-2023,305,Boeing 737,250,227,657648.73,456249.33,201399.4,90.8,Domestic,2023-02
2605,BOM-NRT,BOM,NRT,02-03-2023,332,Airbus A320,250,128,4122184.44,2397394.37,1724790.07,51.2,International,2023-03
2606,MAA-BLR,MAA,BLR,30-11-2023,617,ATR 72,150,87,349311.01,389333.38,-40022.37,58,Domestic,2023-11
2607,BLR-HYD,BLR,HYD,04-06-2023,855,Boeing 777,180,101,389584.05,320114.63,69469.42,56.11111111,Domestic,2023-06
2608,BOM-BKK,BOM,BKK,23-04-2023,733,Airbus A380,150,75,2520892.92,2753319.62,-232426.7,50,International,2023-04
2609,BOM-DEL,BOM,DEL,01-10-2023,721,Boeing 737,250,237,919444.57,1013091.4,-93646.83,94.8,Domestic,2023-10
2610,DEL-MAA,DEL,MAA,03-03-2023,141,Boeing 777,350,240,971776.9,859234.28,112542.62,68.57142857,Domestic,2023-03
2611,BOM-DXB,BOM,DXB,22-03-2023,274,Boeing 777,180,151,3419134.21,3704659.57,-285525.36,83.88888889,International,2023-03
2612,HYD-DXB,HYD,DXB,24-08-2023,325,Boeing 777,250,118,3240079.55,3031708.37,208371.18,47.2,International,2023-08
2613,BOM-GOI,BOM,GOI,28-11-2023,895,Boeing 737,350,233,702398.73,699015.36,3383.37,66.57142857,Domestic,2023-11
2614,DEL-MAA,DEL,MAA,24-04-2023,515,Airbus A380,250,129,409440.12,392727.24,16712.88,51.6,Domestic,2023-04
2615,BOM-BKK,BOM,BKK,07-04-2023,259,Airbus A380,120,61,2053589.47,1925082.61,128506.86,50.83333333,International,2023-04
2616,DEL-BLR,DEL,BLR,19-11-2023,777,Boeing 777,150,132,538345.14,316401.1,221944.04,88,Domestic,2023-11
2617,DEL-LHR,DEL,LHR,16-06-2023,724,ATR 72,120,56,1893450.89,1591079.96,302370.93,46.66666667,International,2023-06
2618,BOM-GOI,BOM,GOI,07-03-2023,127,Boeing 777,150,92,330521.27,369264.25,-38742.98,61.33333333,Domestic,2023-03
2619,BLR-HYD,BLR,HYD,06-08-2023,87,ATR 72,180,102,350124.76,358897.62,-8772.86,56.66666667,Domestic,2023-08
2620,CCU-DEL,CCU,DEL,23-07-2023,601,Boeing 737,250,244,984583.83,658761.11,325822.72,97.6,Domestic,2023-07
2621,CCU-DEL,CCU,DEL,13-07-2023,697,Boeing 777,180,148,493221.17,386911.91,106309.26,82.22222222,Domestic,2023-07
2622,BOM-DEL,BOM,DEL,04-11-2023,720,Airbus A320,350,292,1150684.79,1174222.99,-23538.2,83.42857143,Domestic,2023-11
2623,DEL-LHR,DEL,LHR,07-03-2023,796,Boeing 777,350,222,7414526.87,7010912.13,403614.74,63.42857143,International,2023-03
2624,CCU-DEL,CCU,DEL,01-05-2023,211,Airbus A320,150,118,446930.2,364523.59,82406.61,78.66666667,Domestic,2023-05
2625,DEL-CDG,DEL,CDG,08-04-2023,594,ATR 72,350,189,4594578.89,4878149.22,-283570.33,54,International,2023-04
2626,HYD-BOM,HYD,BOM,01-07-2023,290,Airbus A320,150,101,258236.16,196260.73,61975.43,67.33333333,Domestic,2023-07
2627,DEL-BLR,DEL,BLR,29-08-2023,466,Boeing 737,120,89,287150.18,246050.49,41099.69,74.16666667,Domestic,2023-08
2628,BLR-SIN,BLR,SIN,07-11-2023,569,Boeing 737,350,307,9961067.37,6673337.18,3287730.19,87.71428571,International,2023-11
2629,DEL-BLR,DEL,BLR,20-02-2023,74,Airbus A380,120,63,162514.68,152257.35,10257.33,52.5,Domestic,2023-02
2630,MAA-CMB,MAA,CMB,24-04-2023,631,ATR 72,150,123,4237948.08,3584444.11,653503.97,82,International,2023-04
2631,BOM-BKK,BOM,BKK,29-12-2023,840,Boeing 777,350,316,10014122.32,8382679.81,1631442.51,90.28571429,International,2023-12
2632,BOM-DXB,BOM,DXB,15-08-2023,831,Boeing 777,150,79,2740918.49,3093136.02,-352217.53,52.66666667,International,2023-08
2633,DEL-MAA,DEL,MAA,14-03-2023,225,ATR 72,120,94,353241.32,256178.43,97062.89,78.33333333,Domestic,2023-03
2634,DEL-MAA,DEL,MAA,27-06-2023,633,ATR 72,150,124,446028.9,428721.57,17307.33,82.66666667,Domestic,2023-06
2635,BOM-GOI,BOM,GOI,02-04-2023,811,Boeing 777,250,120,327536.74,354740.86,-27204.12,48,Domestic,2023-04
2636,BOM-DXB,BOM,DXB,19-04-2023,440,Boeing 737,250,144,4817711.89,4934365.44,-116653.55,57.6,International,2023-04
2637,CCU-KUL,CCU,KUL,06-05-2023,128,Boeing 737,350,167,4334033.46,4445806.79,-111773.33,47.71428571,International,2023-05
2638,MAA-BLR,MAA,BLR,23-02-2023,301,Boeing 737,250,201,565293.87,500474.05,64819.82,80.4,Domestic,2023-02
2639,DEL-AMD,DEL,AMD,04-03-2023,728,ATR 72,180,95,379929.85,225314.46,154615.39,52.77777778,Domestic,2023-03
2640,BLR-SIN,BLR,SIN,31-03-2023,470,Boeing 737,350,303,9077744.55,6241341.19,2836403.36,86.57142857,International,2023-03
2641,CCU-KUL,CCU,KUL,03-12-2023,434,Airbus A380,120,73,1763149.49,1473439.94,289709.55,60.83333333,International,2023-12
2642,DEL-LHR,DEL,LHR,13-06-2023,317,ATR 72,120,104,3541382.24,3349485.15,191897.09,86.66666667,International,2023-06
2643,DEL-LHR,DEL,LHR,14-02-2023,498,Boeing 777,120,58,1826791.6,1742646.4,84145.2,48.33333333,International,2023-02
2644,BOM-DXB,BOM,DXB,08-08-2023,338,Boeing 737,350,330,7052053.72,6928910.15,123143.57,94.28571429,International,2023-08
2645,BOM-NRT,BOM,NRT,19-04-2023,665,Boeing 777,250,184,4667397.46,3084765.4,1582632.06,73.6,International,2023-04
2646,CCU-KUL,CCU,KUL,01-01-2023,890,Airbus A320,120,70,1856326.63,1197288.77,659037.86,58.33333333,International,2023-01
2647,BOM-DEL,BOM,DEL,06-02-2023,697,Airbus A380,120,62,222638.17,142444.5,80193.67,51.66666667,Domestic,2023-02
2648,BOM-CCU,BOM,CCU,14-04-2023,645,Airbus A320,250,232,815839.03,675232.8,140606.23,92.8,Domestic,2023-04
2649,BOM-NRT,BOM,NRT,28-11-2023,524,Airbus A380,120,90,2506346.79,1702740.99,803605.8,75,International,2023-11
2650,BOM-GOI,BOM,GOI,07-08-2023,562,Airbus A380,150,73,254295.19,257421.68,-3126.49,48.66666667,Domestic,2023-08
2651,DEL-MAA,DEL,MAA,13-08-2023,727,Airbus A380,120,83,249864.36,223894.8,25969.56,69.16666667,Domestic,2023-08
2652,HYD-DXB,HYD,DXB,01-10-2023,696,Airbus A380,350,235,5536240.77,5162220.51,374020.26,67.14285714,International,2023-10
2653,CCU-DEL,CCU,DEL,20-11-2023,761,ATR 72,180,100,348471.22,323374.03,25097.19,55.55555556,Domestic,2023-11
2654,BLR-SIN,BLR,SIN,18-06-2023,376,Airbus A320,120,114,3429314.07,3502641.81,-73327.74,95,International,2023-06
2655,BOM-DXB,BOM,DXB,04-04-2023,298,Boeing 737,150,71,1548919.72,916266.32,632653.4,47.33333333,International,2023-04
2656,BOM-DEL,BOM,DEL,28-06-2023,557,Airbus A380,180,175,597357.71,492017.79,105339.92,97.22222222,Domestic,2023-06
2657,DEL-AMD,DEL,AMD,03-09-2023,67,Boeing 737,120,62,256847.72,212813.83,44033.89,51.66666667,Domestic,2023-09
2658,DEL-AMD,DEL,AMD,08-06-2023,617,Airbus A380,250,165,566001.57,512713.38,53288.19,66,Domestic,2023-06
2659,DEL-AMD,DEL,AMD,15-02-2023,489,Airbus A320,250,230,728624.99,833812.66,-105187.67,92,Domestic,2023-02
2660,MAA-BLR,MAA,BLR,19-06-2023,93,Boeing 737,250,144,427179.24,291487.67,135691.57,57.6,Domestic,2023-06
2661,CCU-DEL,CCU,DEL,20-01-2023,662,Airbus A380,180,134,470289.84,530360.73,-60070.89,74.44444444,Domestic,2023-01
2662,DEL-FRA,DEL,FRA,10-02-2023,172,ATR 72,180,94,2861283.07,1956099.28,905183.79,52.22222222,International,2023-02
2663,CCU-DEL,CCU,DEL,26-01-2023,771,Boeing 777,350,243,586680.4,452215.66,134464.74,69.42857143,Domestic,2023-01
2664,BLR-HYD,BLR,HYD,24-03-2023,601,Airbus A320,250,167,462834.84,337788.81,125046.03,66.8,Domestic,2023-03
2665,BOM-CCU,BOM,CCU,10-06-2023,688,Boeing 777,350,272,926775.81,826637.74,100138.07,77.71428571,Domestic,2023-06
2666,BOM-DXB,BOM,DXB,10-11-2023,462,Boeing 777,180,120,3182324.16,2320303.39,862020.77,66.66666667,International,2023-11
2667,BOM-DXB,BOM,DXB,15-05-2023,359,Airbus A320,180,148,4703953.4,4821666.41,-117713.01,82.22222222,International,2023-05
2668,DEL-AMD,DEL,AMD,10-11-2023,184,Airbus A380,350,329,1138458.07,1140494.65,-2036.58,94,Domestic,2023-11
2669,HYD-BOM,HYD,BOM,28-12-2023,324,Boeing 777,350,241,676618.81,729767.57,-53148.76,68.85714286,Domestic,2023-12
2670,BOM-BKK,BOM,BKK,16-05-2023,77,ATR 72,350,189,4416539.08,4001351.66,415187.42,54,International,2023-05
2671,HYD-DXB,HYD,DXB,04-08-2023,191,ATR 72,250,208,4841802,4335212.47,506589.53,83.2,International,2023-08
2672,MAA-CMB,MAA,CMB,25-11-2023,849,ATR 72,350,316,7597945.34,5314810.87,2283134.47,90.28571429,International,2023-11
2673,BLR-HYD,BLR,HYD,05-01-2023,838,ATR 72,250,129,470113.35,291040.65,179072.7,51.6,Domestic,2023-01
2674,CCU-KUL,CCU,KUL,23-01-2023,550,Boeing 777,180,166,4611244.57,3069381.96,1541862.61,92.22222222,International,2023-01
2675,BOM-BKK,BOM,BKK,09-07-2023,404,Airbus A380,350,181,5731580.43,3280615.72,2450964.71,51.71428571,International,2023-07
2676,BOM-DEL,BOM,DEL,22-01-2023,369,Boeing 777,350,237,698651.35,773644.75,-74993.4,67.71428571,Domestic,2023-01
2677,DEL-MAA,DEL,MAA,09-11-2023,288,ATR 72,120,106,281385.83,279241.12,2144.71,88.33333333,Domestic,2023-11
2678,DEL-LHR,DEL,LHR,24-02-2023,199,Boeing 737,150,125,3365258,3584279.11,-219021.11,83.33333333,International,2023-02
2679,DEL-LHR,DEL,LHR,28-09-2023,783,ATR 72,250,137,3936729.82,3648571.69,288158.13,54.8,International,2023-09
2680,CCU-KUL,CCU,KUL,02-01-2023,628,Airbus A380,120,112,3263933.03,3644602.6,-380669.57,93.33333333,International,2023-01
2681,MAA-BLR,MAA,BLR,28-12-2023,429,ATR 72,180,99,361584.96,284903.37,76681.59,55,Domestic,2023-12
2682,HYD-BOM,HYD,BOM,13-02-2023,134,Airbus A320,350,259,644004.61,433300.56,210704.05,74,Domestic,2023-02
2683,BOM-GOI,BOM,GOI,08-04-2023,477,Airbus A320,150,70,199331.29,146711.1,52620.19,46.66666667,Domestic,2023-04
2684,DEL-AMD,DEL,AMD,04-04-2023,331,Airbus A380,150,119,289609.09,199596.97,90012.12,79.33333333,Domestic,2023-04
2685,DEL-FRA,DEL,FRA,24-10-2023,485,ATR 72,250,216,6070482.18,3440823.62,2629658.56,86.4,International,2023-10
2686,MAA-CMB,MAA,CMB,30-11-2023,381,Airbus A320,350,317,8153695.35,7334575.28,819120.07,90.57142857,International,2023-11
2687,DEL-BLR,DEL,BLR,20-03-2023,884,Boeing 737,250,170,495530.19,411037.2,84492.99,68,Domestic,2023-03
2688,CCU-DEL,CCU,DEL,20-01-2023,369,Airbus A320,180,86,241753.36,248126.83,-6373.47,47.77777778,Domestic,2023-01
2689,DEL-LHR,DEL,LHR,25-01-2023,227,Airbus A320,350,270,6535340.23,5127014.06,1408326.17,77.14285714,International,2023-01
2690,BOM-GOI,BOM,GOI,18-08-2023,829,Boeing 777,150,83,219141.4,251225.84,-32084.44,55.33333333,Domestic,2023-08
2691,DEL-CDG,DEL,CDG,30-04-2023,69,Airbus A320,120,62,1613183.58,1846940.18,-233756.6,51.66666667,International,2023-04
2692,CCU-DEL,CCU,DEL,15-04-2023,70,Airbus A320,120,67,191388.85,159057.08,32331.77,55.83333333,Domestic,2023-04
2693,BOM-CCU,BOM,CCU,21-12-2023,185,Airbus A380,250,160,618946.11,502908.42,116037.69,64,Domestic,2023-12
2694,BOM-BKK,BOM,BKK,14-03-2023,854,Airbus A380,350,270,8441160.23,6238973.12,2202187.11,77.14285714,International,2023-03
2695,DEL-BLR,DEL,BLR,30-03-2023,344,Boeing 777,150,71,290731.64,190087.6,100644.04,47.33333333,Domestic,2023-03
2696,HYD-BOM,HYD,BOM,25-10-2023,629,Boeing 777,250,135,331057.54,235882.45,95175.09,54,Domestic,2023-10
2697,DEL-MAA,DEL,MAA,24-01-2023,190,ATR 72,180,124,508869.52,523999.71,-15130.19,68.88888889,Domestic,2023-01
2698,BOM-DEL,BOM,DEL,16-02-2023,525,Airbus A320,150,120,316598.99,184029.98,132569.01,80,Domestic,2023-02
2699,DEL-LHR,DEL,LHR,30-01-2023,509,Airbus A380,180,144,4060363.4,4010779.82,49583.58,80,International,2023-01
2700,BLR-HYD,BLR,HYD,01-09-2023,717,Airbus A380,180,159,500063.9,461748.58,38315.32,88.33333333,Domestic,2023-09
2701,DEL-CDG,DEL,CDG,04-04-2023,330,Boeing 737,250,160,4499897.57,3924332.6,575564.97,64,International,2023-04
2702,DEL-FRA,DEL,FRA,20-03-2023,867,Airbus A380,150,94,3109815.88,1829981.74,1279834.14,62.66666667,International,2023-03
2703,DEL-MAA,DEL,MAA,12-06-2023,673,Boeing 737,350,302,911386.41,716825.24,194561.17,86.28571429,Domestic,2023-06
2704,MAA-CMB,MAA,CMB,25-05-2023,789,Boeing 777,350,291,6463544.48,4514419.06,1949125.42,83.14285714,International,2023-05
2705,HYD-BOM,HYD,BOM,18-11-2023,252,Airbus A380,350,300,761206.94,503754.66,257452.28,85.71428571,Domestic,2023-11
2706,DEL-MAA,DEL,MAA,13-02-2023,148,Boeing 737,120,87,360077.21,207108.55,152968.66,72.5,Domestic,2023-02
2707,DEL-LHR,DEL,LHR,19-12-2023,626,Airbus A380,350,166,5601663.65,6361242.41,-759578.76,47.42857143,International,2023-12
2708,BOM-CCU,BOM,CCU,21-08-2023,110,Airbus A380,180,147,563934.33,625696.1,-61761.77,81.66666667,Domestic,2023-08
2709,DEL-CDG,DEL,CDG,19-03-2023,420,Boeing 737,350,337,9860201.37,9531530.85,328670.52,96.28571429,International,2023-03
2710,BOM-GOI,BOM,GOI,03-11-2023,385,Boeing 737,250,126,342204.06,374093.93,-31889.87,50.4,Domestic,2023-11
2711,BLR-SIN,BLR,SIN,11-05-2023,315,Airbus A320,350,241,5411232.43,4147330.52,1263901.91,68.85714286,International,2023-05
2712,DEL-AMD,DEL,AMD,18-03-2023,207,Boeing 737,250,135,489027.91,469984.93,19042.98,54,Domestic,2023-03
2713,MAA-BLR,MAA,BLR,30-10-2023,721,Airbus A380,150,139,518757.48,285785.9,232971.58,92.66666667,Domestic,2023-10
2714,MAA-CMB,MAA,CMB,11-04-2023,267,Boeing 777,180,109,3614236.86,3795340.21,-181103.35,60.55555556,International,2023-04
2715,DEL-AMD,DEL,AMD,15-09-2023,591,Airbus A380,350,268,1088189.22,606171.61,482017.61,76.57142857,Domestic,2023-09
2716,DEL-FRA,DEL,FRA,11-01-2023,883,Airbus A320,120,108,3154436.46,2449463.74,704972.72,90,International,2023-01
2717,HYD-DXB,HYD,DXB,17-12-2023,417,Boeing 737,350,299,7384799.8,7553274.52,-168474.72,85.42857143,International,2023-12
2718,DEL-FRA,DEL,FRA,12-09-2023,323,ATR 72,150,99,2922471.34,1974193.23,948278.11,66,International,2023-09
2719,DEL-CDG,DEL,CDG,12-06-2023,484,Airbus A320,180,98,3314284.39,2765767.61,548516.78,54.44444444,International,2023-06
2720,BOM-GOI,BOM,GOI,23-03-2023,427,ATR 72,150,68,173059.74,136651.52,36408.22,45.33333333,Domestic,2023-03
2721,MAA-CMB,MAA,CMB,12-02-2023,205,ATR 72,150,69,1761796.43,1735504.52,26291.91,46,International,2023-02
2722,BOM-GOI,BOM,GOI,19-03-2023,666,Boeing 777,120,58,235671.92,264666.67,-28994.75,48.33333333,Domestic,2023-03
2723,BOM-BKK,BOM,BKK,22-04-2023,103,Airbus A320,350,216,6774140.72,6575515.15,198625.57,61.71428571,International,2023-04
2724,BLR-SIN,BLR,SIN,30-04-2023,506,Airbus A320,250,201,6469277.52,6064634.32,404643.2,80.4,International,2023-04
2725,BOM-GOI,BOM,GOI,15-11-2023,800,Boeing 777,150,70,215499.88,161869.44,53630.44,46.66666667,Domestic,2023-11
2726,MAA-BLR,MAA,BLR,16-11-2023,586,Boeing 737,350,220,605034.58,595542.08,9492.5,62.85714286,Domestic,2023-11
2727,HYD-BOM,HYD,BOM,02-12-2023,611,Boeing 737,120,71,238700.5,253164.53,-14464.03,59.16666667,Domestic,2023-12
2728,BOM-GOI,BOM,GOI,02-02-2023,898,Boeing 737,150,135,346929.78,363340.05,-16410.27,90,Domestic,2023-02
2729,BOM-CCU,BOM,CCU,10-07-2023,827,Boeing 777,350,280,1117251.63,1091261.32,25990.31,80,Domestic,2023-07
2730,MAA-CMB,MAA,CMB,20-03-2023,505,ATR 72,250,183,6381486.18,4650651.97,1730834.21,73.2,International,2023-03
2731,BOM-DEL,BOM,DEL,23-02-2023,841,ATR 72,120,87,249851.73,217955.72,31896.01,72.5,Domestic,2023-02
2732,BLR-SIN,BLR,SIN,08-06-2023,372,Airbus A320,120,56,1446144.39,1289975.77,156168.62,46.66666667,International,2023-06
2733,HYD-DXB,HYD,DXB,12-09-2023,512,ATR 72,250,144,3557545.3,2655264.08,902281.22,57.6,International,2023-09
2734,BLR-SIN,BLR,SIN,23-11-2023,471,Boeing 777,250,211,6673099.06,4145670.62,2527428.44,84.4,International,2023-11
2735,BOM-BKK,BOM,BKK,08-03-2023,282,Boeing 777,150,76,1680636.67,1862308.78,-181672.11,50.66666667,International,2023-03
2736,DEL-MAA,DEL,MAA,02-04-2023,136,Airbus A320,150,68,247677.67,142980.18,104697.49,45.33333333,Domestic,2023-04
2737,BOM-GOI,BOM,GOI,10-11-2023,319,ATR 72,150,130,338387.69,334883.13,3504.56,86.66666667,Domestic,2023-11
2738,HYD-DXB,HYD,DXB,18-10-2023,851,Boeing 737,120,83,2425671.69,1557413.54,868258.15,69.16666667,International,2023-10
2739,BOM-BKK,BOM,BKK,29-10-2023,684,ATR 72,350,209,6345202.46,3857382.12,2487820.34,59.71428571,International,2023-10
2740,BOM-GOI,BOM,GOI,21-09-2023,775,Airbus A320,120,100,243582.43,166026.78,77555.65,83.33333333,Domestic,2023-09
2741,BOM-BKK,BOM,BKK,05-08-2023,479,Boeing 737,150,123,2575105.78,1953736.14,621369.64,82,International,2023-08
2742,CCU-DEL,CCU,DEL,24-03-2023,612,Boeing 777,150,110,301333.31,183155.42,118177.89,73.33333333,Domestic,2023-03
2743,BOM-DXB,BOM,DXB,20-11-2023,107,Boeing 777,150,88,2929910.61,3192098.58,-262187.97,58.66666667,International,2023-11
2744,MAA-CMB,MAA,CMB,30-12-2023,61,Boeing 777,350,285,9653968.16,10189481.19,-535513.03,81.42857143,International,2023-12
2745,DEL-CDG,DEL,CDG,29-03-2023,735,ATR 72,350,169,4523543.23,3937242.83,586300.4,48.28571429,International,2023-03
2746,BOM-BKK,BOM,BKK,25-03-2023,528,Airbus A380,150,135,3059053.57,2702631.01,356422.56,90,International,2023-03
2747,CCU-DEL,CCU,DEL,14-09-2023,684,Airbus A380,150,84,274728.21,299474.9,-24746.69,56,Domestic,2023-09
2748,BOM-CCU,BOM,CCU,16-09-2023,404,Boeing 737,350,326,1222524.96,1235701.56,-13176.6,93.14285714,Domestic,2023-09
2749,BOM-GOI,BOM,GOI,23-07-2023,525,Boeing 737,150,102,300743.43,305610.33,-4866.9,68,Domestic,2023-07
2750,BOM-DEL,BOM,DEL,08-02-2023,254,Airbus A320,350,304,839655.65,575470.85,264184.8,86.85714286,Domestic,2023-02
2751,DEL-CDG,DEL,CDG,20-03-2023,161,ATR 72,350,293,6843626.27,7450155.66,-606529.39,83.71428571,International,2023-03
2752,DEL-FRA,DEL,FRA,04-11-2023,805,Boeing 737,350,245,7502807.99,7566974.31,-64166.32,70,International,2023-11
2753,BOM-DEL,BOM,DEL,27-07-2023,553,Airbus A380,250,125,309775.97,310801.51,-1025.54,50,Domestic,2023-07
2754,DEL-LHR,DEL,LHR,25-10-2023,231,Boeing 737,350,254,8342505.28,8658946.46,-316441.18,72.57142857,International,2023-10
2755,HYD-BOM,HYD,BOM,08-02-2023,696,Airbus A320,250,192,791374.17,490705.27,300668.9,76.8,Domestic,2023-02
2756,HYD-DXB,HYD,DXB,22-12-2023,173,Boeing 777,350,235,7707631.51,7213964.66,493666.85,67.14285714,International,2023-12
2757,MAA-CMB,MAA,CMB,21-12-2023,366,Boeing 777,250,136,4098136.15,4689929.35,-591793.2,54.4,International,2023-12
2758,DEL-MAA,DEL,MAA,26-12-2023,460,Airbus A380,180,147,570294.67,496338.83,73955.84,81.66666667,Domestic,2023-12
2759,BOM-GOI,BOM,GOI,10-11-2023,422,ATR 72,120,62,198821.06,146099.43,52721.63,51.66666667,Domestic,2023-11
2760,HYD-DXB,HYD,DXB,31-10-2023,639,Airbus A320,180,112,3251937.87,3098113.03,153824.84,62.22222222,International,2023-10
2761,BOM-DEL,BOM,DEL,16-08-2023,815,Boeing 777,150,113,394832.58,322590.49,72242.09,75.33333333,Domestic,2023-08
2762,CCU-KUL,CCU,KUL,15-03-2023,843,ATR 72,250,168,5850926.16,4287018.53,1563907.63,67.2,International,2023-03
2763,DEL-FRA,DEL,FRA,21-10-2023,693,Airbus A380,250,115,2306636.49,2350711.98,-44075.49,46,International,2023-10
2764,DEL-FRA,DEL,FRA,07-06-2023,762,Airbus A380,180,134,4058023.7,4302986.04,-244962.34,74.44444444,International,2023-06
2765,DEL-AMD,DEL,AMD,27-07-2023,342,Boeing 737,350,193,674510.42,574980.34,99530.08,55.14285714,Domestic,2023-07
2766,DEL-AMD,DEL,AMD,27-02-2023,480,Airbus A380,150,90,290250.36,323987.42,-33737.06,60,Domestic,2023-02
2767,BOM-DXB,BOM,DXB,16-04-2023,468,ATR 72,350,307,6631896.16,5162880.66,1469015.5,87.71428571,International,2023-04
2768,BOM-NRT,BOM,NRT,01-10-2023,88,Boeing 777,180,111,3539238.17,2300501.89,1238736.28,61.66666667,International,2023-10
2769,HYD-DXB,HYD,DXB,21-07-2023,70,Boeing 777,150,76,2531897.91,1440243.34,1091654.57,50.66666667,International,2023-07
2770,BLR-SIN,BLR,SIN,13-03-2023,529,Boeing 737,250,165,4668370.44,5093374.6,-425004.16,66,International,2023-03
2771,BOM-DEL,BOM,DEL,06-10-2023,243,Boeing 777,350,312,950172.5,582099.23,368073.27,89.14285714,Domestic,2023-10
2772,HYD-BOM,HYD,BOM,01-01-2023,629,ATR 72,350,260,1033469.13,1067262.26,-33793.13,74.28571429,Domestic,2023-01
2773,BOM-DXB,BOM,DXB,05-09-2023,372,ATR 72,350,201,5813938.24,4850197.11,963741.13,57.42857143,International,2023-09
2774,BLR-HYD,BLR,HYD,11-10-2023,415,Airbus A380,150,68,276475.61,226225.31,50250.3,45.33333333,Domestic,2023-10
2775,DEL-LHR,DEL,LHR,07-01-2023,108,Boeing 737,150,71,1787332.79,1401673.56,385659.23,47.33333333,International,2023-01
2776,BLR-SIN,BLR,SIN,22-02-2023,666,ATR 72,180,142,2876822.15,3253526.37,-376704.22,78.88888889,International,2023-02
2777,DEL-LHR,DEL,LHR,18-07-2023,359,Boeing 737,350,205,5838399.76,6102767.25,-264367.49,58.57142857,International,2023-07
2778,MAA-CMB,MAA,CMB,07-12-2023,361,Airbus A380,250,187,5149943.38,4315196.38,834747,74.8,International,2023-12
2779,BOM-DEL,BOM,DEL,01-12-2023,181,ATR 72,250,133,529437.94,546479.24,-17041.3,53.2,Domestic,2023-12
2780,BOM-DEL,BOM,DEL,27-02-2023,706,Airbus A320,250,161,585762.73,338900.8,246861.93,64.4,Domestic,2023-02
2781,MAA-BLR,MAA,BLR,01-06-2023,370,Boeing 777,150,115,470195.49,369590.96,100604.53,76.66666667,Domestic,2023-06
2782,MAA-BLR,MAA,BLR,07-12-2023,411,Airbus A380,350,324,1011386.96,1112452.4,-101065.44,92.57142857,Domestic,2023-12
2783,BOM-GOI,BOM,GOI,04-06-2023,99,Airbus A380,150,130,341494.77,254128.24,87366.53,86.66666667,Domestic,2023-06
2784,DEL-LHR,DEL,LHR,09-11-2023,671,Airbus A380,250,130,4418255.85,4466286.9,-48031.05,52,International,2023-11
2785,BOM-GOI,BOM,GOI,03-04-2023,187,ATR 72,120,75,209086.41,194684.82,14401.59,62.5,Domestic,2023-04
2786,DEL-AMD,DEL,AMD,14-08-2023,872,Boeing 737,180,128,417884.23,327319.77,90564.46,71.11111111,Domestic,2023-08
2787,MAA-CMB,MAA,CMB,28-05-2023,761,Boeing 777,180,137,3974607.57,2964081.69,1010525.88,76.11111111,International,2023-05
2788,BLR-HYD,BLR,HYD,29-04-2023,607,Airbus A320,180,81,315477.67,357016.46,-41538.79,45,Domestic,2023-04
2789,DEL-AMD,DEL,AMD,20-06-2023,806,Boeing 777,150,75,274704.77,293140.66,-18435.89,50,Domestic,2023-06
2790,DEL-CDG,DEL,CDG,29-01-2023,63,Airbus A320,250,129,2937655.48,1776819.61,1160835.87,51.6,International,2023-01
2791,BOM-CCU,BOM,CCU,30-08-2023,302,Airbus A320,250,178,563561.82,401492.69,162069.13,71.2,Domestic,2023-08
2792,MAA-CMB,MAA,CMB,07-05-2023,692,Boeing 777,350,217,6537472.52,5769229.99,768242.53,62,International,2023-05
2793,BOM-GOI,BOM,GOI,03-04-2023,658,Boeing 777,150,121,365818.77,357654.28,8164.49,80.66666667,Domestic,2023-04
2794,BOM-DXB,BOM,DXB,21-02-2023,475,Boeing 737,350,218,5564155.9,3340830.69,2223325.21,62.28571429,International,2023-02
2795,BOM-CCU,BOM,CCU,29-01-2023,404,Boeing 737,350,315,782741.77,575399.97,207341.8,90,Domestic,2023-01
2796,BOM-CCU,BOM,CCU,13-05-2023,518,Airbus A380,180,106,298345.26,229628.26,68717,58.88888889,Domestic,2023-05
2797,CCU-DEL,CCU,DEL,02-07-2023,850,Airbus A320,180,122,408951.8,407320.06,1631.74,67.77777778,Domestic,2023-07
2798,DEL-AMD,DEL,AMD,27-02-2023,868,Airbus A380,120,76,223478.34,230957.4,-7479.06,63.33333333,Domestic,2023-02
2799,BOM-NRT,BOM,NRT,24-08-2023,264,Boeing 777,180,161,4676328.49,2674804.78,2001523.71,89.44444444,International,2023-08
2800,HYD-BOM,HYD,BOM,08-09-2023,582,ATR 72,120,68,178476.96,121482.83,56994.13,56.66666667,Domestic,2023-09
2801,BOM-CCU,BOM,CCU,05-02-2023,764,Airbus A320,150,133,443967.05,404243.2,39723.85,88.66666667,Domestic,2023-02
2802,BOM-GOI,BOM,GOI,07-08-2023,98,ATR 72,250,179,716236.99,742917.56,-26680.57,71.6,Domestic,2023-08
2803,MAA-CMB,MAA,CMB,04-02-2023,421,Airbus A320,250,184,4221785.94,3044518.17,1177267.77,73.6,International,2023-02
2804,MAA-CMB,MAA,CMB,11-08-2023,248,Boeing 777,120,73,1593838.71,1537904.06,55934.65,60.83333333,International,2023-08
2805,BOM-BKK,BOM,BKK,17-06-2023,736,Airbus A320,180,150,4085919.57,4222659.78,-136740.21,83.33333333,International,2023-06
2806,HYD-DXB,HYD,DXB,26-01-2023,163,ATR 72,350,317,8033923.33,7723295.26,310628.07,90.57142857,International,2023-01
2807,CCU-DEL,CCU,DEL,30-05-2023,345,Airbus A380,250,124,404555.39,402687.98,1867.41,49.6,Domestic,2023-05
2808,BOM-GOI,BOM,GOI,31-10-2023,888,Airbus A380,350,330,1378240.54,943667.98,434572.56,94.28571429,Domestic,2023-10
2809,BLR-SIN,BLR,SIN,11-03-2023,661,ATR 72,350,205,5256417.08,5394766.33,-138349.25,58.57142857,International,2023-03
2810,MAA-BLR,MAA,BLR,24-06-2023,113,ATR 72,350,264,1009148.95,972513.05,36635.9,75.42857143,Domestic,2023-06
2811,BLR-HYD,BLR,HYD,25-01-2023,605,ATR 72,350,220,618238.51,346323.08,271915.43,62.85714286,Domestic,2023-01
2812,HYD-BOM,HYD,BOM,17-12-2023,785,Boeing 777,150,75,191472.89,173602.84,17870.05,50,Domestic,2023-12
2813,HYD-DXB,HYD,DXB,29-05-2023,354,Airbus A320,180,118,3662936.94,3145583.25,517353.69,65.55555556,International,2023-05
2814,HYD-DXB,HYD,DXB,02-06-2023,694,ATR 72,250,189,5021844.6,4452487.96,569356.64,75.6,International,2023-06
2815,DEL-LHR,DEL,LHR,09-09-2023,396,ATR 72,180,152,3328233.98,2865568.31,462665.67,84.44444444,International,2023-09
2816,BLR-HYD,BLR,HYD,31-10-2023,112,Airbus A320,150,73,273118.28,226048.11,47070.17,48.66666667,Domestic,2023-10
2817,MAA-CMB,MAA,CMB,08-11-2023,736,Boeing 737,150,91,2557711.39,2387824.75,169886.64,60.66666667,International,2023-11
2818,DEL-FRA,DEL,FRA,11-02-2023,533,Boeing 737,180,152,4246395.66,4669092.28,-422696.62,84.44444444,International,2023-02
2819,MAA-BLR,MAA,BLR,18-06-2023,890,Boeing 737,180,156,432275.88,366485.15,65790.73,86.66666667,Domestic,2023-06
2820,BOM-GOI,BOM,GOI,25-09-2023,460,ATR 72,120,59,218713.89,204041.95,14671.94,49.16666667,Domestic,2023-09
2821,CCU-DEL,CCU,DEL,28-09-2023,574,Boeing 777,250,224,583595.82,349661.21,233934.61,89.6,Domestic,2023-09
2822,HYD-BOM,HYD,BOM,09-11-2023,563,ATR 72,120,71,287520.47,257578.85,29941.62,59.16666667,Domestic,2023-11
2823,BOM-DEL,BOM,DEL,13-11-2023,732,ATR 72,150,133,425803.6,381628.74,44174.86,88.66666667,Domestic,2023-11
2824,DEL-LHR,DEL,LHR,11-06-2023,211,ATR 72,250,235,6762833.93,4616355.73,2146478.2,94,International,2023-06
2825,DEL-LHR,DEL,LHR,15-02-2023,703,Boeing 777,350,257,5219673.32,5131708.31,87965.01,73.42857143,International,2023-02
2826,BOM-DEL,BOM,DEL,09-12-2023,386,Airbus A320,150,121,294750.6,293762.57,988.03,80.66666667,Domestic,2023-12
2827,BLR-HYD,BLR,HYD,22-10-2023,306,ATR 72,120,54,222768.72,193715.88,29052.84,45,Domestic,2023-10
2828,BOM-NRT,BOM,NRT,31-08-2023,374,Airbus A320,180,114,2696127.32,2172957.69,523169.63,63.33333333,International,2023-08
2829,BOM-NRT,BOM,NRT,31-01-2023,766,ATR 72,180,159,5082278.62,5404246.84,-321968.22,88.33333333,International,2023-01
2830,BLR-HYD,BLR,HYD,22-01-2023,350,Boeing 777,120,109,320329.89,313532.55,6797.34,90.83333333,Domestic,2023-01
2831,CCU-DEL,CCU,DEL,25-07-2023,131,Boeing 777,350,249,767519.19,607287.43,160231.76,71.14285714,Domestic,2023-07
2832,DEL-FRA,DEL,FRA,10-02-2023,282,Boeing 777,350,291,7570117.2,5277943.36,2292173.84,83.14285714,International,2023-02
2833,DEL-LHR,DEL,LHR,04-05-2023,877,ATR 72,120,98,2881148.05,2525993.55,355154.5,81.66666667,International,2023-05
2834,BOM-BKK,BOM,BKK,16-02-2023,435,Boeing 777,250,200,4257844.66,3195884.34,1061960.32,80,International,2023-02
2835,BLR-SIN,BLR,SIN,12-07-2023,305,ATR 72,250,187,4741576.74,4854958.96,-113382.22,74.8,International,2023-07
2836,BLR-HYD,BLR,HYD,21-02-2023,448,Boeing 777,150,98,354947.85,204291.09,150656.76,65.33333333,Domestic,2023-02
2837,DEL-MAA,DEL,MAA,18-09-2023,305,Airbus A380,250,136,333296.76,214991.33,118305.43,54.4,Domestic,2023-09
2838,DEL-CDG,DEL,CDG,04-08-2023,844,Airbus A380,250,113,3809420.84,2769415.27,1040005.57,45.2,International,2023-08
2839,HYD-DXB,HYD,DXB,12-02-2023,446,Boeing 777,180,87,2659757.97,2120692.05,539065.92,48.33333333,International,2023-02
2840,DEL-BLR,DEL,BLR,23-02-2023,698,Airbus A380,180,141,390362.43,340102.46,50259.97,78.33333333,Domestic,2023-02
2841,DEL-AMD,DEL,AMD,29-07-2023,331,Boeing 737,180,172,424401.77,403846.84,20554.93,95.55555556,Domestic,2023-07
2842,MAA-CMB,MAA,CMB,01-01-2023,198,Airbus A380,150,68,1505564.12,1207190,298374.12,45.33333333,International,2023-01
2843,BOM-BKK,BOM,BKK,10-03-2023,581,Boeing 737,180,141,4250654.12,3493921.15,756732.97,78.33333333,International,2023-03
2844,HYD-DXB,HYD,DXB,24-10-2023,295,ATR 72,180,156,5288162.12,4733998.06,554164.06,86.66666667,International,2023-10
2845,BOM-NRT,BOM,NRT,23-01-2023,488,Airbus A380,250,146,4576015.51,5035747.83,-459732.32,58.4,International,2023-01
2846,DEL-CDG,DEL,CDG,17-11-2023,768,Boeing 737,350,189,5213535.65,5255863.42,-42327.77,54,International,2023-11
2847,MAA-BLR,MAA,BLR,11-11-2023,581,Airbus A380,180,164,616298.53,468610.6,147687.93,91.11111111,Domestic,2023-11
2848,HYD-BOM,HYD,BOM,18-06-2023,610,Airbus A380,150,134,351336.55,249283.55,102053,89.33333333,Domestic,2023-06
2849,CCU-DEL,CCU,DEL,11-01-2023,717,Airbus A380,350,335,1398026.94,1430603.36,-32576.42,95.71428571,Domestic,2023-01
2850,BLR-SIN,BLR,SIN,19-05-2023,854,Boeing 737,150,91,2104281.16,1793533.71,310747.45,60.66666667,International,2023-05
2851,HYD-DXB,HYD,DXB,03-02-2023,579,Airbus A380,150,111,2957907.13,2953315.68,4591.45,74,International,2023-02
2852,HYD-DXB,HYD,DXB,24-04-2023,809,Airbus A320,150,99,3110056.69,2549326.76,560729.93,66,International,2023-04
2853,MAA-BLR,MAA,BLR,18-02-2023,298,Boeing 737,350,159,642941.9,717039.5,-74097.6,45.42857143,Domestic,2023-02
2854,DEL-LHR,DEL,LHR,09-04-2023,584,Airbus A380,120,65,1424523.38,897370.18,527153.2,54.16666667,International,2023-04
2855,MAA-BLR,MAA,BLR,27-03-2023,100,Boeing 777,120,95,257135.95,275632.88,-18496.93,79.16666667,Domestic,2023-03
2856,BOM-CCU,BOM,CCU,09-11-2023,95,Boeing 777,250,173,417480.32,419474.69,-1994.37,69.2,Domestic,2023-11
2857,BOM-CCU,BOM,CCU,11-01-2023,117,Airbus A380,350,313,904507.56,804121.41,100386.15,89.42857143,Domestic,2023-01
2858,BOM-GOI,BOM,GOI,19-05-2023,440,Airbus A320,350,276,691958.23,580990.76,110967.47,78.85714286,Domestic,2023-05
2859,DEL-CDG,DEL,CDG,08-06-2023,161,Airbus A320,150,127,3576293.6,2966069.39,610224.21,84.66666667,International,2023-06
2860,BOM-NRT,BOM,NRT,13-10-2023,546,Airbus A320,250,242,7981947.05,7140663.83,841283.22,96.8,International,2023-10
2861,CCU-DEL,CCU,DEL,04-04-2023,241,Boeing 777,120,117,458121.39,470064.87,-11943.48,97.5,Domestic,2023-04
2862,BOM-GOI,BOM,GOI,29-05-2023,74,Boeing 777,150,81,208933.17,181801.45,27131.72,54,Domestic,2023-05
2863,DEL-CDG,DEL,CDG,27-01-2023,96,Airbus A320,180,117,3097495.13,2981417.62,116077.51,65,International,2023-01
2864,CCU-DEL,CCU,DEL,26-01-2023,546,Boeing 737,150,110,352832.86,332255.16,20577.7,73.33333333,Domestic,2023-01
2865,DEL-BLR,DEL,BLR,19-03-2023,857,Boeing 737,120,91,346071.09,239435.31,106635.78,75.83333333,Domestic,2023-03
2866,BOM-BKK,BOM,BKK,11-03-2023,131,ATR 72,180,99,3403277.73,3063070.55,340207.18,55,International,2023-03
2867,BOM-DEL,BOM,DEL,23-06-2023,536,Airbus A380,350,215,539193.87,456675.48,82518.39,61.42857143,Domestic,2023-06
2868,DEL-MAA,DEL,MAA,20-06-2023,877,ATR 72,120,55,177678.09,163321.98,14356.11,45.83333333,Domestic,2023-06
2869,BOM-CCU,BOM,CCU,08-04-2023,830,Boeing 737,250,135,346726.38,233179.15,113547.23,54,Domestic,2023-04
2870,BLR-SIN,BLR,SIN,17-10-2023,102,ATR 72,250,229,6830220.33,5787713.94,1042506.39,91.6,International,2023-10
2871,BOM-GOI,BOM,GOI,03-03-2023,85,Boeing 777,180,164,603175.83,432836.95,170338.88,91.11111111,Domestic,2023-03
2872,BOM-BKK,BOM,BKK,27-02-2023,567,Boeing 737,350,188,6037835.49,6814589.89,-776754.4,53.71428571,International,2023-02
2873,CCU-KUL,CCU,KUL,04-01-2023,525,Boeing 777,180,104,2163917.98,2460423.35,-296505.37,57.77777778,International,2023-01
2874,HYD-BOM,HYD,BOM,04-06-2023,360,Airbus A320,150,96,246443.27,194292.63,52150.64,64,Domestic,2023-06
2875,DEL-MAA,DEL,MAA,25-06-2023,245,Airbus A320,350,207,527458.33,592129.95,-64671.62,59.14285714,Domestic,2023-06
2876,BOM-DEL,BOM,DEL,26-10-2023,338,Boeing 777,250,218,709378.24,466896.24,242482,87.2,Domestic,2023-10
2877,DEL-CDG,DEL,CDG,12-01-2023,273,Airbus A320,250,197,4983476.23,3023096.41,1960379.82,78.8,International,2023-01
2878,DEL-MAA,DEL,MAA,29-08-2023,478,Boeing 737,250,192,564517.31,499211.02,65306.29,76.8,Domestic,2023-08
2879,DEL-MAA,DEL,MAA,19-05-2023,413,Boeing 777,350,257,668586.57,382587.45,285999.12,73.42857143,Domestic,2023-05
2880,BLR-HYD,BLR,HYD,24-02-2023,648,Boeing 737,180,172,579062.65,638887.01,-59824.36,95.55555556,Domestic,2023-02
2881,BOM-CCU,BOM,CCU,29-03-2023,884,Airbus A380,350,320,1340179.81,1302482.18,37697.63,91.42857143,Domestic,2023-03
2882,DEL-CDG,DEL,CDG,02-10-2023,483,Boeing 777,250,186,5927346.76,6490329.43,-562982.67,74.4,International,2023-10
2883,HYD-DXB,HYD,DXB,12-12-2023,491,Airbus A320,150,104,3638638.54,3983264.04,-344625.5,69.33333333,International,2023-12
2884,HYD-DXB,HYD,DXB,27-09-2023,335,Boeing 777,250,146,4039466.34,2780900.98,1258565.36,58.4,International,2023-09
2885,MAA-CMB,MAA,CMB,15-02-2023,638,Boeing 737,350,163,3972903.13,4202626.18,-229723.05,46.57142857,International,2023-02
2886,DEL-MAA,DEL,MAA,13-02-2023,507,Boeing 777,120,57,195413.39,192611.12,2802.27,47.5,Domestic,2023-02
2887,HYD-DXB,HYD,DXB,14-04-2023,462,ATR 72,150,133,4226918.99,4809339.6,-582420.61,88.66666667,International,2023-04
2888,MAA-BLR,MAA,BLR,04-10-2023,335,ATR 72,250,148,606827.83,347981.55,258846.28,59.2,Domestic,2023-10
2889,BOM-GOI,BOM,GOI,02-03-2023,289,ATR 72,350,233,674250.25,446687.42,227562.83,66.57142857,Domestic,2023-03
2890,BOM-DEL,BOM,DEL,28-03-2023,127,Airbus A320,150,126,413910.3,460798.16,-46887.86,84,Domestic,2023-03
2891,DEL-MAA,DEL,MAA,08-01-2023,427,Boeing 777,120,109,410979.32,226526.46,184452.86,90.83333333,Domestic,2023-01
2892,BOM-DEL,BOM,DEL,10-01-2023,621,ATR 72,250,145,424131.3,415050.8,9080.5,58,Domestic,2023-01
2893,BLR-SIN,BLR,SIN,21-08-2023,305,ATR 72,120,92,1844634.99,1591284.27,253350.72,76.66666667,International,2023-08
2894,BOM-NRT,BOM,NRT,16-02-2023,184,Boeing 777,120,79,1583140.38,1421322.91,161817.47,65.83333333,International,2023-02
2895,BOM-CCU,BOM,CCU,16-07-2023,641,Airbus A320,150,78,256623.89,284927.27,-28303.38,52,Domestic,2023-07
2896,BOM-NRT,BOM,NRT,11-12-2023,604,ATR 72,250,210,6145994.14,4811838.63,1334155.51,84,International,2023-12
2897,MAA-CMB,MAA,CMB,22-06-2023,367,ATR 72,120,113,3728888.32,3276081.59,452806.73,94.16666667,International,2023-06
2898,CCU-KUL,CCU,KUL,13-05-2023,457,Airbus A320,120,57,1927762.25,2004027.2,-76264.95,47.5,International,2023-05
2899,BOM-NRT,BOM,NRT,21-09-2023,343,Airbus A320,150,102,3402187.49,3347097.61,55089.88,68,International,2023-09
2900,HYD-BOM,HYD,BOM,17-08-2023,144,Boeing 737,350,321,954337.29,904035.78,50301.51,91.71428571,Domestic,2023-08
2901,MAA-CMB,MAA,CMB,27-11-2023,438,Boeing 777,180,128,4017720.8,4530830.56,-513109.76,71.11111111,International,2023-11
2902,DEL-AMD,DEL,AMD,18-03-2023,78,Airbus A320,180,157,564652.9,333737.05,230915.85,87.22222222,Domestic,2023-03
2903,CCU-DEL,CCU,DEL,15-06-2023,840,Airbus A320,180,120,294473.81,218791.39,75682.42,66.66666667,Domestic,2023-06
2904,BOM-NRT,BOM,NRT,07-11-2023,671,Boeing 777,180,136,4156269.42,4438638.52,-282369.1,75.55555556,International,2023-11
2905,BOM-BKK,BOM,BKK,15-08-2023,211,Boeing 737,120,57,1257945.69,1356997.27,-99051.58,47.5,International,2023-08
2906,BOM-DEL,BOM,DEL,13-03-2023,783,ATR 72,120,97,259375.44,164097.42,95278.02,80.83333333,Domestic,2023-03
2907,HYD-BOM,HYD,BOM,20-09-2023,517,ATR 72,180,173,461689.47,500660.56,-38971.09,96.11111111,Domestic,2023-09
2908,DEL-MAA,DEL,MAA,18-01-2023,603,Boeing 777,350,322,1060792.03,1021857.04,38934.99,92,Domestic,2023-01
2909,DEL-MAA,DEL,MAA,28-08-2023,292,Boeing 777,150,100,268758.5,297873.45,-29114.95,66.66666667,Domestic,2023-08
2910,DEL-LHR,DEL,LHR,21-08-2023,77,Boeing 737,180,89,2607372.85,2986730.51,-379357.66,49.44444444,International,2023-08
2911,MAA-CMB,MAA,CMB,13-03-2023,624,Boeing 777,120,88,2666336.6,2967528.29,-301191.69,73.33333333,International,2023-03
2912,BOM-GOI,BOM,GOI,20-11-2023,395,Boeing 777,350,160,575680.88,624816.71,-49135.83,45.71428571,Domestic,2023-11
2913,BLR-HYD,BLR,HYD,17-01-2023,122,Airbus A380,350,189,472440.75,380731.65,91709.1,54,Domestic,2023-01
2914,BOM-DEL,BOM,DEL,28-01-2023,147,Airbus A320,350,202,536912.7,323221.21,213691.49,57.71428571,Domestic,2023-01
2915,BOM-CCU,BOM,CCU,31-03-2023,265,Airbus A320,350,293,1191166.44,960472.54,230693.9,83.71428571,Domestic,2023-03
2916,DEL-LHR,DEL,LHR,15-02-2023,188,Boeing 737,180,171,5254821.77,2926499.62,2328322.15,95,International,2023-02
2917,BOM-BKK,BOM,BKK,11-08-2023,829,Boeing 777,150,143,4515733.8,4462935.4,52798.4,95.33333333,International,2023-08
2918,MAA-BLR,MAA,BLR,09-06-2023,450,Boeing 737,180,143,573272.78,651857.95,-78585.17,79.44444444,Domestic,2023-06
2919,BOM-BKK,BOM,BKK,23-04-2023,709,Boeing 777,250,221,4503382.9,4157629.09,345753.81,88.4,International,2023-04
2920,BOM-DXB,BOM,DXB,02-05-2023,67,Boeing 777,250,207,6619496.45,7545043.22,-925546.77,82.8,International,2023-05
2921,DEL-AMD,DEL,AMD,09-09-2023,212,Boeing 777,150,95,392348.53,235348.11,157000.42,63.33333333,Domestic,2023-09
2922,BOM-BKK,BOM,BKK,01-10-2023,233,Airbus A320,180,153,4779995.21,2990989.09,1789006.12,85,International,2023-10
2923,DEL-FRA,DEL,FRA,09-12-2023,247,Airbus A380,250,243,6716719.05,7108857.28,-392138.23,97.2,International,2023-12
2924,BLR-SIN,BLR,SIN,29-06-2023,775,Airbus A380,150,135,3259025.44,1942226.12,1316799.32,90,International,2023-06
2925,DEL-CDG,DEL,CDG,15-08-2023,478,ATR 72,250,180,5879634.79,6021123.19,-141488.4,72,International,2023-08
2926,DEL-AMD,DEL,AMD,31-08-2023,538,Boeing 737,150,113,401195.37,307702.15,93493.22,75.33333333,Domestic,2023-08
2927,DEL-BLR,DEL,BLR,31-07-2023,171,ATR 72,180,128,418569.05,305891.23,112677.82,71.11111111,Domestic,2023-07
2928,DEL-MAA,DEL,MAA,06-03-2023,300,Boeing 777,180,158,466681.31,342704.22,123977.09,87.77777778,Domestic,2023-03
2929,BOM-BKK,BOM,BKK,13-07-2023,620,Airbus A320,120,63,1577783.11,1470997.06,106786.05,52.5,International,2023-07
2930,MAA-BLR,MAA,BLR,06-11-2023,815,Boeing 777,150,95,326296.28,213149.95,113146.33,63.33333333,Domestic,2023-11
2931,BLR-SIN,BLR,SIN,04-12-2023,767,Boeing 777,180,142,3027315.21,1889755.73,1137559.48,78.88888889,International,2023-12
2932,DEL-CDG,DEL,CDG,10-09-2023,852,Airbus A320,350,259,7243698.08,5998938.01,1244760.07,74,International,2023-09
2933,BOM-DEL,BOM,DEL,09-12-2023,499,Airbus A320,180,102,369128.08,377755.72,-8627.64,56.66666667,Domestic,2023-12
2934,HYD-DXB,HYD,DXB,15-09-2023,885,Airbus A320,120,87,2101781.81,2166563.88,-64782.07,72.5,International,2023-09
2935,MAA-CMB,MAA,CMB,12-01-2023,474,Airbus A380,180,163,3304710.6,3496533.67,-191823.07,90.55555556,International,2023-01
2936,BLR-HYD,BLR,HYD,23-01-2023,246,Boeing 737,150,132,404966.22,270373.26,134592.96,88,Domestic,2023-01
2937,MAA-BLR,MAA,BLR,12-02-2023,881,Airbus A320,150,136,355399.95,281074.86,74325.09,90.66666667,Domestic,2023-02
2938,DEL-AMD,DEL,AMD,09-11-2023,821,ATR 72,250,113,463609.91,393142.48,70467.43,45.2,Domestic,2023-11
2939,BLR-HYD,BLR,HYD,25-11-2023,577,Airbus A380,120,116,320710.35,188413.86,132296.49,96.66666667,Domestic,2023-11
2940,CCU-DEL,CCU,DEL,23-02-2023,668,Airbus A380,350,311,1095098.1,1201817.03,-106718.93,88.85714286,Domestic,2023-02
2941,DEL-BLR,DEL,BLR,11-02-2023,151,Boeing 777,120,113,313884.83,345709.66,-31824.83,94.16666667,Domestic,2023-02
2942,CCU-KUL,CCU,KUL,01-03-2023,306,Boeing 737,250,211,6086381.53,5051580.19,1034801.34,84.4,International,2023-03
2943,MAA-CMB,MAA,CMB,01-08-2023,106,Boeing 737,250,229,5114445.06,5843851.32,-729406.26,91.6,International,2023-08
2944,DEL-LHR,DEL,LHR,17-12-2023,792,ATR 72,120,99,2363680.21,2125186.42,238493.79,82.5,International,2023-12
2945,DEL-AMD,DEL,AMD,22-11-2023,537,ATR 72,180,163,661499,613349.67,48149.33,90.55555556,Domestic,2023-11
2946,BOM-CCU,BOM,CCU,16-04-2023,508,Boeing 777,150,94,253627.72,157662.07,95965.65,62.66666667,Domestic,2023-04
2947,CCU-KUL,CCU,KUL,27-03-2023,631,ATR 72,250,181,3629402.36,2295818.72,1333583.64,72.4,International,2023-03
2948,DEL-FRA,DEL,FRA,03-11-2023,838,Boeing 737,150,104,3554969.72,2180867.89,1374101.83,69.33333333,International,2023-11
2949,BOM-DEL,BOM,DEL,10-10-2023,766,ATR 72,120,103,334334.6,351343.45,-17008.85,85.83333333,Domestic,2023-10
2950,DEL-MAA,DEL,MAA,14-04-2023,753,ATR 72,350,275,850177.65,713021.1,137156.55,78.57142857,Domestic,2023-04
2951,BLR-HYD,BLR,HYD,02-10-2023,262,Airbus A380,180,160,395611.69,426067.46,-30455.77,88.88888889,Domestic,2023-10
2952,MAA-CMB,MAA,CMB,24-02-2023,67,Airbus A320,180,133,4004104.15,3923184.48,80919.67,73.88888889,International,2023-02
2953,DEL-LHR,DEL,LHR,30-06-2023,536,ATR 72,120,54,1607578.79,1529575.54,78003.25,45,International,2023-06
2954,DEL-AMD,DEL,AMD,10-04-2023,877,Airbus A320,150,137,566524.56,366746.22,199778.34,91.33333333,Domestic,2023-04
2955,BLR-HYD,BLR,HYD,20-07-2023,659,Boeing 737,250,192,724637.38,638327,86310.38,76.8,Domestic,2023-07
2956,DEL-FRA,DEL,FRA,13-05-2023,467,Airbus A380,120,78,2077706.29,1993732.57,83973.72,65,International,2023-05
2957,BOM-CCU,BOM,CCU,12-08-2023,694,Boeing 737,150,113,471049.19,522351.51,-51302.32,75.33333333,Domestic,2023-08
2958,DEL-MAA,DEL,MAA,15-02-2023,389,Boeing 737,120,107,429109.42,448020.64,-18911.22,89.16666667,Domestic,2023-02
2959,BLR-SIN,BLR,SIN,07-02-2023,64,Airbus A380,120,67,1705798.57,1940405.71,-234607.14,55.83333333,International,2023-02
2960,HYD-DXB,HYD,DXB,13-05-2023,860,Airbus A320,180,161,4917301.31,4754552.83,162748.48,89.44444444,International,2023-05
2961,DEL-CDG,DEL,CDG,03-10-2023,287,ATR 72,150,90,2954627.26,2517441.5,437185.76,60,International,2023-10
2962,HYD-BOM,HYD,BOM,13-01-2023,70,Boeing 777,120,100,348123.66,360549.49,-12425.83,83.33333333,Domestic,2023-01
2963,BOM-DEL,BOM,DEL,11-06-2023,294,Boeing 737,150,75,303064.91,235249.35,67815.56,50,Domestic,2023-06
2964,DEL-LHR,DEL,LHR,09-10-2023,457,Boeing 777,250,206,4877260.21,4636557.48,240702.73,82.4,International,2023-10
2965,DEL-CDG,DEL,CDG,18-06-2023,298,Boeing 777,350,174,3488196.09,1954246.48,1533949.61,49.71428571,International,2023-06
2966,BLR-HYD,BLR,HYD,22-05-2023,570,Airbus A380,180,154,412695.76,352169.23,60526.53,85.55555556,Domestic,2023-05
2967,BOM-NRT,BOM,NRT,06-08-2023,185,Boeing 777,250,145,3632888.08,3620812.36,12075.72,58,International,2023-08
2968,BLR-HYD,BLR,HYD,12-03-2023,619,Boeing 737,250,232,694405.8,422954.47,271451.33,92.8,Domestic,2023-03
2969,HYD-BOM,HYD,BOM,31-10-2023,441,ATR 72,250,179,539588.18,380818.89,158769.29,71.6,Domestic,2023-10
2970,BLR-SIN,BLR,SIN,24-11-2023,106,ATR 72,250,133,4125032.23,2315448.52,1809583.71,53.2,International,2023-11
2971,DEL-AMD,DEL,AMD,30-05-2023,505,Boeing 777,180,121,391149.05,248304.49,142844.56,67.22222222,Domestic,2023-05
2972,DEL-LHR,DEL,LHR,03-02-2023,512,Boeing 737,120,83,1736126.93,1475749.82,260377.11,69.16666667,International,2023-02
2973,BLR-HYD,BLR,HYD,05-07-2023,453,Boeing 777,250,182,646862.8,444995.09,201867.71,72.8,Domestic,2023-07
2974,DEL-BLR,DEL,BLR,21-04-2023,160,Airbus A380,180,110,309197.64,173016.93,136180.71,61.11111111,Domestic,2023-04
2975,BOM-GOI,BOM,GOI,15-08-2023,363,Boeing 737,180,129,384906.55,317706.2,67200.35,71.66666667,Domestic,2023-08
2976,BOM-GOI,BOM,GOI,16-07-2023,111,Airbus A320,350,189,541902.37,542468.37,-566,54,Domestic,2023-07
2977,HYD-DXB,HYD,DXB,26-07-2023,211,Airbus A380,150,111,3608452.63,4143293.93,-534841.3,74,International,2023-07
2978,DEL-FRA,DEL,FRA,02-08-2023,498,Boeing 777,150,68,2025756.7,1572692.51,453064.19,45.33333333,International,2023-08
2979,CCU-DEL,CCU,DEL,15-03-2023,549,Boeing 737,150,142,394027.63,346387.29,47640.34,94.66666667,Domestic,2023-03
2980,BLR-SIN,BLR,SIN,01-09-2023,487,Airbus A320,180,138,3211028.38,2785272.65,425755.73,76.66666667,International,2023-09
2981,HYD-DXB,HYD,DXB,01-09-2023,681,Boeing 737,250,231,7024996.27,7224496.77,-199500.5,92.4,International,2023-09
2982,HYD-DXB,HYD,DXB,25-09-2023,462,ATR 72,150,81,2463114.88,2507705.29,-44590.41,54,International,2023-09
2983,HYD-BOM,HYD,BOM,13-05-2023,66,Boeing 777,120,97,397550.86,362721.62,34829.24,80.83333333,Domestic,2023-05
2984,DEL-MAA,DEL,MAA,31-08-2023,264,ATR 72,250,210,865743.39,646210.89,219532.5,84,Domestic,2023-08
2985,DEL-FRA,DEL,FRA,08-08-2023,323,Boeing 737,180,99,2954512.87,2195207.25,759305.62,55,International,2023-08
2986,DEL-FRA,DEL,FRA,30-01-2023,814,Airbus A380,350,267,7195810.45,7026046.65,169763.8,76.28571429,International,2023-01
2987,DEL-LHR,DEL,LHR,11-05-2023,222,Airbus A380,120,91,2997524.09,2082511.99,915012.1,75.83333333,International,2023-05
2988,HYD-DXB,HYD,DXB,13-05-2023,210,Airbus A320,250,140,3645126.52,3836043.7,-190917.18,56,International,2023-05
2989,DEL-FRA,DEL,FRA,16-04-2023,244,Boeing 737,150,81,2401809.9,2015808.3,386001.6,54,International,2023-04
2990,BLR-HYD,BLR,HYD,08-02-2023,535,Boeing 777,250,168,439697.27,371584.59,68112.68,67.2,Domestic,2023-02
2991,BOM-BKK,BOM,BKK,26-03-2023,118,Boeing 777,150,116,3265159.88,2019214.14,1245945.74,77.33333333,International,2023-03
2992,MAA-BLR,MAA,BLR,10-10-2023,473,ATR 72,350,200,614926.88,685027.42,-70100.54,57.14285714,Domestic,2023-10
2993,BOM-BKK,BOM,BKK,24-10-2023,68,Airbus A320,350,316,7169271.45,4070373.84,3098897.61,90.28571429,International,2023-10
2994,BOM-GOI,BOM,GOI,31-07-2023,642,ATR 72,120,60,249764.22,177253.83,72510.39,50,Domestic,2023-07
2995,BLR-SIN,BLR,SIN,18-05-2023,567,Boeing 737,120,80,1630327.94,966575.32,663752.62,66.66666667,International,2023-05
2996,DEL-FRA,DEL,FRA,10-01-2023,281,Boeing 737,250,234,6244225.26,6351122.82,-106897.56,93.6,International,2023-01
2997,BOM-DXB,BOM,DXB,17-12-2023,71,Boeing 737,180,136,3145704.29,2510150.27,635554.02,75.55555556,International,2023-12
2998,DEL-FRA,DEL,FRA,04-04-2023,319,Boeing 777,250,189,6197720.71,6618021,-420300.29,75.6,International,2023-04
2999,DEL-FRA,DEL,FRA,23-03-2023,636,Boeing 777,250,169,3992623.26,3525982.27,466640.99,67.6,International,2023-03
3000,MAA-CMB,MAA,CMB,24-04-2023,636,Boeing 737,250,212,5273806.53,3093189.55,2180616.98,84.8,International,2023-04
3001,DEL-LHR,DEL,LHR,12-11-2023,806,ATR 72,350,217,6614857.06,4507299.41,2107557.65,62,International,2023-11
3002,DEL-CDG,DEL,CDG,26-04-2023,190,Airbus A380,150,146,4000231.27,3498405.79,501825.48,97.33333333,International,2023-04
3003,BOM-CCU,BOM,CCU,23-03-2023,646,Boeing 737,250,141,503932.78,367406.85,136525.93,56.4,Domestic,2023-03
3004,BOM-NRT,BOM,NRT,08-08-2023,120,Airbus A320,250,207,5545206.56,5198791.92,346414.64,82.8,International,2023-08
3005,BOM-GOI,BOM,GOI,21-08-2023,230,ATR 72,180,114,315749.92,266351.22,49398.7,63.33333333,Domestic,2023-08
3006,DEL-CDG,DEL,CDG,17-11-2023,660,Boeing 777,120,82,1640701.76,1748163.6,-107461.84,68.33333333,International,2023-11
3007,BOM-BKK,BOM,BKK,04-06-2023,895,Boeing 737,250,211,7365115.28,7380747.09,-15631.81,84.4,International,2023-06
3008,BOM-DEL,BOM,DEL,28-03-2023,105,ATR 72,120,96,389784.85,346529.2,43255.65,80,Domestic,2023-03
3009,BOM-GOI,BOM,GOI,01-11-2023,107,Airbus A320,150,128,515508.87,523745.52,-8236.65,85.33333333,Domestic,2023-11
3010,DEL-AMD,DEL,AMD,02-05-2023,694,Boeing 737,180,105,360187.82,205579.67,154608.15,58.33333333,Domestic,2023-05
3011,HYD-BOM,HYD,BOM,30-03-2023,220,Boeing 777,150,87,235940.84,265301.95,-29361.11,58,Domestic,2023-03
3012,HYD-BOM,HYD,BOM,03-07-2023,128,Boeing 737,150,131,528003.72,545542.1,-17538.38,87.33333333,Domestic,2023-07
3013,DEL-LHR,DEL,LHR,31-01-2023,176,ATR 72,150,146,3541258.99,3639453.78,-98194.79,97.33333333,International,2023-01
3014,DEL-BLR,DEL,BLR,26-04-2023,474,ATR 72,350,308,1187452.39,856037.08,331415.31,88,Domestic,2023-04
3015,CCU-DEL,CCU,DEL,16-11-2023,258,Airbus A320,150,137,401434.37,280110.41,121323.96,91.33333333,Domestic,2023-11
3016,BOM-GOI,BOM,GOI,31-10-2023,496,Airbus A320,120,105,257037.28,228402.91,28634.37,87.5,Domestic,2023-10
3017,MAA-CMB,MAA,CMB,27-11-2023,296,Boeing 737,150,133,4233376.98,4240129.86,-6752.88,88.66666667,International,2023-11
3018,BOM-CCU,BOM,CCU,24-03-2023,653,Boeing 737,250,215,806775.1,633877.61,172897.49,86,Domestic,2023-03
3019,DEL-CDG,DEL,CDG,04-11-2023,689,Airbus A320,120,61,1442095.08,1222677.12,219417.96,50.83333333,International,2023-11
3020,CCU-DEL,CCU,DEL,08-02-2023,552,Airbus A380,180,137,397319.09,234156,163163.09,76.11111111,Domestic,2023-02
3021,BOM-DEL,BOM,DEL,16-07-2023,246,ATR 72,180,142,485560.9,529752.88,-44191.98,78.88888889,Domestic,2023-07
3022,BOM-DXB,BOM,DXB,15-11-2023,875,Boeing 737,350,182,4719778.38,2811138.31,1908640.07,52,International,2023-11
3023,HYD-BOM,HYD,BOM,21-02-2023,553,Boeing 777,150,124,326193.89,262302.72,63891.17,82.66666667,Domestic,2023-02
3024,MAA-BLR,MAA,BLR,31-08-2023,386,Airbus A320,350,274,854210.15,666161.84,188048.31,78.28571429,Domestic,2023-08
3025,DEL-MAA,DEL,MAA,26-12-2023,86,ATR 72,250,128,493513.32,339113.32,154400,51.2,Domestic,2023-12
3026,BOM-DEL,BOM,DEL,20-10-2023,667,Airbus A320,350,324,961544.22,608135.51,353408.71,92.57142857,Domestic,2023-10
3027,DEL-BLR,DEL,BLR,08-04-2023,230,Boeing 737,120,76,213901.17,160237.42,53663.75,63.33333333,Domestic,2023-04
3028,BOM-DEL,BOM,DEL,12-06-2023,156,Boeing 777,150,124,328752.92,295592.28,33160.64,82.66666667,Domestic,2023-06
3029,BLR-HYD,BLR,HYD,03-06-2023,303,Boeing 737,350,315,1031059.9,932869.82,98190.08,90,Domestic,2023-06
3030,DEL-MAA,DEL,MAA,14-05-2023,537,ATR 72,150,97,362222.07,386122.11,-23900.04,64.66666667,Domestic,2023-05
3031,DEL-MAA,DEL,MAA,17-02-2023,573,ATR 72,150,123,351518.04,361619.62,-10101.58,82,Domestic,2023-02
3032,BOM-DXB,BOM,DXB,25-12-2023,612,Boeing 737,350,190,6443862.16,3572826.4,2871035.76,54.28571429,International,2023-12
3033,MAA-CMB,MAA,CMB,05-09-2023,564,Boeing 737,250,177,4554751.13,4075357.5,479393.63,70.8,International,2023-09
3034,CCU-DEL,CCU,DEL,01-05-2023,835,Airbus A320,350,266,905661.38,690633.9,215027.48,76,Domestic,2023-05
3035,DEL-LHR,DEL,LHR,13-11-2023,118,Airbus A320,180,125,3517940.7,2546643.16,971297.54,69.44444444,International,2023-11
3036,BOM-BKK,BOM,BKK,21-05-2023,118,ATR 72,180,141,4481565.46,3430935.76,1050629.7,78.33333333,International,2023-05
3037,HYD-DXB,HYD,DXB,29-09-2023,256,ATR 72,150,144,3572580.27,2902170.83,670409.44,96,International,2023-09
3038,CCU-KUL,CCU,KUL,11-03-2023,474,Airbus A320,120,101,2423180.11,2033903.52,389276.59,84.16666667,International,2023-03
3039,BOM-NRT,BOM,NRT,28-03-2023,431,Boeing 777,150,136,4020801.83,2980738.13,1040063.7,90.66666667,International,2023-03
3040,DEL-LHR,DEL,LHR,11-02-2023,864,ATR 72,250,134,2999638.2,1980181.59,1019456.61,53.6,International,2023-02
3041,DEL-LHR,DEL,LHR,05-01-2023,833,Boeing 737,350,191,5909547.94,5603509.83,306038.11,54.57142857,International,2023-01
3042,BLR-SIN,BLR,SIN,28-03-2023,835,Boeing 777,250,135,3532658.04,3191365.94,341292.1,54,International,2023-03
3043,MAA-BLR,MAA,BLR,03-04-2023,721,Boeing 737,120,108,292156.06,189175.47,102980.59,90,Domestic,2023-04
3044,MAA-BLR,MAA,BLR,14-02-2023,354,ATR 72,350,189,457493.48,255311.94,202181.54,54,Domestic,2023-02
3045,BOM-BKK,BOM,BKK,21-07-2023,234,Airbus A380,120,62,1610606.78,1139288.03,471318.75,51.66666667,International,2023-07
3046,BOM-DXB,BOM,DXB,27-01-2023,654,Boeing 777,250,138,2898179.35,3047645.19,-149465.84,55.2,International,2023-01
3047,DEL-BLR,DEL,BLR,10-01-2023,794,Airbus A320,350,171,637348.28,382817.71,254530.57,48.85714286,Domestic,2023-01
3048,HYD-BOM,HYD,BOM,06-05-2023,439,Airbus A320,350,272,718635.91,523689.52,194946.39,77.71428571,Domestic,2023-05
3049,DEL-FRA,DEL,FRA,17-02-2023,148,ATR 72,150,97,1948423.03,1126317.39,822105.64,64.66666667,International,2023-02
3050,BOM-DEL,BOM,DEL,28-09-2023,207,Airbus A380,250,199,592356.82,425662.85,166693.97,79.6,Domestic,2023-09
3051,BLR-HYD,BLR,HYD,17-12-2023,826,Airbus A380,120,84,267512.08,167965.34,99546.74,70,Domestic,2023-12
3052,DEL-AMD,DEL,AMD,22-04-2023,785,ATR 72,180,81,277862.18,190880.62,86981.56,45,Domestic,2023-04
3053,BOM-GOI,BOM,GOI,13-04-2023,337,Airbus A380,120,82,259620.14,165629.31,93990.83,68.33333333,Domestic,2023-04
3054,HYD-BOM,HYD,BOM,11-12-2023,173,Airbus A320,150,130,338831.89,317061.42,21770.47,86.66666667,Domestic,2023-12
3055,DEL-CDG,DEL,CDG,13-05-2023,349,Boeing 737,250,152,5180216.02,5072725.04,107490.98,60.8,International,2023-05
3056,BLR-SIN,BLR,SIN,28-06-2023,342,Boeing 777,120,112,2570334.03,1689239.64,881094.39,93.33333333,International,2023-06
3057,CCU-KUL,CCU,KUL,04-12-2023,457,ATR 72,180,126,3314221.97,3649461.65,-335239.68,70,International,2023-12
3058,DEL-BLR,DEL,BLR,05-08-2023,769,Airbus A320,180,138,375927.09,426604.63,-50677.54,76.66666667,Domestic,2023-08
3059,MAA-BLR,MAA,BLR,08-08-2023,888,Boeing 737,250,155,466910.46,400122.76,66787.7,62,Domestic,2023-08
3060,DEL-FRA,DEL,FRA,11-01-2023,148,Airbus A380,350,271,6187413.61,4515994.21,1671419.4,77.42857143,International,2023-01
3061,BOM-GOI,BOM,GOI,22-01-2023,232,Boeing 777,350,198,584847.33,592390.33,-7543,56.57142857,Domestic,2023-01
3062,BOM-CCU,BOM,CCU,12-09-2023,232,Airbus A320,180,113,430036.04,441938.72,-11902.68,62.77777778,Domestic,2023-09
3063,HYD-DXB,HYD,DXB,19-07-2023,646,Boeing 777,250,188,6572761.71,4267724.92,2305036.79,75.2,International,2023-07
3064,DEL-AMD,DEL,AMD,02-10-2023,438,Airbus A320,250,224,592764,524979.74,67784.26,89.6,Domestic,2023-10
3065,DEL-BLR,DEL,BLR,24-05-2023,764,Airbus A380,150,83,264020.69,257066.04,6954.65,55.33333333,Domestic,2023-05
3066,BOM-CCU,BOM,CCU,01-12-2023,72,Boeing 737,350,220,726340.49,546447.52,179892.97,62.85714286,Domestic,2023-12
3067,BOM-DXB,BOM,DXB,04-09-2023,819,Boeing 777,150,74,2285985.43,1578869.56,707115.87,49.33333333,International,2023-09
3068,BOM-NRT,BOM,NRT,05-11-2023,76,Boeing 737,350,302,8200608.82,4892413.89,3308194.93,86.28571429,International,2023-11
3069,BOM-BKK,BOM,BKK,26-01-2023,372,Airbus A380,250,210,5124840.05,4219621.19,905218.86,84,International,2023-01
3070,HYD-DXB,HYD,DXB,15-05-2023,342,Airbus A320,250,119,3679018.48,2205250.16,1473768.32,47.6,International,2023-05
3071,DEL-FRA,DEL,FRA,30-11-2023,419,Airbus A380,180,166,5434208.36,3417161.52,2017046.84,92.22222222,International,2023-11
3072,BLR-SIN,BLR,SIN,30-04-2023,473,ATR 72,120,77,1882959.5,1819699.77,63259.73,64.16666667,International,2023-04
3073,HYD-DXB,HYD,DXB,10-07-2023,896,ATR 72,350,263,8961918.78,5731072.04,3230846.74,75.14285714,International,2023-07
3074,CCU-KUL,CCU,KUL,23-12-2023,230,ATR 72,120,54,1498788.79,1125160.08,373628.71,45,International,2023-12
3075,DEL-FRA,DEL,FRA,29-11-2023,635,Airbus A380,120,72,1695082.92,1351215.8,343867.12,60,International,2023-11
3076,BOM-BKK,BOM,BKK,18-01-2023,405,Boeing 737,150,123,3279561.97,3603937.23,-324375.26,82,International,2023-01
3077,BOM-NRT,BOM,NRT,18-09-2023,311,Airbus A320,120,79,2343865.36,2225554.4,118310.96,65.83333333,International,2023-09
3078,BOM-DEL,BOM,DEL,27-07-2023,542,Boeing 737,350,330,900723.62,594519.03,306204.59,94.28571429,Domestic,2023-07
3079,BOM-BKK,BOM,BKK,01-09-2023,648,Boeing 777,120,93,2935680.81,2410995.91,524684.9,77.5,International,2023-09
3080,HYD-DXB,HYD,DXB,09-08-2023,396,Airbus A320,350,298,8982849.92,9297275.7,-314425.78,85.14285714,International,2023-08
3081,DEL-BLR,DEL,BLR,18-07-2023,542,Airbus A320,350,234,689931.19,716096.06,-26164.87,66.85714286,Domestic,2023-07
3082,HYD-DXB,HYD,DXB,22-12-2023,692,ATR 72,250,243,4947736.59,5226297.98,-278561.39,97.2,International,2023-12
3083,BOM-DXB,BOM,DXB,12-01-2023,746,Boeing 777,350,183,5934056.34,5736343.01,197713.33,52.28571429,International,2023-01
3084,DEL-BLR,DEL,BLR,15-05-2023,723,ATR 72,250,213,804440.55,705525.76,98914.79,85.2,Domestic,2023-05
3085,BLR-SIN,BLR,SIN,16-12-2023,800,Airbus A380,120,79,1824030.3,1921363.36,-97333.06,65.83333333,International,2023-12
3086,BOM-CCU,BOM,CCU,25-07-2023,841,Airbus A320,350,330,1193642.62,1286503.13,-92860.51,94.28571429,Domestic,2023-07
3087,CCU-KUL,CCU,KUL,09-04-2023,889,ATR 72,350,190,6185387,6516820.1,-331433.1,54.28571429,International,2023-04
3088,BOM-CCU,BOM,CCU,11-12-2023,640,ATR 72,150,106,361601.42,289717.86,71883.56,70.66666667,Domestic,2023-12
3089,BOM-DXB,BOM,DXB,15-04-2023,851,Airbus A320,250,124,3851820.18,4249455.08,-397634.9,49.6,International,2023-04
3090,MAA-CMB,MAA,CMB,05-08-2023,375,ATR 72,180,97,2794539.35,1801474.76,993064.59,53.88888889,International,2023-08
3091,CCU-DEL,CCU,DEL,23-12-2023,665,ATR 72,150,144,368175.81,372833.1,-4657.29,96,Domestic,2023-12
3092,BOM-DXB,BOM,DXB,04-06-2023,763,ATR 72,120,61,1548295.17,1376973.95,171321.22,50.83333333,International,2023-06
3093,BOM-BKK,BOM,BKK,19-08-2023,87,Airbus A380,350,190,5558251.15,5790117.03,-231865.88,54.28571429,International,2023-08
3094,DEL-FRA,DEL,FRA,08-04-2023,62,Boeing 777,180,176,4920525.12,5536348.55,-615823.43,97.77777778,International,2023-04
3095,MAA-BLR,MAA,BLR,29-04-2023,634,ATR 72,180,143,406355.06,236735.18,169619.88,79.44444444,Domestic,2023-04
3096,DEL-MAA,DEL,MAA,22-12-2023,754,Boeing 737,250,208,541000.28,450591.34,90408.94,83.2,Domestic,2023-12
3097,BOM-DEL,BOM,DEL,17-07-2023,709,Airbus A380,180,144,521285.97,394219.33,127066.64,80,Domestic,2023-07
3098,HYD-DXB,HYD,DXB,24-10-2023,833,Boeing 737,120,78,2555569.47,2758713.24,-203143.77,65,International,2023-10
3099,BOM-NRT,BOM,NRT,03-12-2023,205,ATR 72,120,74,1701681.6,1394121.34,307560.26,61.66666667,International,2023-12
3100,DEL-BLR,DEL,BLR,28-02-2023,547,Boeing 737,350,338,1062022.81,774221.3,287801.51,96.57142857,Domestic,2023-02
3101,DEL-FRA,DEL,FRA,25-01-2023,268,Boeing 737,350,274,5609240.88,5241123.96,368116.92,78.28571429,International,2023-01
3102,BOM-CCU,BOM,CCU,21-08-2023,223,Airbus A380,150,109,379445.23,303090.02,76355.21,72.66666667,Domestic,2023-08
3103,BOM-GOI,BOM,GOI,30-11-2023,848,Boeing 777,180,161,480946.95,537658.21,-56711.26,89.44444444,Domestic,2023-11
3104,BOM-DEL,BOM,DEL,23-08-2023,210,ATR 72,350,279,1154695.48,1294235.44,-139539.96,79.71428571,Domestic,2023-08
3105,BOM-GOI,BOM,GOI,25-11-2023,722,Airbus A380,180,89,280715.53,154761.09,125954.44,49.44444444,Domestic,2023-11
3106,BOM-NRT,BOM,NRT,17-12-2023,175,ATR 72,250,226,5101352.81,4251205.8,850147.01,90.4,International,2023-12
3107,BLR-SIN,BLR,SIN,09-03-2023,75,ATR 72,120,87,2837076.85,1969114.74,867962.11,72.5,International,2023-03
3108,BLR-HYD,BLR,HYD,22-08-2023,118,Airbus A320,250,138,555096.57,393417.79,161678.78,55.2,Domestic,2023-08
3109,MAA-BLR,MAA,BLR,22-04-2023,393,ATR 72,250,196,535273.01,375680.86,159592.15,78.4,Domestic,2023-04
3110,HYD-DXB,HYD,DXB,15-12-2023,556,Boeing 737,120,65,2017390.08,1466927.16,550462.92,54.16666667,International,2023-12
3111,DEL-MAA,DEL,MAA,02-06-2023,226,Boeing 777,150,99,240908.7,145512.44,95396.26,66,Domestic,2023-06
3112,DEL-MAA,DEL,MAA,25-04-2023,529,Boeing 777,150,68,230681.53,163727.62,66953.91,45.33333333,Domestic,2023-04
3113,DEL-FRA,DEL,FRA,27-07-2023,895,Boeing 737,150,115,3419568.47,2801705.75,617862.72,76.66666667,International,2023-07
3114,DEL-MAA,DEL,MAA,31-05-2023,308,Airbus A380,180,93,351236.75,338530.22,12706.53,51.66666667,Domestic,2023-05
3115,DEL-BLR,DEL,BLR,30-06-2023,423,Airbus A320,250,146,548524.72,532040.12,16484.6,58.4,Domestic,2023-06
3116,DEL-FRA,DEL,FRA,08-07-2023,857,Boeing 777,120,115,3807139.33,3983186.9,-176047.57,95.83333333,International,2023-07
3117,MAA-BLR,MAA,BLR,19-09-2023,619,Airbus A320,120,76,280465.03,230279.08,50185.95,63.33333333,Domestic,2023-09
3118,CCU-KUL,CCU,KUL,08-05-2023,590,Boeing 777,180,170,4420167.65,2834927.99,1585239.66,94.44444444,International,2023-05
3119,CCU-DEL,CCU,DEL,07-03-2023,296,Airbus A380,120,78,300474.32,274210.28,26264.04,65,Domestic,2023-03
3120,DEL-CDG,DEL,CDG,28-09-2023,477,Boeing 777,350,171,4376317.19,3222051.12,1154266.07,48.85714286,International,2023-09
3121,CCU-KUL,CCU,KUL,08-12-2023,238,Airbus A320,120,114,2598051.89,2246433.92,351617.97,95,International,2023-12
3122,BOM-GOI,BOM,GOI,26-03-2023,480,ATR 72,350,181,559452.35,441348.09,118104.26,51.71428571,Domestic,2023-03
3123,DEL-FRA,DEL,FRA,19-10-2023,657,Airbus A380,150,82,2064045.73,1891003.76,173041.97,54.66666667,International,2023-10
3124,BOM-NRT,BOM,NRT,04-11-2023,733,Airbus A320,350,327,9498708.14,10646242.71,-1147534.57,93.42857143,International,2023-11
3125,MAA-CMB,MAA,CMB,07-05-2023,280,Boeing 777,350,293,9662383.98,7632223.85,2030160.13,83.71428571,International,2023-05
3126,HYD-DXB,HYD,DXB,26-08-2023,787,Airbus A380,250,193,4937429.09,5029232.56,-91803.47,77.2,International,2023-08
3127,BOM-DEL,BOM,DEL,04-06-2023,184,Airbus A320,180,131,325920.18,364547.02,-38626.84,72.77777778,Domestic,2023-06
3128,MAA-BLR,MAA,BLR,08-11-2023,892,Airbus A320,120,74,257935.92,257322.39,613.53,61.66666667,Domestic,2023-11
3129,DEL-CDG,DEL,CDG,13-02-2023,218,Airbus A320,250,113,2267490.25,1337590.49,929899.76,45.2,International,2023-02
3130,DEL-AMD,DEL,AMD,26-01-2023,728,Airbus A380,250,131,459874.38,459044.66,829.72,52.4,Domestic,2023-01
3131,BOM-CCU,BOM,CCU,06-06-2023,818,Airbus A320,120,109,405039.7,359842.86,45196.84,90.83333333,Domestic,2023-06
3132,CCU-DEL,CCU,DEL,03-06-2023,181,Boeing 737,150,108,370962.85,275565.41,95397.44,72,Domestic,2023-06
3133,MAA-CMB,MAA,CMB,29-08-2023,195,Boeing 737,350,271,7187375.58,5364189.91,1823185.67,77.42857143,International,2023-08
3134,BLR-SIN,BLR,SIN,02-06-2023,223,Airbus A320,180,167,4165413.84,4714301.23,-548887.39,92.77777778,International,2023-06
3135,DEL-MAA,DEL,MAA,29-01-2023,591,Airbus A320,150,94,264875.97,236305.55,28570.42,62.66666667,Domestic,2023-01
3136,CCU-KUL,CCU,KUL,07-08-2023,498,ATR 72,120,93,2224121.2,2431957.42,-207836.22,77.5,International,2023-08
3137,BLR-SIN,BLR,SIN,06-03-2023,642,ATR 72,120,95,3121661.77,2470417.39,651244.38,79.16666667,International,2023-03
3138,DEL-MAA,DEL,MAA,03-01-2023,147,Airbus A380,180,104,424677.43,347871.1,76806.33,57.77777778,Domestic,2023-01
3139,BOM-BKK,BOM,BKK,29-07-2023,162,ATR 72,250,188,6518441.51,4183282.31,2335159.2,75.2,International,2023-07
3140,DEL-AMD,DEL,AMD,04-01-2023,377,Airbus A320,180,127,332349.95,215369.44,116980.51,70.55555556,Domestic,2023-01
3141,HYD-BOM,HYD,BOM,07-02-2023,732,Airbus A320,250,200,593669.47,470674.52,122994.95,80,Domestic,2023-02
3142,BOM-DEL,BOM,DEL,27-01-2023,568,Airbus A380,250,138,373318.27,316498.27,56820,55.2,Domestic,2023-01
3143,DEL-LHR,DEL,LHR,01-02-2023,291,Airbus A380,120,102,3205546.58,2107977.64,1097568.94,85,International,2023-02
3144,DEL-BLR,DEL,BLR,17-03-2023,771,Boeing 777,350,295,1018013.01,1001053.01,16960,84.28571429,Domestic,2023-03
3145,BOM-NRT,BOM,NRT,12-04-2023,588,Airbus A380,150,84,1730796.62,1261684.95,469111.67,56,International,2023-04
3146,BOM-GOI,BOM,GOI,31-05-2023,377,Boeing 777,250,150,524412.1,533766.79,-9354.69,60,Domestic,2023-05
3147,CCU-KUL,CCU,KUL,09-08-2023,86,Airbus A380,350,234,5131634.49,3516686.51,1614947.98,66.85714286,International,2023-08
3148,BOM-CCU,BOM,CCU,03-01-2023,768,Airbus A380,250,155,588892.41,538825.06,50067.35,62,Domestic,2023-01
3149,CCU-KUL,CCU,KUL,19-11-2023,94,ATR 72,180,89,2707927.15,3050772.84,-342845.69,49.44444444,International,2023-11
3150,BOM-GOI,BOM,GOI,03-10-2023,667,Boeing 777,120,71,219414.71,248588.16,-29173.45,59.16666667,Domestic,2023-10
3151,DEL-BLR,DEL,BLR,06-11-2023,893,Boeing 737,350,304,1008061.04,762686.78,245374.26,86.85714286,Domestic,2023-11
3152,MAA-CMB,MAA,CMB,10-02-2023,806,Boeing 737,180,166,4445210.41,3168319.75,1276890.66,92.22222222,International,2023-02
3153,DEL-CDG,DEL,CDG,20-07-2023,745,Boeing 777,150,115,2501778.7,1973960.95,527817.75,76.66666667,International,2023-07
3154,CCU-KUL,CCU,KUL,31-08-2023,62,Boeing 737,180,82,1942370.84,2034293.08,-91922.24,45.55555556,International,2023-08
3155,BOM-DEL,BOM,DEL,09-06-2023,386,Boeing 777,120,88,367178.39,421034.87,-53856.48,73.33333333,Domestic,2023-06
3156,HYD-BOM,HYD,BOM,06-11-2023,867,ATR 72,150,81,311662.84,175927.5,135735.34,54,Domestic,2023-11
3157,CCU-DEL,CCU,DEL,29-10-2023,451,Airbus A380,150,128,477330.96,273960.93,203370.03,85.33333333,Domestic,2023-10
3158,HYD-DXB,HYD,DXB,10-07-2023,900,ATR 72,350,231,7906620.58,7329478.54,577142.04,66,International,2023-07
3159,BOM-DEL,BOM,DEL,04-12-2023,515,ATR 72,350,159,493716.6,318184.9,175531.7,45.42857143,Domestic,2023-12
3160,BOM-DXB,BOM,DXB,16-02-2023,451,Boeing 777,250,206,4758537.99,3198852.02,1559685.97,82.4,International,2023-02
3161,HYD-BOM,HYD,BOM,25-06-2023,798,Airbus A380,150,83,338521.56,309050.16,29471.4,55.33333333,Domestic,2023-06
3162,DEL-FRA,DEL,FRA,03-06-2023,329,Boeing 737,350,325,10887513.22,10966472.38,-78959.16,92.85714286,International,2023-06
3163,BOM-BKK,BOM,BKK,07-09-2023,103,ATR 72,350,261,9105246.81,5240397.98,3864848.83,74.57142857,International,2023-09
3164,BOM-GOI,BOM,GOI,22-01-2023,755,Boeing 737,350,287,736666.31,776046.58,-39380.27,82,Domestic,2023-01
3165,DEL-AMD,DEL,AMD,24-04-2023,140,Boeing 737,150,121,488700.05,506515.18,-17815.13,80.66666667,Domestic,2023-04
3166,BLR-SIN,BLR,SIN,21-02-2023,158,Boeing 777,350,208,5216130.48,3016109.66,2200020.82,59.42857143,International,2023-02
3167,BOM-GOI,BOM,GOI,24-07-2023,306,Airbus A320,120,61,218450.52,124387.72,94062.8,50.83333333,Domestic,2023-07
3168,DEL-FRA,DEL,FRA,17-12-2023,748,Airbus A320,150,68,1590408.1,1738300.62,-147892.52,45.33333333,International,2023-12
3169,BOM-DEL,BOM,DEL,01-09-2023,548,Boeing 777,180,148,434125.23,427980.49,6144.74,82.22222222,Domestic,2023-09
3170,DEL-BLR,DEL,BLR,30-09-2023,755,Airbus A320,150,73,273843.95,198143.97,75699.98,48.66666667,Domestic,2023-09
3171,BOM-CCU,BOM,CCU,13-11-2023,646,Boeing 777,150,113,356877.07,366014.3,-9137.23,75.33333333,Domestic,2023-11
3172,BLR-SIN,BLR,SIN,28-07-2023,195,Airbus A380,150,87,2657575.53,2380472.29,277103.24,58,International,2023-07
3173,BOM-DEL,BOM,DEL,06-07-2023,297,Boeing 737,150,127,321641.52,280076.54,41564.98,84.66666667,Domestic,2023-07
3174,BOM-DEL,BOM,DEL,08-03-2023,442,Airbus A380,350,325,783473.53,857206,-73732.47,92.85714286,Domestic,2023-03
3175,HYD-DXB,HYD,DXB,25-07-2023,109,Boeing 777,120,79,1629213,1282982.18,346230.82,65.83333333,International,2023-07
3176,BOM-BKK,BOM,BKK,05-01-2023,439,Boeing 737,150,125,4163311.43,2508969.74,1654341.69,83.33333333,International,2023-01
3177,BOM-BKK,BOM,BKK,17-05-2023,68,ATR 72,350,266,5363686.48,3646305.74,1717380.74,76,International,2023-05
3178,DEL-BLR,DEL,BLR,31-10-2023,181,Airbus A320,120,105,296841.69,168394.58,128447.11,87.5,Domestic,2023-10
3179,DEL-LHR,DEL,LHR,11-03-2023,83,ATR 72,180,113,3427108.46,3462872.22,-35763.76,62.77777778,International,2023-03
3180,DEL-FRA,DEL,FRA,09-07-2023,642,Airbus A380,350,225,7393954.89,6615274.29,778680.6,64.28571429,International,2023-07
3181,BOM-GOI,BOM,GOI,20-07-2023,102,Boeing 737,350,290,920659.92,579858.1,340801.82,82.85714286,Domestic,2023-07
3182,DEL-FRA,DEL,FRA,28-06-2023,894,Airbus A380,180,144,3436825.49,2453936.71,982888.78,80,International,2023-06
3183,BOM-NRT,BOM,NRT,12-03-2023,104,Boeing 777,180,152,5234829.02,3763368.48,1471460.54,84.44444444,International,2023-03
3184,DEL-AMD,DEL,AMD,18-06-2023,290,ATR 72,120,61,148188.64,131389.37,16799.27,50.83333333,Domestic,2023-06
3185,MAA-CMB,MAA,CMB,01-11-2023,458,Boeing 777,180,131,3176868.29,3346451.39,-169583.1,72.77777778,International,2023-11
3186,DEL-AMD,DEL,AMD,19-06-2023,467,Airbus A380,150,136,472574.48,454379.06,18195.42,90.66666667,Domestic,2023-06
3187,DEL-MAA,DEL,MAA,05-03-2023,565,ATR 72,250,119,435413.91,338722.28,96691.63,47.6,Domestic,2023-03
3188,HYD-BOM,HYD,BOM,29-07-2023,165,Airbus A380,150,92,290858.27,238092.79,52765.48,61.33333333,Domestic,2023-07
3189,DEL-AMD,DEL,AMD,18-08-2023,715,Airbus A320,250,231,723258.47,454675.78,268582.69,92.4,Domestic,2023-08
3190,DEL-LHR,DEL,LHR,02-02-2023,434,ATR 72,180,83,2126201.24,1423340.06,702861.18,46.11111111,International,2023-02
3191,BOM-DEL,BOM,DEL,04-02-2023,511,Airbus A320,120,80,308490.72,228165.92,80324.8,66.66666667,Domestic,2023-02
3192,DEL-BLR,DEL,BLR,27-06-2023,599,Airbus A380,350,168,442194.04,311037.53,131156.51,48,Domestic,2023-06
3193,BOM-CCU,BOM,CCU,18-04-2023,311,ATR 72,180,110,376299.19,219746.93,156552.26,61.11111111,Domestic,2023-04
3194,BLR-SIN,BLR,SIN,16-05-2023,809,Boeing 777,150,75,2413106.8,2332600.64,80506.16,50,International,2023-05
3195,DEL-FRA,DEL,FRA,26-10-2023,115,Boeing 777,250,128,4352465.59,2602648.86,1749816.73,51.2,International,2023-10
3196,HYD-DXB,HYD,DXB,23-11-2023,649,ATR 72,250,170,5296165.55,3867294.73,1428870.82,68,International,2023-11
3197,BLR-SIN,BLR,SIN,25-10-2023,279,Airbus A380,180,118,2577807.96,1781344.9,796463.06,65.55555556,International,2023-10
3198,BOM-DXB,BOM,DXB,07-11-2023,566,Boeing 777,350,242,6825387.19,3782283.83,3043103.36,69.14285714,International,2023-11
3199,DEL-FRA,DEL,FRA,26-01-2023,850,Airbus A320,150,146,4440002.29,4699915.5,-259913.21,97.33333333,International,2023-01
3200,BOM-CCU,BOM,CCU,05-10-2023,331,Airbus A320,120,105,270949.44,179196.52,91752.92,87.5,Domestic,2023-10
3201,BOM-DEL,BOM,DEL,05-11-2023,428,Airbus A380,250,144,394758.25,410717.47,-15959.22,57.6,Domestic,2023-11
3202,DEL-CDG,DEL,CDG,24-12-2023,550,Airbus A320,150,84,2937847.28,2329488.16,608359.12,56,International,2023-12
3203,MAA-BLR,MAA,BLR,21-01-2023,250,ATR 72,150,93,350940.69,364727.85,-13787.16,62,Domestic,2023-01
3204,DEL-FRA,DEL,FRA,12-07-2023,692,ATR 72,150,88,2339870.79,2576356.17,-236485.38,58.66666667,International,2023-07
3205,DEL-CDG,DEL,CDG,30-12-2023,223,Airbus A320,350,318,9468635.54,5473254.42,3995381.12,90.85714286,International,2023-12
3206,HYD-BOM,HYD,BOM,18-12-2023,246,Boeing 737,350,174,633313.32,348372.86,284940.46,49.71428571,Domestic,2023-12
3207,BOM-BKK,BOM,BKK,12-11-2023,253,Airbus A320,150,108,2635202.83,1785219.98,849982.85,72,International,2023-11
3208,DEL-AMD,DEL,AMD,11-09-2023,735,Boeing 737,350,267,712577.99,651912.48,60665.51,76.28571429,Domestic,2023-09
3209,CCU-KUL,CCU,KUL,19-06-2023,899,Boeing 777,120,74,1778289.2,1343066.98,435222.22,61.66666667,International,2023-06
3210,BLR-SIN,BLR,SIN,30-01-2023,513,Boeing 777,250,187,5449231.85,3224114.46,2225117.39,74.8,International,2023-01
3211,MAA-CMB,MAA,CMB,24-04-2023,187,Boeing 737,120,99,2564121.28,1847725.29,716395.99,82.5,International,2023-04
3212,HYD-BOM,HYD,BOM,20-04-2023,749,Airbus A320,150,128,406847.07,376435.29,30411.78,85.33333333,Domestic,2023-04
3213,DEL-MAA,DEL,MAA,07-03-2023,564,Airbus A380,250,174,481415.14,286566.86,194848.28,69.6,Domestic,2023-03
3214,HYD-DXB,HYD,DXB,25-12-2023,94,Airbus A380,250,235,7273649.23,4123913.92,3149735.31,94,International,2023-12
3215,DEL-FRA,DEL,FRA,02-01-2023,272,ATR 72,180,85,2182526.48,1245637.53,936888.95,47.22222222,International,2023-01
3216,DEL-CDG,DEL,CDG,10-06-2023,233,ATR 72,350,305,6718869.61,4855044.21,1863825.4,87.14285714,International,2023-06
3217,DEL-BLR,DEL,BLR,24-11-2023,544,Boeing 777,120,62,204160.18,114554.6,89605.58,51.66666667,Domestic,2023-11
3218,BOM-BKK,BOM,BKK,31-08-2023,860,Boeing 777,350,188,5038709.56,3187649.22,1851060.34,53.71428571,International,2023-08
3219,BOM-NRT,BOM,NRT,02-01-2023,500,Airbus A320,120,107,2533401.97,2008741.47,524660.5,89.16666667,International,2023-01
3220,HYD-DXB,HYD,DXB,06-12-2023,425,Airbus A380,180,171,5289701.62,3806652.85,1483048.77,95,International,2023-12
3221,DEL-FRA,DEL,FRA,17-05-2023,382,ATR 72,250,198,4580331.36,3955716.95,624614.41,79.2,International,2023-05
3222,CCU-DEL,CCU,DEL,28-10-2023,775,ATR 72,250,211,824916.56,804162.05,20754.51,84.4,Domestic,2023-10
3223,DEL-CDG,DEL,CDG,09-02-2023,323,ATR 72,350,236,6806041.68,6276072.31,529969.37,67.42857143,International,2023-02
3224,BOM-DXB,BOM,DXB,10-06-2023,74,Boeing 777,350,287,8589216.23,5460624.03,3128592.2,82,International,2023-06
3225,BOM-BKK,BOM,BKK,12-08-2023,363,Airbus A320,150,77,1796908.65,1624920.34,171988.31,51.33333333,International,2023-08
3226,BLR-SIN,BLR,SIN,21-02-2023,193,Boeing 737,150,124,3569446.32,3964713.31,-395266.99,82.66666667,International,2023-02
3227,MAA-CMB,MAA,CMB,30-11-2023,136,Boeing 737,180,139,3952572.48,2978897.92,973674.56,77.22222222,International,2023-11
3228,MAA-BLR,MAA,BLR,09-01-2023,64,Boeing 737,150,121,385564.96,373769.4,11795.56,80.66666667,Domestic,2023-01
3229,BOM-GOI,BOM,GOI,12-03-2023,257,ATR 72,350,287,845942.38,717887.54,128054.84,82,Domestic,2023-03
3230,BOM-GOI,BOM,GOI,23-11-2023,225,Boeing 777,250,207,774954.56,749884.76,25069.8,82.8,Domestic,2023-11
3231,BOM-CCU,BOM,CCU,20-09-2023,852,ATR 72,350,183,757133.91,509564.54,247569.37,52.28571429,Domestic,2023-09
3232,HYD-DXB,HYD,DXB,26-11-2023,619,Airbus A380,120,74,2086787.65,2209265.48,-122477.83,61.66666667,International,2023-11
3233,BOM-CCU,BOM,CCU,18-07-2023,594,Boeing 737,250,204,852191.5,570931.75,281259.75,81.6,Domestic,2023-07
3234,MAA-BLR,MAA,BLR,22-10-2023,717,Boeing 777,250,153,573087.22,512897.38,60189.84,61.2,Domestic,2023-10
3235,MAA-CMB,MAA,CMB,19-05-2023,460,Boeing 737,180,130,3939062.13,3640163.28,298898.85,72.22222222,International,2023-05
3236,BOM-NRT,BOM,NRT,18-07-2023,257,ATR 72,150,144,4729642.65,5036350.68,-306708.03,96,International,2023-07
3237,DEL-FRA,DEL,FRA,20-03-2023,266,Airbus A380,120,57,1604267.78,1434789.81,169477.97,47.5,International,2023-03
3238,DEL-MAA,DEL,MAA,02-08-2023,145,Airbus A380,250,130,335155.81,249218.82,85936.99,52,Domestic,2023-08
3239,BOM-DXB,BOM,DXB,19-08-2023,760,ATR 72,250,238,5940042,5638916.42,301125.58,95.2,International,2023-08
3240,HYD-DXB,HYD,DXB,24-07-2023,390,Boeing 777,180,165,4171361.04,4775035.52,-603674.48,91.66666667,International,2023-07
3241,BOM-GOI,BOM,GOI,11-05-2023,541,Airbus A380,180,81,202025.79,174603.81,27421.98,45,Domestic,2023-05
3242,BOM-DXB,BOM,DXB,24-09-2023,865,Airbus A380,350,316,7700146.46,4500688.65,3199457.81,90.28571429,International,2023-09
3243,BOM-CCU,BOM,CCU,01-08-2023,451,Boeing 777,180,112,299827.5,325332.17,-25504.67,62.22222222,Domestic,2023-08
3244,DEL-AMD,DEL,AMD,14-05-2023,130,ATR 72,350,270,1101415.34,609041.89,492373.45,77.14285714,Domestic,2023-05
3245,CCU-DEL,CCU,DEL,14-04-2023,601,Airbus A380,350,342,831258.16,843992.12,-12733.96,97.71428571,Domestic,2023-04
3246,BOM-DXB,BOM,DXB,29-08-2023,102,Boeing 737,250,115,2722884.45,1814507.1,908377.35,46,International,2023-08
3247,DEL-CDG,DEL,CDG,02-06-2023,889,Boeing 777,150,140,3876658.54,3088639.85,788018.69,93.33333333,International,2023-06
3248,BOM-GOI,BOM,GOI,24-01-2023,876,Boeing 777,120,88,327764.1,224191.73,103572.37,73.33333333,Domestic,2023-01
3249,DEL-CDG,DEL,CDG,23-05-2023,824,Boeing 737,150,88,2523470.05,2271953.46,251516.59,58.66666667,International,2023-05
3250,BOM-BKK,BOM,BKK,23-11-2023,127,ATR 72,250,191,6306838.83,6947472.93,-640634.1,76.4,International,2023-11
3251,BOM-NRT,BOM,NRT,07-09-2023,198,Boeing 777,180,175,4957501.52,3052380.91,1905120.61,97.22222222,International,2023-09
3252,DEL-LHR,DEL,LHR,19-07-2023,684,Boeing 777,350,159,3937889.03,2265634.59,1672254.44,45.42857143,International,2023-07
3253,CCU-DEL,CCU,DEL,01-07-2023,831,Airbus A380,250,152,504182.63,574869.96,-70687.33,60.8,Domestic,2023-07
3254,BOM-NRT,BOM,NRT,14-06-2023,570,Airbus A320,350,204,4137645.88,3111796.96,1025848.92,58.28571429,International,2023-06
3255,MAA-CMB,MAA,CMB,24-01-2023,203,Airbus A380,120,64,1872311.6,1333383.39,538928.21,53.33333333,International,2023-01
3256,DEL-BLR,DEL,BLR,30-04-2023,152,Boeing 777,350,268,1011129.52,757613.19,253516.33,76.57142857,Domestic,2023-04
3257,MAA-BLR,MAA,BLR,09-11-2023,77,Airbus A380,150,134,358639.84,246175.62,112464.22,89.33333333,Domestic,2023-11
3258,BOM-NRT,BOM,NRT,14-08-2023,740,Airbus A380,250,150,3982769.34,3056952.75,925816.59,60,International,2023-08
3259,DEL-LHR,DEL,LHR,28-02-2023,732,Boeing 777,120,86,2268715.33,1611656.53,657058.8,71.66666667,International,2023-02
3260,HYD-DXB,HYD,DXB,23-03-2023,266,Boeing 737,350,254,7838092.46,8257112.47,-419020.01,72.57142857,International,2023-03
3261,BOM-DXB,BOM,DXB,25-11-2023,592,Airbus A380,350,307,7413069.31,6614910.99,798158.32,87.71428571,International,2023-11
3262,BOM-GOI,BOM,GOI,06-05-2023,722,Airbus A320,150,144,456890.86,453280.14,3610.72,96,Domestic,2023-05
3263,DEL-LHR,DEL,LHR,08-10-2023,445,ATR 72,180,96,2524785.6,2116627.08,408158.52,53.33333333,International,2023-10
3264,HYD-DXB,HYD,DXB,18-04-2023,161,Airbus A380,150,123,3168386.06,2088207.15,1080178.91,82,International,2023-04
3265,BOM-NRT,BOM,NRT,20-04-2023,732,Boeing 737,180,89,2863971.45,3161806.62,-297835.17,49.44444444,International,2023-04
3266,BOM-CCU,BOM,CCU,28-08-2023,613,ATR 72,150,90,239762.39,186748.74,53013.65,60,Domestic,2023-08
3267,DEL-LHR,DEL,LHR,24-06-2023,636,Boeing 777,250,195,5636630.42,3179297.12,2457333.3,78,International,2023-06
3268,BOM-BKK,BOM,BKK,20-03-2023,301,Airbus A320,250,208,4846598.41,4043295.62,803302.79,83.2,International,2023-03
3269,DEL-FRA,DEL,FRA,16-11-2023,574,ATR 72,120,116,3857992.03,2649666.59,1208325.44,96.66666667,International,2023-11
3270,BOM-NRT,BOM,NRT,29-01-2023,96,Airbus A380,180,159,5261916.82,5149734.94,112181.88,88.33333333,International,2023-01
3271,DEL-FRA,DEL,FRA,29-01-2023,747,ATR 72,180,158,5493100.84,4935853.12,557247.72,87.77777778,International,2023-01
3272,MAA-BLR,MAA,BLR,06-02-2023,702,Airbus A380,250,178,527765.4,478160.23,49605.17,71.2,Domestic,2023-02
3273,BOM-CCU,BOM,CCU,06-10-2023,613,ATR 72,120,107,401047.19,331931.26,69115.93,89.16666667,Domestic,2023-10
3274,BOM-CCU,BOM,CCU,30-06-2023,657,Boeing 737,180,128,320581.2,288080.21,32500.99,71.11111111,Domestic,2023-06
3275,DEL-LHR,DEL,LHR,19-09-2023,683,Airbus A380,150,99,2796643.22,2386422.56,410220.66,66,International,2023-09
3276,MAA-CMB,MAA,CMB,20-09-2023,513,Airbus A380,150,109,3588134.84,4039130.72,-450995.88,72.66666667,International,2023-09
3277,CCU-KUL,CCU,KUL,24-07-2023,141,Airbus A320,150,114,3444952.48,2267619.38,1177333.1,76,International,2023-07
3278,DEL-CDG,DEL,CDG,15-01-2023,707,Boeing 777,120,88,2825609.77,1723229.11,1102380.66,73.33333333,International,2023-01
3279,BOM-NRT,BOM,NRT,28-11-2023,868,ATR 72,350,276,9027964.96,9212882.88,-184917.92,78.85714286,International,2023-11
3280,BLR-HYD,BLR,HYD,19-09-2023,845,Airbus A320,120,95,311525.69,342443.07,-30917.38,79.16666667,Domestic,2023-09
3281,BLR-SIN,BLR,SIN,02-11-2023,97,Boeing 737,120,82,1802304.86,1511464.37,290840.49,68.33333333,International,2023-11
3282,DEL-MAA,DEL,MAA,29-10-2023,628,Airbus A320,250,185,741524.04,507456.21,234067.83,74,Domestic,2023-10
3283,HYD-DXB,HYD,DXB,06-12-2023,507,Boeing 777,350,324,10957616.32,7621748.03,3335868.29,92.57142857,International,2023-12
3284,BOM-DXB,BOM,DXB,23-01-2023,490,Airbus A380,180,124,3622381.18,3866353.34,-243972.16,68.88888889,International,2023-01
3285,HYD-BOM,HYD,BOM,08-04-2023,406,Boeing 777,250,114,373499.24,258340.23,115159.01,45.6,Domestic,2023-04
3286,BLR-HYD,BLR,HYD,29-03-2023,884,Airbus A320,120,74,222923.11,128320.08,94603.03,61.66666667,Domestic,2023-03
3287,BOM-DXB,BOM,DXB,14-08-2023,752,Boeing 737,180,93,1990591.74,1666254.05,324337.69,51.66666667,International,2023-08
3288,DEL-CDG,DEL,CDG,12-12-2023,816,Airbus A320,350,208,6725164.17,4761715.59,1963448.58,59.42857143,International,2023-12
3289,DEL-AMD,DEL,AMD,08-07-2023,581,ATR 72,150,75,190307.24,111964.38,78342.86,50,Domestic,2023-07
3290,CCU-KUL,CCU,KUL,27-01-2023,727,Boeing 737,150,141,4887998.12,5014926.14,-126928.02,94,International,2023-01
3291,DEL-BLR,DEL,BLR,12-04-2023,470,ATR 72,250,127,448311.7,352429.65,95882.05,50.8,Domestic,2023-04
3292,MAA-CMB,MAA,CMB,05-11-2023,136,Boeing 737,350,276,9156333.57,7510029.82,1646303.75,78.85714286,International,2023-11
3293,DEL-FRA,DEL,FRA,03-10-2023,114,Airbus A320,150,118,2895519.09,2944125.11,-48606.02,78.66666667,International,2023-10
3294,MAA-BLR,MAA,BLR,02-07-2023,496,ATR 72,180,106,440683.14,394280.52,46402.62,58.88888889,Domestic,2023-07
3295,DEL-AMD,DEL,AMD,13-01-2023,839,Airbus A320,250,208,659171,480468.35,178702.65,83.2,Domestic,2023-01
3296,BOM-DEL,BOM,DEL,03-02-2023,502,Airbus A320,150,116,378575.11,380479.16,-1904.05,77.33333333,Domestic,2023-02
3297,HYD-DXB,HYD,DXB,05-12-2023,273,Boeing 737,180,136,3736367.7,3070560.47,665807.23,75.55555556,International,2023-12
3298,BOM-GOI,BOM,GOI,04-11-2023,780,Airbus A320,250,143,474227.91,534473.42,-60245.51,57.2,Domestic,2023-11
3299,CCU-DEL,CCU,DEL,30-12-2023,98,Airbus A320,350,311,931932.68,718495.17,213437.51,88.85714286,Domestic,2023-12
3300,DEL-AMD,DEL,AMD,25-11-2023,227,Airbus A320,150,81,207590.56,220611.03,-13020.47,54,Domestic,2023-11
3301,DEL-LHR,DEL,LHR,05-02-2023,623,Boeing 777,180,132,3794494.34,3901719.85,-107225.51,73.33333333,International,2023-02
3302,BOM-DEL,BOM,DEL,27-08-2023,272,Boeing 777,180,156,612113.78,597062.75,15051.03,86.66666667,Domestic,2023-08
3303,BLR-SIN,BLR,SIN,01-04-2023,804,Boeing 737,180,151,4316263.8,3784766.02,531497.78,83.88888889,International,2023-04
3304,BOM-CCU,BOM,CCU,18-11-2023,558,Boeing 777,350,178,447590.9,246963.84,200627.06,50.85714286,Domestic,2023-11
3305,BOM-DEL,BOM,DEL,24-03-2023,229,Boeing 737,350,280,875862.7,771711.1,104151.6,80,Domestic,2023-03
3306,DEL-AMD,DEL,AMD,20-02-2023,293,Boeing 777,180,144,445807.75,483084.2,-37276.45,80,Domestic,2023-02
3307,BOM-NRT,BOM,NRT,11-05-2023,896,ATR 72,150,122,3923876.21,2835710.49,1088165.72,81.33333333,International,2023-05
3308,DEL-MAA,DEL,MAA,30-10-2023,889,Airbus A320,350,232,834269.27,957868.28,-123599.01,66.28571429,Domestic,2023-10
3309,CCU-DEL,CCU,DEL,15-01-2023,891,Airbus A320,250,239,846525.29,957882.86,-111357.57,95.6,Domestic,2023-01
3310,BOM-DEL,BOM,DEL,22-10-2023,803,ATR 72,250,206,563800.63,498793.37,65007.26,82.4,Domestic,2023-10
3311,CCU-DEL,CCU,DEL,01-08-2023,446,Airbus A380,250,128,479137.13,548117.84,-68980.71,51.2,Domestic,2023-08
3312,BOM-BKK,BOM,BKK,11-08-2023,139,Boeing 737,150,146,4555066.02,5006757.13,-451691.11,97.33333333,International,2023-08
3313,MAA-BLR,MAA,BLR,31-03-2023,890,Boeing 737,150,130,508159.14,320233.61,187925.53,86.66666667,Domestic,2023-03
3314,HYD-BOM,HYD,BOM,18-05-2023,688,ATR 72,350,164,659175.02,445110.61,214064.41,46.85714286,Domestic,2023-05
3315,DEL-FRA,DEL,FRA,05-08-2023,627,Airbus A320,250,177,5178657.97,2898428.79,2280229.18,70.8,International,2023-08
3316,CCU-KUL,CCU,KUL,20-08-2023,689,Boeing 737,180,95,2333811.45,2423783.34,-89971.89,52.77777778,International,2023-08
3317,BLR-HYD,BLR,HYD,21-05-2023,360,Boeing 737,350,187,531372.43,565915.94,-34543.51,53.42857143,Domestic,2023-05
3318,BOM-CCU,BOM,CCU,23-08-2023,371,Airbus A380,180,122,360254.51,385880.22,-25625.71,67.77777778,Domestic,2023-08
3319,BLR-SIN,BLR,SIN,27-01-2023,172,ATR 72,250,145,4534747.19,3526972.31,1007774.88,58,International,2023-01
3320,BOM-CCU,BOM,CCU,18-10-2023,658,Boeing 777,250,230,814354.15,621848.17,192505.98,92,Domestic,2023-10
3321,BOM-GOI,BOM,GOI,24-11-2023,247,Airbus A380,250,162,645640.89,669617.21,-23976.32,64.8,Domestic,2023-11
3322,DEL-AMD,DEL,AMD,08-11-2023,106,Boeing 737,150,141,584267.79,643598.85,-59331.06,94,Domestic,2023-11
3323,MAA-CMB,MAA,CMB,15-06-2023,62,Airbus A320,180,113,3494989.48,3974718.17,-479728.69,62.77777778,International,2023-06
3324,MAA-BLR,MAA,BLR,28-05-2023,759,Boeing 777,350,231,612895.51,533260.19,79635.32,66,Domestic,2023-05
3325,MAA-CMB,MAA,CMB,28-04-2023,646,Boeing 737,180,125,2952250.63,2037215.57,915035.06,69.44444444,International,2023-04
3326,MAA-BLR,MAA,BLR,04-07-2023,342,Airbus A380,120,77,251633.16,226005.78,25627.38,64.16666667,Domestic,2023-07
3327,CCU-DEL,CCU,DEL,18-03-2023,426,Boeing 737,120,70,266490.13,219799.21,46690.92,58.33333333,Domestic,2023-03
3328,HYD-DXB,HYD,DXB,27-08-2023,663,Boeing 777,150,72,2384836.46,1323217.77,1061618.69,48,International,2023-08
3329,BOM-DEL,BOM,DEL,26-10-2023,389,Boeing 777,150,102,364255.94,293209.83,71046.11,68,Domestic,2023-10
3330,HYD-DXB,HYD,DXB,10-04-2023,113,ATR 72,180,128,2674767.12,2631574.97,43192.15,71.11111111,International,2023-04
3331,MAA-CMB,MAA,CMB,03-09-2023,309,Boeing 737,180,100,2126461.6,1287061.14,839400.46,55.55555556,International,2023-09
3332,BOM-CCU,BOM,CCU,09-05-2023,294,Airbus A380,250,183,495471.48,303392.46,192079.02,73.2,Domestic,2023-05
3333,BOM-DEL,BOM,DEL,06-09-2023,877,ATR 72,120,88,226615.14,208278.28,18336.86,73.33333333,Domestic,2023-09
3334,BLR-SIN,BLR,SIN,20-11-2023,597,Boeing 777,250,152,3793924.15,3120445.37,673478.78,60.8,International,2023-11
3335,DEL-BLR,DEL,BLR,28-07-2023,717,ATR 72,120,63,199714.08,179125.88,20588.2,52.5,Domestic,2023-07
3336,CCU-DEL,CCU,DEL,06-05-2023,888,Boeing 737,180,170,462836.99,460905.84,1931.15,94.44444444,Domestic,2023-05
3337,BOM-DEL,BOM,DEL,26-07-2023,94,Boeing 737,150,83,226841.91,193115.4,33726.51,55.33333333,Domestic,2023-07
3338,BOM-DXB,BOM,DXB,28-11-2023,767,Boeing 777,120,96,3238337.92,2049425.03,1188912.89,80,International,2023-11
3339,DEL-AMD,DEL,AMD,18-02-2023,158,Boeing 777,150,69,216380.12,123769.63,92610.49,46,Domestic,2023-02
3340,BOM-DXB,BOM,DXB,08-02-2023,322,Boeing 777,350,262,5315036.72,6058410.29,-743373.57,74.85714286,International,2023-02
3341,BLR-SIN,BLR,SIN,06-08-2023,315,Airbus A320,350,183,4032451.06,2548420.54,1484030.52,52.28571429,International,2023-08
3342,DEL-BLR,DEL,BLR,17-01-2023,387,Airbus A320,350,181,651004.62,376485.69,274518.93,51.71428571,Domestic,2023-01
3343,BLR-SIN,BLR,SIN,13-03-2023,730,Boeing 737,120,115,3575051.34,3591156.96,-16105.62,95.83333333,International,2023-03
3344,BOM-CCU,BOM,CCU,28-02-2023,836,Airbus A320,180,131,363700.1,325702.77,37997.33,72.77777778,Domestic,2023-02
3345,CCU-DEL,CCU,DEL,27-04-2023,717,Airbus A320,180,98,302026.04,342411.3,-40385.26,54.44444444,Domestic,2023-04
3346,CCU-DEL,CCU,DEL,23-03-2023,309,ATR 72,180,113,446107.4,427176.81,18930.59,62.77777778,Domestic,2023-03
3347,BOM-DXB,BOM,DXB,06-03-2023,281,Boeing 777,150,107,2618933.66,2704034.2,-85100.54,71.33333333,International,2023-03
3348,DEL-CDG,DEL,CDG,15-08-2023,498,Boeing 737,150,88,2435838.45,1967278.77,468559.68,58.66666667,International,2023-08
3349,MAA-BLR,MAA,BLR,31-03-2023,823,Boeing 737,350,333,947561.82,947763.19,-201.37,95.14285714,Domestic,2023-03
3350,CCU-KUL,CCU,KUL,17-11-2023,900,Airbus A320,180,144,4068316.37,3763403.91,304912.46,80,International,2023-11
3351,BOM-GOI,BOM,GOI,15-11-2023,543,Airbus A320,180,119,451475.84,338952.26,112523.58,66.11111111,Domestic,2023-11
3352,BOM-GOI,BOM,GOI,16-07-2023,473,Boeing 777,180,134,337600.17,284514.29,53085.88,74.44444444,Domestic,2023-07
3353,BLR-SIN,BLR,SIN,22-03-2023,438,Airbus A320,350,168,5668628.4,4534298.82,1134329.58,48,International,2023-03
3354,BLR-HYD,BLR,HYD,17-05-2023,544,Boeing 777,150,87,341752.78,331083.78,10669,58,Domestic,2023-05
3355,BOM-GOI,BOM,GOI,28-05-2023,512,Boeing 777,250,170,505240.91,348613.77,156627.14,68,Domestic,2023-05
3356,CCU-DEL,CCU,DEL,15-10-2023,654,Airbus A380,150,128,510112.39,457036.24,53076.15,85.33333333,Domestic,2023-10
3357,BOM-DXB,BOM,DXB,08-05-2023,217,Boeing 777,150,137,4193037.25,4796548.36,-603511.11,91.33333333,International,2023-05
3358,CCU-KUL,CCU,KUL,31-10-2023,214,Boeing 777,120,75,1592020.74,1487858.29,104162.45,62.5,International,2023-10
3359,BOM-BKK,BOM,BKK,11-04-2023,822,ATR 72,150,93,2156440.97,2039150.35,117290.62,62,International,2023-04
3360,BOM-BKK,BOM,BKK,08-10-2023,396,ATR 72,250,145,4156608.76,3316039.68,840569.08,58,International,2023-10
3361,BLR-HYD,BLR,HYD,21-07-2023,808,ATR 72,150,91,295449.7,275757.77,19691.93,60.66666667,Domestic,2023-07
3362,DEL-CDG,DEL,CDG,08-11-2023,830,ATR 72,120,80,2025381.56,1386904.41,638477.15,66.66666667,International,2023-11
3363,HYD-DXB,HYD,DXB,12-02-2023,163,Airbus A380,350,279,8487060.88,5117958.23,3369102.65,79.71428571,International,2023-02
3364,HYD-BOM,HYD,BOM,12-01-2023,569,Airbus A320,250,129,323283.72,311865.34,11418.38,51.6,Domestic,2023-01
3365,BOM-DEL,BOM,DEL,18-02-2023,340,ATR 72,350,236,771142.37,680405.34,90737.03,67.42857143,Domestic,2023-02
3366,BOM-DEL,BOM,DEL,12-10-2023,203,Airbus A380,180,135,352631.39,401127.83,-48496.44,75,Domestic,2023-10
3367,DEL-AMD,DEL,AMD,23-07-2023,862,Airbus A320,350,300,1142818.5,931640.43,211178.07,85.71428571,Domestic,2023-07
3368,BOM-GOI,BOM,GOI,15-06-2023,717,Boeing 777,150,127,531455.77,494094.85,37360.92,84.66666667,Domestic,2023-06
3369,BLR-SIN,BLR,SIN,26-12-2023,363,Boeing 777,250,139,4481244.71,4072146.28,409098.43,55.6,International,2023-12
3370,DEL-FRA,DEL,FRA,13-03-2023,826,ATR 72,350,274,6715364.09,4560665.21,2154698.88,78.28571429,International,2023-03
3371,BOM-NRT,BOM,NRT,15-05-2023,577,Boeing 737,120,65,1703271.16,1867851.3,-164580.14,54.16666667,International,2023-05
3372,DEL-AMD,DEL,AMD,18-10-2023,531,Boeing 737,350,233,974227.54,550774.56,423452.98,66.57142857,Domestic,2023-10
3373,MAA-CMB,MAA,CMB,25-04-2023,283,Boeing 777,150,115,2356686.05,2647877.09,-291191.04,76.66666667,International,2023-04
3374,BLR-HYD,BLR,HYD,28-03-2023,418,ATR 72,120,61,231612.56,161697.79,69914.77,50.83333333,Domestic,2023-03
3375,DEL-CDG,DEL,CDG,20-05-2023,808,ATR 72,120,102,2164394.85,1484456.37,679938.48,85,International,2023-05
3376,MAA-BLR,MAA,BLR,20-05-2023,280,Airbus A380,250,222,795253.87,535262.4,259991.47,88.8,Domestic,2023-05
3377,MAA-BLR,MAA,BLR,01-10-2023,873,Boeing 737,180,85,290192.82,298401.06,-8208.24,47.22222222,Domestic,2023-10
3378,MAA-BLR,MAA,BLR,15-02-2023,805,Boeing 737,120,109,358448.99,243711.65,114737.34,90.83333333,Domestic,2023-02
3379,BOM-CCU,BOM,CCU,09-05-2023,617,Boeing 737,120,79,328290.44,294478.21,33812.23,65.83333333,Domestic,2023-05
3380,BOM-NRT,BOM,NRT,06-12-2023,733,Boeing 737,120,57,1406375.7,1532070.66,-125694.96,47.5,International,2023-12
3381,BOM-GOI,BOM,GOI,20-01-2023,214,ATR 72,350,311,979964.86,784164.21,195800.65,88.85714286,Domestic,2023-01
3382,BLR-HYD,BLR,HYD,26-07-2023,617,Boeing 737,120,109,379755.9,265019.75,114736.15,90.83333333,Domestic,2023-07
3383,DEL-MAA,DEL,MAA,04-03-2023,848,Airbus A320,180,128,478322.23,357534.37,120787.86,71.11111111,Domestic,2023-03
3384,MAA-CMB,MAA,CMB,14-05-2023,219,Boeing 737,150,92,1943068.24,1140250.82,802817.42,61.33333333,International,2023-05
3385,CCU-KUL,CCU,KUL,17-10-2023,747,Boeing 737,250,223,7564637.19,4613018.65,2951618.54,89.2,International,2023-10
3386,MAA-CMB,MAA,CMB,15-07-2023,120,Boeing 737,180,156,3351383.98,3254643.12,96740.86,86.66666667,International,2023-07
3387,BOM-CCU,BOM,CCU,11-09-2023,178,Airbus A320,150,129,332300.12,318711.4,13588.72,86,Domestic,2023-09
3388,BOM-DEL,BOM,DEL,11-03-2023,370,Airbus A380,120,64,261064.6,230621.14,30443.46,53.33333333,Domestic,2023-03
3389,BOM-CCU,BOM,CCU,29-05-2023,154,Boeing 737,150,134,432401.63,401787.83,30613.8,89.33333333,Domestic,2023-05
3390,BOM-DXB,BOM,DXB,11-03-2023,556,Boeing 737,350,197,5228793.14,5539801.21,-311008.07,56.28571429,International,2023-03
3391,DEL-LHR,DEL,LHR,09-09-2023,449,Boeing 777,250,137,2887441.31,2548064.87,339376.44,54.8,International,2023-09
3392,BOM-CCU,BOM,CCU,20-01-2023,712,Airbus A380,180,139,361421.93,412571.83,-51149.9,77.22222222,Domestic,2023-01
3393,BLR-HYD,BLR,HYD,23-10-2023,353,Airbus A320,150,118,308469.31,222213.68,86255.63,78.66666667,Domestic,2023-10
3394,DEL-BLR,DEL,BLR,08-02-2023,787,Airbus A320,120,112,312707.47,181632.85,131074.62,93.33333333,Domestic,2023-02
3395,DEL-CDG,DEL,CDG,06-12-2023,503,Airbus A320,250,121,3414379.53,3545796.45,-131416.92,48.4,International,2023-12
3396,BOM-DXB,BOM,DXB,27-03-2023,390,Airbus A320,250,210,7014276.74,3866339.19,3147937.55,84,International,2023-03
3397,DEL-LHR,DEL,LHR,25-05-2023,558,Boeing 737,250,189,5473092.3,5025114.44,447977.86,75.6,International,2023-05
3398,HYD-DXB,HYD,DXB,27-09-2023,427,Airbus A380,250,192,5299248.68,6036823.98,-737575.3,76.8,International,2023-09
3399,DEL-CDG,DEL,CDG,24-04-2023,119,Boeing 737,180,91,3171908.1,3078190,93718.1,50.55555556,International,2023-04
3400,BOM-DXB,BOM,DXB,10-08-2023,522,Boeing 777,250,140,3564529.5,3040256.59,524272.91,56,International,2023-08
3401,DEL-MAA,DEL,MAA,05-04-2023,519,Boeing 737,250,133,415967.24,418568.28,-2601.04,53.2,Domestic,2023-04
3402,DEL-LHR,DEL,LHR,27-07-2023,435,Boeing 737,180,117,2354031.16,1326574.73,1027456.43,65,International,2023-07
3403,DEL-BLR,DEL,BLR,12-02-2023,361,Boeing 777,120,107,257781.04,268362.2,-10581.16,89.16666667,Domestic,2023-02
3404,HYD-DXB,HYD,DXB,28-11-2023,491,Airbus A320,180,84,2562546.45,2093723.01,468823.44,46.66666667,International,2023-11
3405,BLR-HYD,BLR,HYD,03-01-2023,63,Airbus A380,250,184,461138.97,328868.64,132270.33,73.6,Domestic,2023-01
3406,BLR-HYD,BLR,HYD,06-09-2023,198,ATR 72,150,68,213095.61,141773.44,71322.17,45.33333333,Domestic,2023-09
3407,BLR-HYD,BLR,HYD,04-03-2023,419,Airbus A320,150,85,288488.77,189995.47,98493.3,56.66666667,Domestic,2023-03
3408,MAA-CMB,MAA,CMB,21-03-2023,350,Boeing 737,350,209,5204336.66,3348089.24,1856247.42,59.71428571,International,2023-03
3409,CCU-DEL,CCU,DEL,03-07-2023,680,ATR 72,350,212,509291.82,308305.74,200986.08,60.57142857,Domestic,2023-07
3410,MAA-CMB,MAA,CMB,18-05-2023,523,ATR 72,120,68,2267704.99,1385721.74,881983.25,56.66666667,International,2023-05
3411,BLR-HYD,BLR,HYD,07-05-2023,415,Boeing 737,180,99,409951.85,457591.31,-47639.46,55,Domestic,2023-05
3412,DEL-MAA,DEL,MAA,26-03-2023,844,ATR 72,350,181,703394.17,720927.96,-17533.79,51.71428571,Domestic,2023-03
3413,BOM-BKK,BOM,BKK,29-05-2023,180,Boeing 777,250,186,3834208.27,3855306.09,-21097.82,74.4,International,2023-05
3414,HYD-DXB,HYD,DXB,04-05-2023,89,Airbus A320,350,160,3374691,3668197.92,-293506.92,45.71428571,International,2023-05
3415,BLR-HYD,BLR,HYD,15-11-2023,354,Boeing 777,150,91,318852.71,342113.72,-23261.01,60.66666667,Domestic,2023-11
3416,DEL-MAA,DEL,MAA,19-09-2023,839,Boeing 737,180,108,367222.28,378209.74,-10987.46,60,Domestic,2023-09
3417,DEL-AMD,DEL,AMD,18-11-2023,191,ATR 72,120,65,231062.45,220544.67,10517.78,54.16666667,Domestic,2023-11
3418,DEL-CDG,DEL,CDG,25-04-2023,83,Airbus A380,150,127,3488160.18,3828730.39,-340570.21,84.66666667,International,2023-04
3419,BOM-DEL,BOM,DEL,11-12-2023,292,Airbus A380,350,266,693657.68,442238.25,251419.43,76,Domestic,2023-12
3420,HYD-BOM,HYD,BOM,05-12-2023,695,Airbus A380,180,169,680554.06,709961.88,-29407.82,93.88888889,Domestic,2023-12
3421,BLR-SIN,BLR,SIN,02-11-2023,649,Boeing 737,180,158,4469542.54,5026863.14,-557320.6,87.77777778,International,2023-11
3422,CCU-KUL,CCU,KUL,10-07-2023,666,ATR 72,180,147,2985987.19,3003115.68,-17128.49,81.66666667,International,2023-07
3423,BOM-GOI,BOM,GOI,22-10-2023,814,Boeing 737,250,192,609382.23,568297.48,41084.75,76.8,Domestic,2023-10
3424,DEL-AMD,DEL,AMD,03-07-2023,216,ATR 72,350,306,970776.27,753669.25,217107.02,87.42857143,Domestic,2023-07
3425,DEL-BLR,DEL,BLR,18-07-2023,399,Airbus A380,250,144,462848.37,330483.48,132364.89,57.6,Domestic,2023-07
3426,DEL-FRA,DEL,FRA,23-01-2023,144,Airbus A380,180,94,2464268.04,2725150.46,-260882.42,52.22222222,International,2023-01
3427,BOM-BKK,BOM,BKK,06-12-2023,633,Boeing 737,180,137,3874025.15,2456163.13,1417862.02,76.11111111,International,2023-12
3428,HYD-BOM,HYD,BOM,22-11-2023,80,ATR 72,180,99,366418.28,336950.6,29467.68,55,Domestic,2023-11
3429,BOM-GOI,BOM,GOI,24-11-2023,687,Airbus A380,180,106,342135.94,360070.1,-17934.16,58.88888889,Domestic,2023-11
3430,BOM-GOI,BOM,GOI,15-06-2023,881,Boeing 737,350,209,570890.66,568817.17,2073.49,59.71428571,Domestic,2023-06
3431,MAA-BLR,MAA,BLR,31-03-2023,277,Boeing 777,350,158,388275.13,232192.37,156082.76,45.14285714,Domestic,2023-03
3432,DEL-MAA,DEL,MAA,07-06-2023,173,Boeing 777,180,104,413045.36,375958.66,37086.7,57.77777778,Domestic,2023-06
3433,BOM-DXB,BOM,DXB,01-10-2023,406,Boeing 777,250,149,5118197.64,5665332.6,-547134.96,59.6,International,2023-10
3434,BLR-SIN,BLR,SIN,31-03-2023,570,ATR 72,250,114,2754611.21,2124779.19,629832.02,45.6,International,2023-03
3435,DEL-BLR,DEL,BLR,03-05-2023,841,Airbus A320,150,119,418528.79,315052.68,103476.11,79.33333333,Domestic,2023-05
3436,DEL-CDG,DEL,CDG,30-05-2023,427,Airbus A320,150,134,3327538.61,2903917.03,423621.58,89.33333333,International,2023-05
3437,DEL-MAA,DEL,MAA,26-09-2023,456,Airbus A320,120,71,286908.67,181869.36,105039.31,59.16666667,Domestic,2023-09
3438,BOM-BKK,BOM,BKK,20-07-2023,248,ATR 72,350,174,3892201.56,3274212.45,617989.11,49.71428571,International,2023-07
3439,BOM-GOI,BOM,GOI,04-11-2023,202,Airbus A320,120,73,228715.4,200113.27,28602.13,60.83333333,Domestic,2023-11
3440,BOM-GOI,BOM,GOI,03-03-2023,427,Airbus A320,350,190,594893.11,542824.59,52068.52,54.28571429,Domestic,2023-03
3441,CCU-KUL,CCU,KUL,03-01-2023,465,Airbus A320,150,132,4128018.04,4675830.31,-547812.27,88,International,2023-01
3442,BLR-HYD,BLR,HYD,29-04-2023,660,Airbus A320,350,165,553896.73,616250.34,-62353.61,47.14285714,Domestic,2023-04
3443,DEL-LHR,DEL,LHR,04-01-2023,249,Airbus A320,120,80,2405709.32,1393505.6,1012203.72,66.66666667,International,2023-01
3444,BOM-NRT,BOM,NRT,03-05-2023,718,Airbus A320,150,97,2268383.2,2069938.67,198444.53,64.66666667,International,2023-05
3445,BOM-CCU,BOM,CCU,06-11-2023,123,Boeing 737,120,95,259431.02,233244.14,26186.88,79.16666667,Domestic,2023-11
3446,BOM-DXB,BOM,DXB,09-08-2023,161,Airbus A380,150,82,2058829.8,2016264.02,42565.78,54.66666667,International,2023-08
3447,MAA-BLR,MAA,BLR,25-12-2023,564,Boeing 737,350,294,892882.48,812363.47,80519.01,84,Domestic,2023-12
3448,BOM-DEL,BOM,DEL,19-08-2023,653,ATR 72,150,85,247705.16,252109.76,-4404.6,56.66666667,Domestic,2023-08
3449,CCU-DEL,CCU,DEL,11-03-2023,820,Airbus A320,120,115,410734.14,341416.12,69318.02,95.83333333,Domestic,2023-03
3450,MAA-CMB,MAA,CMB,08-02-2023,351,Boeing 777,250,150,4651313,4896530.55,-245217.55,60,International,2023-02
3451,DEL-FRA,DEL,FRA,07-01-2023,861,Boeing 737,350,212,6647059.64,4436826.07,2210233.57,60.57142857,International,2023-01
3452,DEL-CDG,DEL,CDG,25-12-2023,166,Boeing 737,250,241,6366888.13,5108995.44,1257892.69,96.4,International,2023-12
3453,BOM-BKK,BOM,BKK,24-06-2023,119,Boeing 777,150,119,3536863.17,3557375.05,-20511.88,79.33333333,International,2023-06
3454,BOM-CCU,BOM,CCU,06-03-2023,87,ATR 72,150,111,430509.1,404162.72,26346.38,74,Domestic,2023-03
3455,CCU-KUL,CCU,KUL,08-10-2023,116,Airbus A380,120,104,3054918.22,1965924.79,1088993.43,86.66666667,International,2023-10
3456,HYD-BOM,HYD,BOM,05-02-2023,751,Boeing 737,250,175,592334.76,655368.98,-63034.22,70,Domestic,2023-02
3457,BOM-DEL,BOM,DEL,17-07-2023,704,Airbus A380,250,139,395167.82,253184.48,141983.34,55.6,Domestic,2023-07
3458,CCU-KUL,CCU,KUL,05-03-2023,612,Boeing 777,350,186,6144523.11,4775096.18,1369426.93,53.14285714,International,2023-03
3459,HYD-DXB,HYD,DXB,26-05-2023,722,ATR 72,180,120,4040906.71,2425646.5,1615260.21,66.66666667,International,2023-05
3460,DEL-AMD,DEL,AMD,19-03-2023,680,Boeing 777,150,69,169191.62,168832.02,359.6,46,Domestic,2023-03
3461,DEL-FRA,DEL,FRA,22-06-2023,851,Airbus A320,350,297,8455289.97,8185856.18,269433.79,84.85714286,International,2023-06
3462,HYD-BOM,HYD,BOM,26-12-2023,774,Boeing 737,150,78,248604.47,226146.27,22458.2,52,Domestic,2023-12
3463,HYD-DXB,HYD,DXB,14-07-2023,449,ATR 72,150,77,2092953.67,2362243.67,-269290,51.33333333,International,2023-07
3464,MAA-BLR,MAA,BLR,22-02-2023,562,ATR 72,150,131,431576.64,326055.77,105520.87,87.33333333,Domestic,2023-02
3465,BOM-CCU,BOM,CCU,24-06-2023,275,ATR 72,150,70,180393.59,128958.78,51434.81,46.66666667,Domestic,2023-06
3466,BOM-DEL,BOM,DEL,18-07-2023,883,Boeing 777,150,123,382192.34,252397.32,129795.02,82,Domestic,2023-07
3467,DEL-FRA,DEL,FRA,23-04-2023,437,Boeing 737,150,106,3699542.89,2736010.29,963532.6,70.66666667,International,2023-04
3468,DEL-LHR,DEL,LHR,23-04-2023,887,Airbus A320,250,238,6064590.16,4762832.75,1301757.41,95.2,International,2023-04
3469,BLR-SIN,BLR,SIN,11-11-2023,540,Airbus A380,180,131,3624722.74,3273879.83,350842.91,72.77777778,International,2023-11
3470,BOM-GOI,BOM,GOI,26-03-2023,345,ATR 72,180,148,576434.8,324537.48,251897.32,82.22222222,Domestic,2023-03
3471,BOM-BKK,BOM,BKK,17-11-2023,201,Boeing 777,120,114,3269396.53,3702319.55,-432923.02,95,International,2023-11
3472,BOM-BKK,BOM,BKK,17-06-2023,452,ATR 72,180,162,3587476.71,3419944.04,167532.67,90,International,2023-06
3473,BOM-BKK,BOM,BKK,06-03-2023,828,Airbus A380,250,206,4674108.44,5220019.45,-545911.01,82.4,International,2023-03
3474,BOM-DXB,BOM,DXB,26-12-2023,82,ATR 72,250,189,4390973.29,4219237.45,171735.84,75.6,International,2023-12
3475,MAA-BLR,MAA,BLR,12-03-2023,134,Airbus A320,350,177,564055.67,575082.03,-11026.36,50.57142857,Domestic,2023-03
3476,DEL-LHR,DEL,LHR,03-01-2023,250,Airbus A320,150,90,2466127.39,2170345.79,295781.6,60,International,2023-01
3477,BOM-DEL,BOM,DEL,27-05-2023,413,Airbus A380,350,243,966896.3,748521.02,218375.28,69.42857143,Domestic,2023-05
3478,HYD-DXB,HYD,DXB,30-05-2023,774,Boeing 737,250,115,2697057.47,2472064.83,224992.64,46,International,2023-05
3479,DEL-MAA,DEL,MAA,17-02-2023,359,Airbus A380,350,283,1161517.35,1325322.1,-163804.75,80.85714286,Domestic,2023-02
3480,DEL-MAA,DEL,MAA,05-05-2023,257,Airbus A380,150,122,496251.67,480982.04,15269.63,81.33333333,Domestic,2023-05
3481,MAA-BLR,MAA,BLR,12-06-2023,125,Airbus A380,250,165,612763.63,341340.24,271423.39,66,Domestic,2023-06
3482,CCU-DEL,CCU,DEL,28-07-2023,705,Airbus A320,150,134,510658.19,528432.75,-17774.56,89.33333333,Domestic,2023-07
3483,BOM-BKK,BOM,BKK,13-04-2023,64,Boeing 737,120,116,3856908.68,4031490.84,-174582.16,96.66666667,International,2023-04
3484,BOM-DEL,BOM,DEL,26-01-2023,797,ATR 72,180,129,371927.54,291077.54,80850,71.66666667,Domestic,2023-01
3485,MAA-BLR,MAA,BLR,06-10-2023,268,Airbus A320,150,101,324457.04,290633.8,33823.24,67.33333333,Domestic,2023-10
3486,BOM-DEL,BOM,DEL,18-09-2023,230,ATR 72,350,232,859051.22,801393.83,57657.39,66.28571429,Domestic,2023-09
3487,CCU-DEL,CCU,DEL,15-07-2023,68,Boeing 777,180,138,402252.41,326194.35,76058.06,76.66666667,Domestic,2023-07
3488,DEL-CDG,DEL,CDG,10-03-2023,84,ATR 72,180,168,4065427.97,3980523.02,84904.95,93.33333333,International,2023-03
3489,DEL-BLR,DEL,BLR,28-02-2023,252,Airbus A320,180,140,528426.63,320305.29,208121.34,77.77777778,Domestic,2023-02
3490,BOM-NRT,BOM,NRT,21-04-2023,443,Boeing 737,120,58,1942062.13,1408119.55,533942.58,48.33333333,International,2023-04
3491,BLR-HYD,BLR,HYD,01-09-2023,413,ATR 72,120,88,218927.95,245417.18,-26489.23,73.33333333,Domestic,2023-09
3492,HYD-DXB,HYD,DXB,23-10-2023,714,Boeing 737,180,105,2207316.91,1587297.74,620019.17,58.33333333,International,2023-10
3493,MAA-BLR,MAA,BLR,04-05-2023,125,Boeing 777,250,163,540532.15,321891.59,218640.56,65.2,Domestic,2023-05
3494,CCU-DEL,CCU,DEL,19-06-2023,255,ATR 72,120,71,252923.81,211542.21,41381.6,59.16666667,Domestic,2023-06
3495,DEL-FRA,DEL,FRA,13-06-2023,420,ATR 72,120,66,1938220.75,1080002.48,858218.27,55,International,2023-06
3496,BLR-SIN,BLR,SIN,22-09-2023,385,Airbus A380,180,123,3358622.5,3490902.01,-132279.51,68.33333333,International,2023-09
3497,MAA-CMB,MAA,CMB,15-05-2023,96,Boeing 737,350,164,5465900.05,5598097.73,-132197.68,46.85714286,International,2023-05
3498,BLR-HYD,BLR,HYD,27-07-2023,680,ATR 72,350,277,766617.08,744412.81,22204.27,79.14285714,Domestic,2023-07
3499,BOM-BKK,BOM,BKK,17-02-2023,169,Boeing 777,350,329,8673887.22,8928031.13,-254143.91,94,International,2023-02
3500,BOM-BKK,BOM,BKK,27-02-2023,147,ATR 72,350,244,7923672.46,6442931.71,1480740.75,69.71428571,International,2023-02
3501,BOM-NRT,BOM,NRT,31-12-2023,593,Airbus A320,150,80,1678807.46,1799465.16,-120657.7,53.33333333,International,2023-12
3502,BOM-DXB,BOM,DXB,15-01-2023,400,ATR 72,150,97,2311873.87,2164316.88,147556.99,64.66666667,International,2023-01
3503,BOM-CCU,BOM,CCU,29-10-2023,416,Airbus A380,180,122,325729.28,251388.25,74341.03,67.77777778,Domestic,2023-10
3504,DEL-LHR,DEL,LHR,03-05-2023,313,ATR 72,350,300,8291309.38,5964545.75,2326763.63,85.71428571,International,2023-05
3505,BLR-SIN,BLR,SIN,24-07-2023,735,Airbus A320,120,83,2627087.07,2204616.52,422470.55,69.16666667,International,2023-07
3506,MAA-CMB,MAA,CMB,23-01-2023,128,Boeing 777,350,308,10452121.1,8431247.33,2020873.77,88,International,2023-01
3507,CCU-KUL,CCU,KUL,06-11-2023,273,Boeing 737,150,68,2164466.97,1633270.92,531196.05,45.33333333,International,2023-11
3508,BOM-GOI,BOM,GOI,25-08-2023,243,Airbus A380,250,169,576005.42,540528.9,35476.52,67.6,Domestic,2023-08
3509,MAA-BLR,MAA,BLR,12-06-2023,131,Boeing 777,120,64,168090.08,144677.72,23412.36,53.33333333,Domestic,2023-06
3510,DEL-AMD,DEL,AMD,07-08-2023,169,Airbus A320,120,105,340284.87,226039.69,114245.18,87.5,Domestic,2023-08
3511,BOM-DEL,BOM,DEL,02-10-2023,637,Airbus A380,150,137,536528.47,500766.24,35762.23,91.33333333,Domestic,2023-10
3512,HYD-BOM,HYD,BOM,12-10-2023,792,Airbus A320,250,217,704047.14,775798.21,-71751.07,86.8,Domestic,2023-10
3513,BLR-HYD,BLR,HYD,03-03-2023,838,ATR 72,180,94,247303.57,244705.07,2598.5,52.22222222,Domestic,2023-03
3514,HYD-DXB,HYD,DXB,19-07-2023,263,Boeing 737,350,168,4475315.15,2684144.15,1791171,48,International,2023-07
3515,BOM-CCU,BOM,CCU,25-01-2023,204,Boeing 777,150,82,296450.03,250001.02,46449.01,54.66666667,Domestic,2023-01
3516,DEL-BLR,DEL,BLR,28-06-2023,816,Airbus A380,250,243,624287.46,575234.78,49052.68,97.2,Domestic,2023-06
3517,BOM-BKK,BOM,BKK,03-03-2023,754,ATR 72,350,274,5925262.72,4555690.09,1369572.63,78.28571429,International,2023-03
3518,DEL-CDG,DEL,CDG,11-08-2023,418,Airbus A380,250,214,5585570.05,3208436.08,2377133.97,85.6,International,2023-08
3519,DEL-CDG,DEL,CDG,15-12-2023,446,ATR 72,150,82,2598143.78,1454042.5,1144101.28,54.66666667,International,2023-12
3520,DEL-CDG,DEL,CDG,07-07-2023,215,Airbus A320,180,171,5950150.74,4628724.13,1321426.61,95,International,2023-07
3521,DEL-LHR,DEL,LHR,11-04-2023,859,Airbus A380,350,194,5901162.49,3695959.9,2205202.59,55.42857143,International,2023-04
3522,BOM-CCU,BOM,CCU,24-10-2023,137,Boeing 777,150,145,531592.73,438666.5,92926.23,96.66666667,Domestic,2023-10
3523,DEL-LHR,DEL,LHR,21-12-2023,351,Airbus A380,150,100,3143394.56,2359887.62,783506.94,66.66666667,International,2023-12
3524,BOM-NRT,BOM,NRT,28-02-2023,144,Boeing 777,120,101,2165716.83,1281120.44,884596.39,84.16666667,International,2023-02
3525,DEL-MAA,DEL,MAA,03-08-2023,69,Boeing 737,350,163,508948.96,451089.11,57859.85,46.57142857,Domestic,2023-08
3526,CCU-DEL,CCU,DEL,09-12-2023,327,Airbus A380,180,138,545697.63,600872.19,-55174.56,76.66666667,Domestic,2023-12
3527,CCU-DEL,CCU,DEL,23-04-2023,386,Boeing 777,350,250,693157.2,585855.05,107302.15,71.42857143,Domestic,2023-04
3528,BOM-CCU,BOM,CCU,04-11-2023,251,Boeing 737,180,135,438694.46,265310.92,173383.54,75,Domestic,2023-11
3529,MAA-BLR,MAA,BLR,16-07-2023,308,ATR 72,250,243,752621.91,542022.27,210599.64,97.2,Domestic,2023-07
3530,HYD-BOM,HYD,BOM,21-03-2023,83,Airbus A320,120,113,464370.72,448398.21,15972.51,94.16666667,Domestic,2023-03
3531,BOM-BKK,BOM,BKK,05-08-2023,433,Airbus A320,350,183,4738360.59,3553029.17,1185331.42,52.28571429,International,2023-08
3532,BOM-NRT,BOM,NRT,27-03-2023,797,Airbus A380,150,90,1853186.89,1057483.26,795703.63,60,International,2023-03
3533,DEL-MAA,DEL,MAA,11-01-2023,619,Airbus A380,120,59,212386.52,164853.18,47533.34,49.16666667,Domestic,2023-01
3534,BOM-DEL,BOM,DEL,13-06-2023,148,ATR 72,120,89,267734.85,180743.22,86991.63,74.16666667,Domestic,2023-06
3535,DEL-MAA,DEL,MAA,11-09-2023,177,Airbus A380,150,125,497799.36,481692.76,16106.6,83.33333333,Domestic,2023-09
3536,CCU-DEL,CCU,DEL,01-05-2023,387,Airbus A380,150,97,357249.36,374955.92,-17706.56,64.66666667,Domestic,2023-05
3537,CCU-DEL,CCU,DEL,07-01-2023,151,Boeing 737,120,99,342619.12,296637.58,45981.54,82.5,Domestic,2023-01
3538,DEL-CDG,DEL,CDG,29-10-2023,300,Boeing 737,350,239,5188539.64,2864753.07,2323786.57,68.28571429,International,2023-10
3539,DEL-AMD,DEL,AMD,30-09-2023,105,Airbus A320,350,276,1133542.96,851918.05,281624.91,78.85714286,Domestic,2023-09
3540,MAA-BLR,MAA,BLR,03-02-2023,403,ATR 72,350,297,1046921.42,607573.95,439347.47,84.85714286,Domestic,2023-02
3541,HYD-BOM,HYD,BOM,26-01-2023,328,Airbus A320,250,167,427409.25,432618.79,-5209.54,66.8,Domestic,2023-01
3542,BLR-SIN,BLR,SIN,29-03-2023,606,Boeing 737,350,303,6434269.04,7341675.89,-907406.85,86.57142857,International,2023-03
3543,BOM-BKK,BOM,BKK,24-09-2023,128,Boeing 777,350,213,5726070.27,5545381.51,180688.76,60.85714286,International,2023-09
3544,MAA-BLR,MAA,BLR,23-08-2023,63,Boeing 777,150,73,284026.63,326266.85,-42240.22,48.66666667,Domestic,2023-08
3545,DEL-BLR,DEL,BLR,28-06-2023,757,ATR 72,150,121,451938.31,250834.89,201103.42,80.66666667,Domestic,2023-06
3546,DEL-CDG,DEL,CDG,10-08-2023,569,Airbus A320,350,240,6613817.43,7521492.38,-907674.95,68.57142857,International,2023-08
3547,BLR-HYD,BLR,HYD,13-10-2023,658,Boeing 737,180,94,297034.67,204855.4,92179.27,52.22222222,Domestic,2023-10
3548,BOM-BKK,BOM,BKK,02-07-2023,723,Boeing 737,120,79,2155698.79,1805099.66,350599.13,65.83333333,International,2023-07
3549,BLR-HYD,BLR,HYD,18-09-2023,567,Airbus A380,250,227,595983.39,517589.06,78394.33,90.8,Domestic,2023-09
3550,CCU-DEL,CCU,DEL,29-07-2023,301,Airbus A380,350,255,917143.81,701175.73,215968.08,72.85714286,Domestic,2023-07
3551,BOM-CCU,BOM,CCU,02-12-2023,466,Airbus A320,250,234,634003.25,409153.48,224849.77,93.6,Domestic,2023-12
3552,BOM-BKK,BOM,BKK,10-08-2023,505,Airbus A380,350,311,8621909.19,7690101.4,931807.79,88.85714286,International,2023-08
3553,CCU-DEL,CCU,DEL,18-08-2023,719,Airbus A380,120,114,476647.55,355063.72,121583.83,95,Domestic,2023-08
3554,BOM-GOI,BOM,GOI,09-10-2023,716,ATR 72,350,336,806808.7,584823.64,221985.06,96,Domestic,2023-10
3555,BOM-NRT,BOM,NRT,04-05-2023,887,Boeing 777,350,256,5640623.59,4257762.9,1382860.69,73.14285714,International,2023-05
3556,CCU-KUL,CCU,KUL,03-09-2023,536,Airbus A320,250,155,4502583.26,3816404.63,686178.63,62,International,2023-09
3557,DEL-AMD,DEL,AMD,13-01-2023,622,Airbus A320,350,226,844266.78,476826.72,367440.06,64.57142857,Domestic,2023-01
3558,BOM-DEL,BOM,DEL,07-02-2023,787,Boeing 777,120,103,267475.43,299127.06,-31651.63,85.83333333,Domestic,2023-02
3559,BLR-SIN,BLR,SIN,18-06-2023,554,ATR 72,350,192,4041516.53,4218449.66,-176933.13,54.85714286,International,2023-06
3560,BOM-NRT,BOM,NRT,30-06-2023,465,Boeing 777,120,87,2316028.56,2174686.66,141341.9,72.5,International,2023-06
3561,DEL-AMD,DEL,AMD,27-09-2023,498,Boeing 737,120,109,332440.16,191536.11,140904.05,90.83333333,Domestic,2023-09
3562,DEL-CDG,DEL,CDG,05-04-2023,328,Boeing 777,350,288,6541691.21,7318428.67,-776737.46,82.28571429,International,2023-04
3563,MAA-CMB,MAA,CMB,09-09-2023,417,Airbus A380,120,93,2756371.82,2795966.71,-39594.89,77.5,International,2023-09
3564,BOM-NRT,BOM,NRT,11-04-2023,78,Boeing 737,120,100,2224888.23,2069528.86,155359.37,83.33333333,International,2023-04
3565,BOM-CCU,BOM,CCU,26-11-2023,579,Airbus A380,120,85,230150.05,230734.9,-584.85,70.83333333,Domestic,2023-11
3566,BOM-DEL,BOM,DEL,25-07-2023,737,ATR 72,180,95,258978.04,177720.35,81257.69,52.77777778,Domestic,2023-07
3567,CCU-DEL,CCU,DEL,28-07-2023,679,Airbus A320,120,94,228252.6,148567.09,79685.51,78.33333333,Domestic,2023-07
3568,DEL-BLR,DEL,BLR,07-01-2023,861,Airbus A380,150,69,182503.81,129031.57,53472.24,46,Domestic,2023-01
3569,BOM-GOI,BOM,GOI,17-07-2023,726,Airbus A380,150,88,338700.94,277985.2,60715.74,58.66666667,Domestic,2023-07
3570,HYD-BOM,HYD,BOM,29-08-2023,871,Boeing 777,120,98,292817.81,316383.13,-23565.32,81.66666667,Domestic,2023-08
3571,BOM-CCU,BOM,CCU,25-11-2023,840,Boeing 777,180,118,424094.54,385305.54,38789,65.55555556,Domestic,2023-11
3572,BOM-BKK,BOM,BKK,14-12-2023,855,Airbus A380,180,85,2185047.5,2385920.82,-200873.32,47.22222222,International,2023-12
3573,CCU-DEL,CCU,DEL,05-07-2023,721,Boeing 777,180,170,474974.16,355367.98,119606.18,94.44444444,Domestic,2023-07
3574,BOM-CCU,BOM,CCU,24-05-2023,449,Airbus A380,350,338,1214362.35,973068.37,241293.98,96.57142857,Domestic,2023-05
3575,HYD-DXB,HYD,DXB,12-04-2023,742,Boeing 777,350,194,4743320,4718871.07,24448.93,55.42857143,International,2023-04
3576,HYD-BOM,HYD,BOM,05-12-2023,421,ATR 72,250,195,767991.28,805834.05,-37842.77,78,Domestic,2023-12
3577,CCU-DEL,CCU,DEL,11-08-2023,461,Boeing 777,350,215,575697.64,613927.42,-38229.78,61.42857143,Domestic,2023-08
3578,DEL-FRA,DEL,FRA,31-08-2023,433,ATR 72,250,113,3120877.86,2856753.86,264124,45.2,International,2023-08
3579,HYD-BOM,HYD,BOM,23-03-2023,851,Airbus A380,350,261,935005.61,878247.72,56757.89,74.57142857,Domestic,2023-03
3580,DEL-AMD,DEL,AMD,05-05-2023,806,Airbus A380,350,285,1128525.06,642135.56,486389.5,81.42857143,Domestic,2023-05
3581,BOM-DEL,BOM,DEL,06-06-2023,386,Boeing 737,180,175,430042.54,281643.92,148398.62,97.22222222,Domestic,2023-06
3582,MAA-BLR,MAA,BLR,25-07-2023,534,Airbus A320,120,57,157019.76,102585.59,54434.17,47.5,Domestic,2023-07
3583,DEL-CDG,DEL,CDG,11-04-2023,640,Boeing 737,250,171,5766149.91,4866707.88,899442.03,68.4,International,2023-04
3584,DEL-MAA,DEL,MAA,30-10-2023,382,Boeing 777,180,144,596892.79,330005.49,266887.3,80,Domestic,2023-10
3585,MAA-CMB,MAA,CMB,15-01-2023,124,Airbus A380,150,94,3279857.55,2020271.59,1259585.96,62.66666667,International,2023-01
3586,DEL-BLR,DEL,BLR,13-12-2023,195,Boeing 737,180,175,427295.29,282439.99,144855.3,97.22222222,Domestic,2023-12
3587,MAA-CMB,MAA,CMB,18-02-2023,379,Airbus A320,180,102,2139037.18,2342916.15,-203878.97,56.66666667,International,2023-02
3588,DEL-CDG,DEL,CDG,16-05-2023,850,Airbus A320,150,127,3721939.23,3906031.74,-184092.51,84.66666667,International,2023-05
3589,BOM-DXB,BOM,DXB,07-04-2023,140,Boeing 737,120,63,1880695.24,1684468.53,196226.71,52.5,International,2023-04
3590,MAA-BLR,MAA,BLR,27-03-2023,470,Boeing 777,150,137,530300.57,339070.09,191230.48,91.33333333,Domestic,2023-03
3591,BOM-BKK,BOM,BKK,12-12-2023,449,Airbus A320,180,91,1889768.64,1451505.64,438263,50.55555556,International,2023-12
3592,HYD-BOM,HYD,BOM,28-09-2023,257,ATR 72,180,114,343823.85,205657.62,138166.23,63.33333333,Domestic,2023-09
3593,BOM-BKK,BOM,BKK,21-01-2023,877,ATR 72,120,91,2262504.25,1350795.32,911708.93,75.83333333,International,2023-01
3594,DEL-AMD,DEL,AMD,26-06-2023,426,Boeing 777,150,122,446198.86,492730.16,-46531.3,81.33333333,Domestic,2023-06
3595,BOM-BKK,BOM,BKK,11-03-2023,545,Airbus A320,350,314,8238103.05,5518522.4,2719580.65,89.71428571,International,2023-03
3596,DEL-FRA,DEL,FRA,09-05-2023,454,Boeing 737,150,134,4022279.51,4216447.82,-194168.31,89.33333333,International,2023-05
3597,DEL-LHR,DEL,LHR,05-08-2023,796,Airbus A320,250,146,3142292.98,3148434.48,-6141.5,58.4,International,2023-08
3598,BOM-DEL,BOM,DEL,21-09-2023,323,ATR 72,120,86,327691.39,267148.85,60542.54,71.66666667,Domestic,2023-09
3599,BOM-GOI,BOM,GOI,08-01-2023,663,ATR 72,120,80,225701.96,205863.75,19838.21,66.66666667,Domestic,2023-01
3600,BOM-BKK,BOM,BKK,04-05-2023,80,Airbus A320,350,268,9178277.92,7448135.44,1730142.48,76.57142857,International,2023-05
3601,CCU-KUL,CCU,KUL,31-01-2023,378,Boeing 777,120,99,3050838.81,3181730.87,-130892.06,82.5,International,2023-01
3602,MAA-CMB,MAA,CMB,15-03-2023,900,Airbus A320,250,170,5125581.87,3126476.47,1999105.4,68,International,2023-03
3603,BOM-GOI,BOM,GOI,21-04-2023,347,Airbus A320,350,328,1100461.9,630660.39,469801.51,93.71428571,Domestic,2023-04
3604,HYD-DXB,HYD,DXB,26-06-2023,152,Boeing 777,150,72,1838841.12,1911560.1,-72718.98,48,International,2023-06
3605,BLR-SIN,BLR,SIN,02-06-2023,435,Boeing 737,150,111,3527746.44,2443062.69,1084683.75,74,International,2023-06
3606,HYD-BOM,HYD,BOM,11-05-2023,195,Airbus A380,180,154,492001.38,408329.14,83672.24,85.55555556,Domestic,2023-05
3607,DEL-CDG,DEL,CDG,09-11-2023,125,Boeing 737,180,108,2199338.24,1586036.37,613301.87,60,International,2023-11
3608,MAA-BLR,MAA,BLR,10-04-2023,147,ATR 72,150,118,336030.59,362832.2,-26801.61,78.66666667,Domestic,2023-04
3609,DEL-LHR,DEL,LHR,26-04-2023,874,Boeing 737,120,97,3185121.67,3021672.27,163449.4,80.83333333,International,2023-04
3610,BOM-NRT,BOM,NRT,05-09-2023,555,Boeing 737,120,74,1932880.26,1855549.51,77330.75,61.66666667,International,2023-09
3611,BLR-HYD,BLR,HYD,11-12-2023,538,ATR 72,150,98,373190.53,281325.66,91864.87,65.33333333,Domestic,2023-12
3612,BOM-CCU,BOM,CCU,20-08-2023,278,Airbus A320,350,178,564126.37,542229.81,21896.56,50.85714286,Domestic,2023-08
3613,BOM-CCU,BOM,CCU,28-01-2023,808,ATR 72,250,142,498902.18,321312.23,177589.95,56.8,Domestic,2023-01
3614,BOM-NRT,BOM,NRT,09-10-2023,312,Airbus A380,350,324,10304072.72,8403920.82,1900151.9,92.57142857,International,2023-10
3615,DEL-FRA,DEL,FRA,11-08-2023,856,Airbus A380,120,103,2614631.61,2324219.32,290412.29,85.83333333,International,2023-08
3616,DEL-FRA,DEL,FRA,07-09-2023,61,Airbus A380,180,114,3297205.22,3037551.14,259654.08,63.33333333,International,2023-09
3617,BOM-CCU,BOM,CCU,11-07-2023,261,Boeing 737,180,107,266645.41,276062.98,-9417.57,59.44444444,Domestic,2023-07
3618,BOM-GOI,BOM,GOI,04-01-2023,194,Airbus A380,350,202,664551.93,609892.99,54658.94,57.71428571,Domestic,2023-01
3619,CCU-DEL,CCU,DEL,08-06-2023,713,Boeing 777,120,64,190027.2,150094.7,39932.5,53.33333333,Domestic,2023-06
3620,BLR-SIN,BLR,SIN,25-01-2023,303,Boeing 737,180,81,2568758.41,2628372.69,-59614.28,45,International,2023-01
3621,MAA-BLR,MAA,BLR,28-07-2023,761,Airbus A380,180,109,275100.01,268659.93,6440.08,60.55555556,Domestic,2023-07
3622,DEL-MAA,DEL,MAA,03-05-2023,867,Airbus A380,350,251,622574.45,674372.33,-51797.88,71.71428571,Domestic,2023-05
3623,MAA-CMB,MAA,CMB,07-12-2023,195,Airbus A380,150,73,2414125.56,1781970.47,632155.09,48.66666667,International,2023-12
3624,HYD-BOM,HYD,BOM,06-05-2023,347,Airbus A380,120,60,177534.47,113504.6,64029.87,50,Domestic,2023-05
3625,BLR-HYD,BLR,HYD,01-05-2023,608,ATR 72,150,96,271188.73,154283.54,116905.19,64,Domestic,2023-05
3626,MAA-CMB,MAA,CMB,11-04-2023,761,Boeing 737,250,181,5584750,5206690.01,378059.99,72.4,International,2023-04
3627,HYD-BOM,HYD,BOM,01-08-2023,69,Airbus A320,350,262,943623.38,567657.61,375965.77,74.85714286,Domestic,2023-08
3628,CCU-KUL,CCU,KUL,06-05-2023,815,Airbus A380,350,159,4966570.53,4497262.29,469308.24,45.42857143,International,2023-05
3629,DEL-AMD,DEL,AMD,28-11-2023,557,Airbus A380,250,136,336863.18,256741.25,80121.93,54.4,Domestic,2023-11
3630,BOM-CCU,BOM,CCU,12-05-2023,775,Boeing 737,120,115,465058.22,383231.79,81826.43,95.83333333,Domestic,2023-05
3631,BOM-BKK,BOM,BKK,04-05-2023,335,ATR 72,180,164,3347858,3155444.7,192413.3,91.11111111,International,2023-05
3632,MAA-CMB,MAA,CMB,07-11-2023,388,Boeing 737,150,84,1688088.9,1304535.92,383552.98,56,International,2023-11
3633,BLR-HYD,BLR,HYD,27-10-2023,831,Boeing 737,350,206,732669.46,562019.2,170650.26,58.85714286,Domestic,2023-10
3634,DEL-LHR,DEL,LHR,04-08-2023,680,Airbus A380,150,116,2918763.83,2287409.48,631354.35,77.33333333,International,2023-08
3635,BLR-HYD,BLR,HYD,04-11-2023,250,Airbus A380,250,178,502919.29,411231.24,91688.05,71.2,Domestic,2023-11
3636,BLR-HYD,BLR,HYD,19-12-2023,833,ATR 72,350,234,621143.53,500265.42,120878.11,66.85714286,Domestic,2023-12
3637,BOM-NRT,BOM,NRT,01-07-2023,470,Boeing 737,150,126,3965684.44,3089306.51,876377.93,84,International,2023-07
3638,DEL-FRA,DEL,FRA,06-10-2023,284,Boeing 737,180,115,2657891.32,1618834.82,1039056.5,63.88888889,International,2023-10
3639,MAA-CMB,MAA,CMB,26-09-2023,549,Boeing 777,120,64,1414198.26,1361072.98,53125.28,53.33333333,International,2023-09
3640,DEL-AMD,DEL,AMD,08-12-2023,449,Boeing 737,180,109,338310.73,263462.17,74848.56,60.55555556,Domestic,2023-12
3641,CCU-KUL,CCU,KUL,06-08-2023,269,Airbus A320,120,72,2174374.88,1289341.3,885033.58,60,International,2023-08
3642,DEL-FRA,DEL,FRA,02-08-2023,857,Boeing 737,180,97,2916221.08,2259359.65,656861.43,53.88888889,International,2023-08
3643,DEL-AMD,DEL,AMD,19-09-2023,292,Boeing 737,350,231,775549.16,622687.58,152861.58,66,Domestic,2023-09
3644,BOM-BKK,BOM,BKK,15-05-2023,550,Boeing 737,180,118,3027480.59,3439746.04,-412265.45,65.55555556,International,2023-05
3645,BLR-SIN,BLR,SIN,31-10-2023,582,Airbus A380,120,67,1893962.51,1927383.03,-33420.52,55.83333333,International,2023-10
3646,HYD-BOM,HYD,BOM,02-01-2023,88,Boeing 777,350,198,718589.63,792116.06,-73526.43,56.57142857,Domestic,2023-01
3647,HYD-BOM,HYD,BOM,25-07-2023,806,Airbus A320,120,102,350673.52,230979.88,119693.64,85,Domestic,2023-07
3648,DEL-MAA,DEL,MAA,28-12-2023,668,Boeing 737,150,105,262896.06,196619.52,66276.54,70,Domestic,2023-12
3649,HYD-BOM,HYD,BOM,24-05-2023,125,Boeing 737,180,85,317652.5,305376.74,12275.76,47.22222222,Domestic,2023-05
3650,BOM-NRT,BOM,NRT,18-02-2023,143,ATR 72,250,135,3739965.03,2687013.36,1052951.67,54,International,2023-02
3651,BLR-HYD,BLR,HYD,23-09-2023,257,Boeing 737,120,88,281901.84,253721.06,28180.78,73.33333333,Domestic,2023-09
3652,BLR-SIN,BLR,SIN,30-11-2023,114,Airbus A380,180,145,4043659.11,3992947.58,50711.53,80.55555556,International,2023-11
3653,HYD-DXB,HYD,DXB,02-12-2023,318,ATR 72,250,231,6635366.29,5436205.76,1199160.53,92.4,International,2023-12
3654,DEL-CDG,DEL,CDG,30-01-2023,383,Airbus A320,150,75,1639768.67,1176526.82,463241.85,50,International,2023-01
3655,BOM-BKK,BOM,BKK,21-06-2023,487,Boeing 777,350,294,8318253.48,7242888.75,1075364.73,84,International,2023-06
3656,BLR-HYD,BLR,HYD,05-01-2023,503,Boeing 737,250,140,537798.75,571407.71,-33608.96,56,Domestic,2023-01
3657,BOM-DXB,BOM,DXB,28-07-2023,309,Boeing 737,250,139,2976236.82,2701906.98,274329.84,55.6,International,2023-07
3658,DEL-LHR,DEL,LHR,30-06-2023,519,Airbus A320,250,126,3647731.8,3338701.27,309030.53,50.4,International,2023-06
3659,CCU-DEL,CCU,DEL,07-09-2023,634,ATR 72,120,59,230720.94,156141.66,74579.28,49.16666667,Domestic,2023-09
3660,BOM-NRT,BOM,NRT,28-11-2023,654,ATR 72,120,78,2704294.86,1757828.97,946465.89,65,International,2023-11
3661,DEL-BLR,DEL,BLR,28-02-2023,841,Airbus A320,120,85,269180.79,227794.51,41386.28,70.83333333,Domestic,2023-02
3662,CCU-DEL,CCU,DEL,16-12-2023,772,Airbus A320,120,78,299867.59,289261.83,10605.76,65,Domestic,2023-12
3663,BOM-BKK,BOM,BKK,03-03-2023,881,Airbus A320,120,83,2731923.63,2042532.96,689390.67,69.16666667,International,2023-03
3664,BOM-NRT,BOM,NRT,19-01-2023,832,Boeing 737,180,146,4748198.45,3302863.78,1445334.67,81.11111111,International,2023-01
3665,BOM-GOI,BOM,GOI,04-11-2023,425,Boeing 777,180,130,389900.54,267060.22,122840.32,72.22222222,Domestic,2023-11
3666,BOM-BKK,BOM,BKK,01-05-2023,756,ATR 72,350,259,8407910.66,5396946.69,3010963.97,74,International,2023-05
3667,MAA-BLR,MAA,BLR,22-04-2023,678,Airbus A320,150,139,528054.37,573037.04,-44982.67,92.66666667,Domestic,2023-04
3668,BLR-HYD,BLR,HYD,13-08-2023,888,Boeing 777,120,107,391728.6,258757.76,132970.84,89.16666667,Domestic,2023-08
3669,MAA-CMB,MAA,CMB,04-02-2023,704,Boeing 777,250,227,7597793.16,8302581.07,-704787.91,90.8,International,2023-02
3670,BLR-HYD,BLR,HYD,27-12-2023,246,Airbus A320,250,219,573500.93,501928.01,71572.92,87.6,Domestic,2023-12
3671,HYD-BOM,HYD,BOM,20-10-2023,672,Boeing 777,180,105,407889.96,401362.39,6527.57,58.33333333,Domestic,2023-10
3672,MAA-CMB,MAA,CMB,09-05-2023,385,Airbus A320,120,73,1698302.72,987788.5,710514.22,60.83333333,International,2023-05
3673,HYD-BOM,HYD,BOM,05-01-2023,850,Airbus A380,350,231,829442.36,624242.42,205199.94,66,Domestic,2023-01
3674,DEL-CDG,DEL,CDG,24-01-2023,726,ATR 72,250,204,5015912.77,5412960.24,-397047.47,81.6,International,2023-01
3675,BOM-NRT,BOM,NRT,03-10-2023,535,Airbus A320,180,168,3440918.33,3926648.32,-485729.99,93.33333333,International,2023-10
3676,DEL-CDG,DEL,CDG,06-11-2023,240,Boeing 737,250,176,5569695.53,3692204.02,1877491.51,70.4,International,2023-11
3677,BOM-CCU,BOM,CCU,03-08-2023,470,ATR 72,120,58,160726.84,181266.87,-20540.03,48.33333333,Domestic,2023-08
3678,CCU-KUL,CCU,KUL,09-04-2023,499,Airbus A380,120,84,1851467.65,1550221.05,301246.6,70,International,2023-04
3679,HYD-BOM,HYD,BOM,28-12-2023,360,Boeing 737,150,91,324944.73,304734.34,20210.39,60.66666667,Domestic,2023-12
3680,MAA-BLR,MAA,BLR,18-02-2023,764,ATR 72,350,320,1251543.88,860712.35,390831.53,91.42857143,Domestic,2023-02
3681,DEL-BLR,DEL,BLR,30-07-2023,749,Airbus A320,150,125,397622.89,292302.4,105320.49,83.33333333,Domestic,2023-07
3682,BOM-DEL,BOM,DEL,18-02-2023,617,Boeing 737,180,108,291897.28,293785.14,-1887.86,60,Domestic,2023-02
3683,MAA-CMB,MAA,CMB,19-05-2023,219,Boeing 737,150,122,2887710.83,3038075.16,-150364.33,81.33333333,International,2023-05
3684,DEL-LHR,DEL,LHR,04-01-2023,774,ATR 72,180,122,3082398.23,3349541.53,-267143.3,67.77777778,International,2023-01
3685,BOM-CCU,BOM,CCU,02-03-2023,744,ATR 72,250,199,828591.13,662804.18,165786.95,79.6,Domestic,2023-03
3686,MAA-BLR,MAA,BLR,05-01-2023,687,ATR 72,180,90,296188.83,197096.87,99091.96,50,Domestic,2023-01
3687,MAA-CMB,MAA,CMB,14-11-2023,783,Boeing 737,150,104,2579073.63,2704135.01,-125061.38,69.33333333,International,2023-11
3688,DEL-MAA,DEL,MAA,03-06-2023,392,Boeing 737,350,167,674135.11,443210.16,230924.95,47.71428571,Domestic,2023-06
3689,BOM-CCU,BOM,CCU,08-12-2023,858,Boeing 737,120,94,279457.38,207277.73,72179.65,78.33333333,Domestic,2023-12
3690,MAA-BLR,MAA,BLR,03-04-2023,827,ATR 72,350,341,840025.8,944261.36,-104235.56,97.42857143,Domestic,2023-04
3691,HYD-BOM,HYD,BOM,03-09-2023,451,Airbus A380,250,189,772211.4,620901.15,151310.25,75.6,Domestic,2023-09
3692,BOM-GOI,BOM,GOI,27-03-2023,643,Boeing 777,150,85,262709.67,234129.14,28580.53,56.66666667,Domestic,2023-03
3693,BOM-CCU,BOM,CCU,03-02-2023,700,ATR 72,150,115,279362.22,257758.26,21603.96,76.66666667,Domestic,2023-02
3694,HYD-BOM,HYD,BOM,06-06-2023,189,Boeing 777,150,90,277324.57,264570.01,12754.56,60,Domestic,2023-06
3695,HYD-DXB,HYD,DXB,07-04-2023,336,Airbus A380,150,83,2033385.43,1749596.8,283788.63,55.33333333,International,2023-04
3696,DEL-CDG,DEL,CDG,28-04-2023,303,Boeing 777,150,105,2261481,2542446.8,-280965.8,70,International,2023-04
3697,HYD-DXB,HYD,DXB,15-07-2023,506,ATR 72,180,150,4142393.28,4207129.18,-64735.9,83.33333333,International,2023-07
3698,DEL-LHR,DEL,LHR,28-05-2023,239,Boeing 777,150,125,2831115.72,3160278.14,-329162.42,83.33333333,International,2023-05
3699,DEL-MAA,DEL,MAA,11-10-2023,397,Boeing 777,120,82,226940.28,236634.15,-9693.87,68.33333333,Domestic,2023-10
3700,BOM-DEL,BOM,DEL,23-10-2023,415,Airbus A320,350,275,1123293.66,1161683.79,-38390.13,78.57142857,Domestic,2023-10
3701,DEL-LHR,DEL,LHR,08-11-2023,338,Airbus A380,120,69,1821862.2,1990538.02,-168675.82,57.5,International,2023-11
3702,BOM-BKK,BOM,BKK,26-05-2023,394,Airbus A320,180,138,4497779.21,3743026.95,754752.26,76.66666667,International,2023-05
3703,BOM-DXB,BOM,DXB,23-01-2023,324,Airbus A380,120,105,2923778.05,1616025.14,1307752.91,87.5,International,2023-01
3704,BOM-NRT,BOM,NRT,29-10-2023,408,Boeing 777,150,111,3800984.03,2574634.24,1226349.79,74,International,2023-10
3705,MAA-BLR,MAA,BLR,26-05-2023,817,ATR 72,250,200,665884.13,539487.98,126396.15,80,Domestic,2023-05
3706,DEL-FRA,DEL,FRA,29-10-2023,611,ATR 72,350,205,4150433.43,4027903.22,122530.21,58.57142857,International,2023-10
3707,DEL-FRA,DEL,FRA,25-12-2023,717,Boeing 737,250,189,4020985.01,2840895.68,1180089.33,75.6,International,2023-12
3708,DEL-FRA,DEL,FRA,12-02-2023,142,Boeing 737,150,130,3108384.43,3483997.51,-375613.08,86.66666667,International,2023-02
3709,DEL-FRA,DEL,FRA,22-02-2023,404,Airbus A380,250,222,5834708.33,5757324.79,77383.54,88.8,International,2023-02
3710,BOM-DEL,BOM,DEL,01-12-2023,406,Boeing 737,350,292,922801.61,518616.06,404185.55,83.42857143,Domestic,2023-12
3711,BLR-HYD,BLR,HYD,16-07-2023,563,Boeing 777,180,134,496036.93,326601.23,169435.7,74.44444444,Domestic,2023-07
3712,DEL-AMD,DEL,AMD,22-12-2023,272,Boeing 777,350,322,1342768.63,1202167.6,140601.03,92,Domestic,2023-12
3713,BOM-DXB,BOM,DXB,10-01-2023,344,Boeing 777,120,95,3013694.27,2396239.83,617454.44,79.16666667,International,2023-01
3714,BOM-NRT,BOM,NRT,28-04-2023,556,Boeing 777,180,85,2751650.61,2750643.43,1007.18,47.22222222,International,2023-04
3715,MAA-BLR,MAA,BLR,02-04-2023,874,ATR 72,250,122,475383.96,414646.83,60737.13,48.8,Domestic,2023-04
3716,BOM-GOI,BOM,GOI,19-06-2023,880,Airbus A380,120,73,179574.64,112778.59,66796.05,60.83333333,Domestic,2023-06
3717,DEL-BLR,DEL,BLR,16-12-2023,306,ATR 72,180,164,688502.43,555414.6,133087.83,91.11111111,Domestic,2023-12
3718,BOM-GOI,BOM,GOI,12-07-2023,368,ATR 72,120,94,354292.02,247870.1,106421.92,78.33333333,Domestic,2023-07
3719,DEL-AMD,DEL,AMD,21-10-2023,310,Airbus A380,350,318,1147379.53,765895.81,381483.72,90.85714286,Domestic,2023-10
3720,HYD-DXB,HYD,DXB,29-06-2023,286,Boeing 737,120,55,1165559.76,1175439.41,-9879.65,45.83333333,International,2023-06
3721,DEL-FRA,DEL,FRA,09-10-2023,651,Airbus A380,350,219,7556062.91,6923121.26,632941.65,62.57142857,International,2023-10
3722,CCU-DEL,CCU,DEL,01-01-2023,837,Boeing 777,350,316,842258.04,902004.52,-59746.48,90.28571429,Domestic,2023-01
3723,CCU-KUL,CCU,KUL,24-08-2023,418,ATR 72,250,213,4415828.63,3001619.47,1414209.16,85.2,International,2023-08
3724,BOM-DXB,BOM,DXB,01-08-2023,210,Boeing 737,150,126,2927544.38,2144211.82,783332.56,84,International,2023-08
3725,DEL-AMD,DEL,AMD,19-04-2023,703,ATR 72,180,119,452865.14,351655.21,101209.93,66.11111111,Domestic,2023-04
3726,HYD-BOM,HYD,BOM,30-04-2023,167,ATR 72,120,96,256413.18,175235.38,81177.8,80,Domestic,2023-04
3727,DEL-FRA,DEL,FRA,14-12-2023,491,Boeing 737,250,207,6446346.22,3730438.03,2715908.19,82.8,International,2023-12
3728,HYD-BOM,HYD,BOM,05-03-2023,517,Boeing 777,180,163,526452.73,569456.11,-43003.38,90.55555556,Domestic,2023-03
3729,BOM-GOI,BOM,GOI,12-12-2023,483,Airbus A320,250,144,447313.53,390464.3,56849.23,57.6,Domestic,2023-12
3730,DEL-BLR,DEL,BLR,18-09-2023,688,ATR 72,350,248,816568.84,833009.62,-16440.78,70.85714286,Domestic,2023-09
3731,DEL-LHR,DEL,LHR,10-11-2023,339,Boeing 777,150,142,4627732.02,4524613.57,103118.45,94.66666667,International,2023-11
3732,DEL-MAA,DEL,MAA,28-10-2023,422,Airbus A320,250,211,805382.92,867322.16,-61939.24,84.4,Domestic,2023-10
3733,BOM-DEL,BOM,DEL,03-05-2023,547,Airbus A380,250,168,546936.71,309026.52,237910.19,67.2,Domestic,2023-05
3734,DEL-MAA,DEL,MAA,12-01-2023,551,Airbus A380,250,159,469785.48,383857.63,85927.85,63.6,Domestic,2023-01
3735,CCU-DEL,CCU,DEL,02-06-2023,150,Boeing 737,180,152,574522.81,540651.48,33871.33,84.44444444,Domestic,2023-06
3736,CCU-DEL,CCU,DEL,31-01-2023,696,ATR 72,120,104,370035.07,213845.78,156189.29,86.66666667,Domestic,2023-01
3737,MAA-BLR,MAA,BLR,18-01-2023,875,Airbus A380,180,119,441103.31,282310.12,158793.19,66.11111111,Domestic,2023-01
3738,DEL-AMD,DEL,AMD,15-05-2023,411,Airbus A320,350,339,1302059.12,1227602.79,74456.33,96.85714286,Domestic,2023-05
3739,BOM-BKK,BOM,BKK,07-07-2023,311,Boeing 777,150,140,4616330.3,2899425.7,1716904.6,93.33333333,International,2023-07
3740,BOM-BKK,BOM,BKK,09-08-2023,92,Boeing 737,120,70,1430348.31,1644505.57,-214157.26,58.33333333,International,2023-08
3741,BOM-CCU,BOM,CCU,05-02-2023,121,Airbus A320,180,136,510848.07,391822.45,119025.62,75.55555556,Domestic,2023-02
3742,BOM-BKK,BOM,BKK,09-02-2023,140,ATR 72,350,250,7218385.14,5698635.94,1519749.2,71.42857143,International,2023-02
3743,BOM-DXB,BOM,DXB,11-02-2023,148,ATR 72,120,97,2403099.68,1631757.21,771342.47,80.83333333,International,2023-02
3744,DEL-FRA,DEL,FRA,22-05-2023,471,Airbus A380,120,73,1795521.86,1470902.96,324618.9,60.83333333,International,2023-05
3745,BOM-CCU,BOM,CCU,19-09-2023,718,Airbus A380,350,247,592826.64,582350.4,10476.24,70.57142857,Domestic,2023-09
3746,BOM-NRT,BOM,NRT,30-07-2023,469,Airbus A380,350,321,9829837.55,5499731.48,4330106.07,91.71428571,International,2023-07
3747,DEL-LHR,DEL,LHR,31-12-2023,196,Boeing 777,250,157,4553939.4,3529104.24,1024835.16,62.8,International,2023-12
3748,HYD-DXB,HYD,DXB,25-11-2023,693,Boeing 737,180,149,4547592.43,4388396.03,159196.4,82.77777778,International,2023-11
3749,BOM-DEL,BOM,DEL,03-04-2023,648,Airbus A320,250,168,489617.65,274386.36,215231.29,67.2,Domestic,2023-04
3750,MAA-BLR,MAA,BLR,04-09-2023,756,Airbus A320,350,256,694917.97,447068.27,247849.7,73.14285714,Domestic,2023-09
3751,MAA-BLR,MAA,BLR,29-01-2023,423,Boeing 737,150,137,459974.95,356783.19,103191.76,91.33333333,Domestic,2023-01
3752,DEL-AMD,DEL,AMD,06-09-2023,374,Airbus A380,150,84,290926.05,175769.72,115156.33,56,Domestic,2023-09
3753,DEL-FRA,DEL,FRA,14-09-2023,407,Airbus A320,180,124,4088423.84,4278814.73,-190390.89,68.88888889,International,2023-09
3754,BOM-DEL,BOM,DEL,07-04-2023,395,ATR 72,180,107,260013.92,282977.01,-22963.09,59.44444444,Domestic,2023-04
3755,BOM-GOI,BOM,GOI,26-04-2023,861,ATR 72,250,197,770062.14,881927,-111864.86,78.8,Domestic,2023-04
3756,MAA-CMB,MAA,CMB,16-12-2023,776,Airbus A380,250,153,5049912.06,4283034.16,766877.9,61.2,International,2023-12
3757,DEL-AMD,DEL,AMD,18-02-2023,268,Boeing 737,150,140,355241.43,339109.78,16131.65,93.33333333,Domestic,2023-02
3758,BOM-DEL,BOM,DEL,14-03-2023,423,ATR 72,180,99,398105.09,450773.17,-52668.08,55,Domestic,2023-03
3759,BOM-DXB,BOM,DXB,01-10-2023,894,Boeing 737,180,101,2962331.16,2566376.86,395954.3,56.11111111,International,2023-10
3760,MAA-CMB,MAA,CMB,06-07-2023,713,Airbus A320,120,85,2467954.71,1866356.99,601597.72,70.83333333,International,2023-07
3761,DEL-CDG,DEL,CDG,14-11-2023,119,ATR 72,350,213,7091385.7,7277122.47,-185736.77,60.85714286,International,2023-11
3762,BOM-CCU,BOM,CCU,29-03-2023,627,Airbus A380,180,115,383397.65,414935.7,-31538.05,63.88888889,Domestic,2023-03
3763,BLR-HYD,BLR,HYD,12-07-2023,531,Boeing 777,350,190,640008.63,713915.82,-73907.19,54.28571429,Domestic,2023-07
3764,BLR-HYD,BLR,HYD,28-10-2023,285,Boeing 777,350,298,1021988.44,897958.89,124029.55,85.14285714,Domestic,2023-10
3765,DEL-BLR,DEL,BLR,29-01-2023,260,ATR 72,120,106,419661.16,278423,141238.16,88.33333333,Domestic,2023-01
3766,DEL-MAA,DEL,MAA,27-12-2023,681,Airbus A320,180,168,434285.61,397353.83,36931.78,93.33333333,Domestic,2023-12
3767,DEL-LHR,DEL,LHR,22-10-2023,534,Airbus A320,120,107,3320486.37,2028694.02,1291792.35,89.16666667,International,2023-10
3768,BOM-CCU,BOM,CCU,21-09-2023,381,Airbus A320,250,232,680072.19,778062.26,-97990.07,92.8,Domestic,2023-09
3769,DEL-AMD,DEL,AMD,25-07-2023,150,Airbus A320,150,74,295169.49,225454.91,69714.58,49.33333333,Domestic,2023-07
3770,CCU-DEL,CCU,DEL,28-01-2023,124,Boeing 777,150,70,175419.64,128825.92,46593.72,46.66666667,Domestic,2023-01
3771,BOM-DEL,BOM,DEL,19-08-2023,511,ATR 72,120,96,247646.87,143256.68,104390.19,80,Domestic,2023-08
3772,BOM-BKK,BOM,BKK,04-07-2023,688,ATR 72,180,144,3555782.11,2929861.71,625920.4,80,International,2023-07
3773,BOM-BKK,BOM,BKK,02-05-2023,827,Boeing 777,180,175,4296886.55,4382185.22,-85298.67,97.22222222,International,2023-05
3774,BOM-GOI,BOM,GOI,02-11-2023,665,Boeing 737,150,99,346992.45,379229.34,-32236.89,66,Domestic,2023-11
3775,MAA-BLR,MAA,BLR,24-06-2023,216,Boeing 737,250,153,389792.19,358949.57,30842.62,61.2,Domestic,2023-06
3776,BLR-HYD,BLR,HYD,12-01-2023,489,Boeing 737,250,242,746561.21,686474.74,60086.47,96.8,Domestic,2023-01
3777,BOM-DEL,BOM,DEL,31-01-2023,831,ATR 72,150,80,228008.46,234857.17,-6848.71,53.33333333,Domestic,2023-01
3778,BLR-HYD,BLR,HYD,27-07-2023,608,Airbus A320,250,221,898386.97,576016.06,322370.91,88.4,Domestic,2023-07
3779,BOM-CCU,BOM,CCU,21-11-2023,890,Airbus A380,180,169,527921.39,496367.58,31553.81,93.88888889,Domestic,2023-11
3780,BLR-SIN,BLR,SIN,13-11-2023,642,Airbus A380,150,69,1580327.09,1126131.66,454195.43,46,International,2023-11
3781,BOM-NRT,BOM,NRT,29-12-2023,148,Boeing 737,120,75,1759193.87,1666359.86,92834.01,62.5,International,2023-12
3782,DEL-LHR,DEL,LHR,10-09-2023,192,Airbus A320,350,273,5661295.1,3797268.65,1864026.45,78,International,2023-09
3783,DEL-MAA,DEL,MAA,16-01-2023,107,Airbus A380,180,134,470103.12,465876.72,4226.4,74.44444444,Domestic,2023-01
3784,MAA-BLR,MAA,BLR,08-04-2023,629,Airbus A380,120,63,190850.1,138775.69,52074.41,52.5,Domestic,2023-04
3785,BOM-GOI,BOM,GOI,23-01-2023,399,ATR 72,120,98,261204.86,242672.72,18532.14,81.66666667,Domestic,2023-01
3786,HYD-DXB,HYD,DXB,24-07-2023,76,Airbus A380,120,72,1470974.31,1507420.57,-36446.26,60,International,2023-07
3787,BOM-GOI,BOM,GOI,15-05-2023,73,Airbus A380,180,161,643281.29,455503.63,187777.66,89.44444444,Domestic,2023-05
3788,BLR-SIN,BLR,SIN,21-12-2023,681,Boeing 777,120,99,2014591.26,2160396.89,-145805.63,82.5,International,2023-12
3789,HYD-DXB,HYD,DXB,27-10-2023,577,Boeing 777,250,164,4972014.32,3343891.58,1628122.74,65.6,International,2023-10
3790,BLR-HYD,BLR,HYD,19-07-2023,397,Boeing 777,250,219,612543.8,542296.3,70247.5,87.6,Domestic,2023-07
3791,HYD-DXB,HYD,DXB,18-09-2023,582,Airbus A380,250,158,4812498.99,5278317.9,-465818.91,63.2,International,2023-09
3792,DEL-CDG,DEL,CDG,16-11-2023,303,Boeing 737,150,98,3369702.94,2695810.47,673892.47,65.33333333,International,2023-11
3793,DEL-MAA,DEL,MAA,12-03-2023,665,Boeing 737,120,117,449146.14,480982.38,-31836.24,97.5,Domestic,2023-03
3794,MAA-CMB,MAA,CMB,15-07-2023,69,Boeing 777,250,222,5362723.7,5373136.75,-10413.05,88.8,International,2023-07
3795,BOM-CCU,BOM,CCU,23-10-2023,690,Boeing 737,150,107,296728.77,184788.41,111940.36,71.33333333,Domestic,2023-10
3796,MAA-BLR,MAA,BLR,24-09-2023,660,Boeing 777,150,112,460468.87,410610.54,49858.33,74.66666667,Domestic,2023-09
3797,DEL-AMD,DEL,AMD,07-02-2023,663,Boeing 737,180,124,423341.46,244974.06,178367.4,68.88888889,Domestic,2023-02
3798,DEL-LHR,DEL,LHR,30-04-2023,375,Airbus A380,150,112,3228720.25,3485800.58,-257080.33,74.66666667,International,2023-04
3799,BOM-BKK,BOM,BKK,31-08-2023,280,Boeing 737,350,218,5082874.95,4800799.74,282075.21,62.28571429,International,2023-08
3800,BLR-SIN,BLR,SIN,10-09-2023,68,ATR 72,180,163,5116095.32,4054031.09,1062064.23,90.55555556,International,2023-09
3801,HYD-DXB,HYD,DXB,31-07-2023,878,Boeing 777,250,203,4514465.4,4896169.51,-381704.11,81.2,International,2023-07
3802,DEL-LHR,DEL,LHR,06-12-2023,738,ATR 72,150,136,3044054.57,3329404.03,-285349.46,90.66666667,International,2023-12
3803,MAA-CMB,MAA,CMB,01-01-2023,838,Boeing 737,350,198,4689043.95,3168861.28,1520182.67,56.57142857,International,2023-01
3804,BOM-BKK,BOM,BKK,19-09-2023,586,Boeing 777,250,183,4478081.51,4994283.56,-516202.05,73.2,International,2023-09
3805,BOM-BKK,BOM,BKK,06-09-2023,479,Airbus A380,350,160,5477816.16,3928279.62,1549536.54,45.71428571,International,2023-09
3806,MAA-CMB,MAA,CMB,23-04-2023,551,Boeing 777,180,135,4382675.57,3659386.54,723289.03,75,International,2023-04
3807,DEL-MAA,DEL,MAA,10-02-2023,296,Boeing 777,150,73,237953.47,258972.82,-21019.35,48.66666667,Domestic,2023-02
3808,BOM-DXB,BOM,DXB,04-11-2023,703,Airbus A320,350,287,7843184.99,6842939.11,1000245.88,82,International,2023-11
3809,DEL-FRA,DEL,FRA,22-05-2023,149,Boeing 737,180,173,4461077.59,4828641.61,-367564.02,96.11111111,International,2023-05
3810,BOM-GOI,BOM,GOI,08-08-2023,514,Boeing 777,120,107,382358.58,391514.29,-9155.71,89.16666667,Domestic,2023-08
3811,DEL-CDG,DEL,CDG,10-09-2023,494,Boeing 777,180,102,2978086.68,2273339.22,704747.46,56.66666667,International,2023-09
3812,BOM-DXB,BOM,DXB,06-02-2023,845,Boeing 777,250,153,3316104.46,2626293.49,689810.97,61.2,International,2023-02
3813,HYD-DXB,HYD,DXB,03-11-2023,497,Airbus A320,120,112,2323698.23,2610089.42,-286391.19,93.33333333,International,2023-11
3814,DEL-LHR,DEL,LHR,16-09-2023,897,Airbus A320,120,107,2775584.14,1845771.1,929813.04,89.16666667,International,2023-09
3815,DEL-BLR,DEL,BLR,13-02-2023,836,Boeing 777,350,245,869931.92,568527.63,301404.29,70,Domestic,2023-02
3816,MAA-BLR,MAA,BLR,16-03-2023,189,ATR 72,180,153,585283.83,397395.96,187887.87,85,Domestic,2023-03
3817,DEL-CDG,DEL,CDG,27-03-2023,551,Airbus A380,250,185,5275438.59,4547111.58,728327.01,74,International,2023-03
3818,MAA-BLR,MAA,BLR,12-08-2023,730,Boeing 737,120,105,417232.25,472514.26,-55282.01,87.5,Domestic,2023-08
3819,MAA-BLR,MAA,BLR,05-01-2023,872,Airbus A320,150,139,472097.9,280045.49,192052.41,92.66666667,Domestic,2023-01
3820,BOM-DXB,BOM,DXB,23-04-2023,509,Airbus A320,180,156,4353141.54,3439622.07,913519.47,86.66666667,International,2023-04
3821,CCU-KUL,CCU,KUL,23-02-2023,414,Boeing 777,180,107,3553605.65,2690186.76,863418.89,59.44444444,International,2023-02
3822,BOM-NRT,BOM,NRT,20-03-2023,462,Boeing 737,350,322,8780404.2,6237547.27,2542856.93,92,International,2023-03
3823,BLR-SIN,BLR,SIN,21-11-2023,777,Airbus A320,250,130,3826796.48,3825388.52,1407.96,52,International,2023-11
3824,BLR-SIN,BLR,SIN,23-12-2023,872,Boeing 777,350,263,5682452.42,5480863.82,201588.6,75.14285714,International,2023-12
3825,HYD-DXB,HYD,DXB,28-06-2023,478,Airbus A380,150,131,3336106.45,1920076.87,1416029.58,87.33333333,International,2023-06
3826,BOM-CCU,BOM,CCU,02-07-2023,388,Airbus A320,350,203,494365.56,419358.66,75006.9,58,Domestic,2023-07
3827,BOM-DXB,BOM,DXB,13-06-2023,622,Airbus A320,120,112,2888945.95,2311361.86,577584.09,93.33333333,International,2023-06
3828,CCU-DEL,CCU,DEL,07-11-2023,439,Airbus A380,250,197,567476.4,566927.64,548.76,78.8,Domestic,2023-11
3829,BOM-DEL,BOM,DEL,17-08-2023,634,ATR 72,120,106,412789.95,247389.82,165400.13,88.33333333,Domestic,2023-08
3830,BOM-NRT,BOM,NRT,23-12-2023,643,Boeing 737,350,251,6737159.38,5219860.66,1517298.72,71.71428571,International,2023-12
3831,BOM-CCU,BOM,CCU,20-03-2023,646,Boeing 777,180,90,265704.67,270607.33,-4902.66,50,Domestic,2023-03
3832,BOM-DXB,BOM,DXB,16-04-2023,748,Boeing 737,250,234,6855892.91,4502304.7,2353588.21,93.6,International,2023-04
3833,HYD-BOM,HYD,BOM,22-09-2023,859,Boeing 777,350,245,782028.88,633931.25,148097.63,70,Domestic,2023-09
3834,BLR-SIN,BLR,SIN,13-06-2023,656,Boeing 737,250,114,2837705.62,2795623.91,42081.71,45.6,International,2023-06
3835,MAA-BLR,MAA,BLR,29-11-2023,872,Airbus A320,180,102,385407.32,336162.32,49245,56.66666667,Domestic,2023-11
3836,CCU-KUL,CCU,KUL,22-02-2023,404,Airbus A380,350,189,4179349.52,2305344.81,1874004.71,54,International,2023-02
3837,BOM-NRT,BOM,NRT,17-05-2023,846,ATR 72,120,84,2872727.3,2776089.2,96638.1,70,International,2023-05
3838,DEL-AMD,DEL,AMD,27-02-2023,414,Airbus A320,180,137,443868.79,508880.3,-65011.51,76.11111111,Domestic,2023-02
3839,DEL-BLR,DEL,BLR,26-02-2023,186,Boeing 777,180,125,493231.86,498114.78,-4882.92,69.44444444,Domestic,2023-02
3840,DEL-CDG,DEL,CDG,15-05-2023,306,Boeing 737,180,147,4006683.31,2619446.42,1387236.89,81.66666667,International,2023-05
3841,DEL-LHR,DEL,LHR,28-08-2023,572,Boeing 777,250,146,3408919.21,2427893.95,981025.26,58.4,International,2023-08
3842,CCU-KUL,CCU,KUL,08-06-2023,157,Airbus A380,350,218,6481253.24,5383042.47,1098210.77,62.28571429,International,2023-06
3843,DEL-CDG,DEL,CDG,07-12-2023,381,Airbus A320,150,135,3786223.52,4278595.06,-492371.54,90,International,2023-12
3844,DEL-LHR,DEL,LHR,10-10-2023,78,ATR 72,180,127,3678817.86,3861723.61,-182905.75,70.55555556,International,2023-10
3845,DEL-LHR,DEL,LHR,14-09-2023,160,Airbus A380,250,118,3753724.25,4113965.89,-360241.64,47.2,International,2023-09
3846,MAA-BLR,MAA,BLR,18-11-2023,715,Boeing 737,150,100,282900.51,281485.47,1415.04,66.66666667,Domestic,2023-11
3847,DEL-AMD,DEL,AMD,16-08-2023,61,Boeing 777,120,83,236792.43,244871.38,-8078.95,69.16666667,Domestic,2023-08
3848,DEL-FRA,DEL,FRA,21-11-2023,793,Boeing 737,180,150,4108575.1,3713824.56,394750.54,83.33333333,International,2023-11
3849,HYD-BOM,HYD,BOM,29-05-2023,187,ATR 72,180,149,510985.09,586006.08,-75020.99,82.77777778,Domestic,2023-05
3850,HYD-DXB,HYD,DXB,31-12-2023,281,Airbus A380,180,116,3653854.81,2090910.25,1562944.56,64.44444444,International,2023-12
3851,DEL-FRA,DEL,FRA,14-01-2023,255,ATR 72,250,125,2645937.03,2007633.2,638303.83,50,International,2023-01
3852,BOM-DEL,BOM,DEL,04-12-2023,100,Boeing 737,250,211,863456.52,713221.26,150235.26,84.4,Domestic,2023-12
3853,MAA-BLR,MAA,BLR,22-10-2023,94,Airbus A380,350,237,823643.35,919594.13,-95950.78,67.71428571,Domestic,2023-10
3854,BOM-DXB,BOM,DXB,10-06-2023,756,Boeing 737,250,232,5183213.34,5180915.47,2297.87,92.8,International,2023-06
3855,DEL-LHR,DEL,LHR,24-10-2023,889,Airbus A320,350,300,10155059.46,8170073.42,1984986.04,85.71428571,International,2023-10
3856,BLR-SIN,BLR,SIN,13-12-2023,315,Boeing 777,150,130,3549273.73,2463521.27,1085752.46,86.66666667,International,2023-12
3857,DEL-LHR,DEL,LHR,27-12-2023,599,ATR 72,250,118,2462293.47,1543494.27,918799.2,47.2,International,2023-12
3858,MAA-CMB,MAA,CMB,03-10-2023,279,Boeing 777,120,115,2697584.78,2042728.74,654856.04,95.83333333,International,2023-10
3859,BLR-HYD,BLR,HYD,10-04-2023,686,Boeing 737,120,71,176423,146582.34,29840.66,59.16666667,Domestic,2023-04
3860,DEL-AMD,DEL,AMD,26-03-2023,564,Boeing 777,350,199,622738.55,593733.42,29005.13,56.85714286,Domestic,2023-03
3861,HYD-BOM,HYD,BOM,10-06-2023,551,ATR 72,250,171,662852.53,389447.97,273404.56,68.4,Domestic,2023-06
3862,MAA-BLR,MAA,BLR,24-09-2023,82,Airbus A320,120,96,388369.09,370553.3,17815.79,80,Domestic,2023-09
3863,HYD-BOM,HYD,BOM,06-07-2023,852,Airbus A380,180,134,358592.28,374591.68,-15999.4,74.44444444,Domestic,2023-07
3864,HYD-DXB,HYD,DXB,31-03-2023,410,Airbus A320,250,143,4424691.18,4583391.01,-158699.83,57.2,International,2023-03
3865,MAA-BLR,MAA,BLR,29-12-2023,857,Boeing 737,150,137,541858.29,468086.44,73771.85,91.33333333,Domestic,2023-12
3866,BOM-BKK,BOM,BKK,26-10-2023,166,Boeing 737,150,120,4122445.32,4238114.28,-115668.96,80,International,2023-10
3867,BOM-GOI,BOM,GOI,08-02-2023,330,Airbus A320,180,163,627417.52,376177.6,251239.92,90.55555556,Domestic,2023-02
3868,BLR-HYD,BLR,HYD,27-10-2023,560,ATR 72,350,307,817892.24,613327.59,204564.65,87.71428571,Domestic,2023-10
3869,DEL-CDG,DEL,CDG,06-06-2023,463,Boeing 777,250,240,7065037.04,5042380.74,2022656.3,96,International,2023-06
3870,DEL-LHR,DEL,LHR,25-12-2023,279,Airbus A320,180,146,3614286.02,2608958.35,1005327.67,81.11111111,International,2023-12
3871,BOM-CCU,BOM,CCU,26-02-2023,593,Boeing 737,350,280,1057315.24,1023237.76,34077.48,80,Domestic,2023-02
3872,BOM-CCU,BOM,CCU,20-04-2023,451,Airbus A380,150,108,262755.63,197822.53,64933.1,72,Domestic,2023-04
3873,DEL-BLR,DEL,BLR,16-04-2023,625,ATR 72,120,97,270581.3,284787.04,-14205.74,80.83333333,Domestic,2023-04
3874,BOM-BKK,BOM,BKK,20-09-2023,368,Boeing 737,350,301,7281754.35,6174877.08,1106877.27,86,International,2023-09
3875,BOM-CCU,BOM,CCU,14-05-2023,451,Airbus A320,150,69,174853,165607.74,9245.26,46,Domestic,2023-05
3876,HYD-BOM,HYD,BOM,12-04-2023,308,Boeing 777,180,173,695273.22,428827.32,266445.9,96.11111111,Domestic,2023-04
3877,DEL-FRA,DEL,FRA,28-03-2023,614,Airbus A320,250,114,2282769.23,1915266.19,367503.04,45.6,International,2023-03
3878,BLR-SIN,BLR,SIN,30-05-2023,539,Airbus A380,120,100,2015850.66,1618874.68,396975.98,83.33333333,International,2023-05
3879,CCU-KUL,CCU,KUL,11-08-2023,171,ATR 72,150,129,3309913.82,3290973.05,18940.77,86,International,2023-08
3880,DEL-LHR,DEL,LHR,02-01-2023,554,Airbus A380,250,203,4259996.94,3406385.52,853611.42,81.2,International,2023-01
3881,BLR-HYD,BLR,HYD,13-09-2023,210,Boeing 737,180,133,521625.98,410441.99,111183.99,73.88888889,Domestic,2023-09
3882,DEL-BLR,DEL,BLR,03-12-2023,366,Boeing 737,350,229,786327.64,453577.11,332750.53,65.42857143,Domestic,2023-12
3883,BOM-GOI,BOM,GOI,18-07-2023,364,Boeing 777,250,146,463246.25,337755.79,125490.46,58.4,Domestic,2023-07
3884,BOM-NRT,BOM,NRT,10-11-2023,145,Airbus A380,120,74,2485890.17,2489964.3,-4074.13,61.66666667,International,2023-11
3885,DEL-CDG,DEL,CDG,16-12-2023,80,Airbus A380,180,156,4451759.2,5026720.23,-574961.03,86.66666667,International,2023-12
3886,CCU-KUL,CCU,KUL,27-11-2023,75,Airbus A320,180,93,2996019.27,3441915.05,-445895.78,51.66666667,International,2023-11
3887,DEL-CDG,DEL,CDG,19-08-2023,759,Boeing 737,120,89,2764419.57,2140374.56,624045.01,74.16666667,International,2023-08
3888,BOM-NRT,BOM,NRT,21-02-2023,252,Airbus A380,350,183,4734008.27,5314827.55,-580819.28,52.28571429,International,2023-02
3889,DEL-FRA,DEL,FRA,22-05-2023,239,Boeing 737,180,168,3528801.45,2467976.44,1060825.01,93.33333333,International,2023-05
3890,BLR-SIN,BLR,SIN,12-03-2023,859,Boeing 777,150,99,1985119.2,1299338.59,685780.61,66,International,2023-03
3891,BOM-BKK,BOM,BKK,20-10-2023,812,Boeing 737,350,288,7727740.95,7925573.96,-197833.01,82.28571429,International,2023-10
3892,HYD-DXB,HYD,DXB,06-01-2023,204,ATR 72,150,83,2897100.09,2541167.67,355932.42,55.33333333,International,2023-01
3893,HYD-DXB,HYD,DXB,02-06-2023,256,ATR 72,120,54,1373291.09,952498.02,420793.07,45,International,2023-06
3894,BOM-DXB,BOM,DXB,13-02-2023,551,Boeing 777,180,168,4311002.09,2934082.23,1376919.86,93.33333333,International,2023-02
3895,DEL-LHR,DEL,LHR,04-03-2023,86,Airbus A320,120,73,2453544.06,2475857.49,-22313.43,60.83333333,International,2023-03
3896,DEL-MAA,DEL,MAA,06-10-2023,310,Airbus A320,120,90,275558.22,308875.27,-33317.05,75,Domestic,2023-10
3897,BOM-NRT,BOM,NRT,28-12-2023,553,ATR 72,350,159,3706004.7,3835031.77,-129027.07,45.42857143,International,2023-12
3898,DEL-CDG,DEL,CDG,21-08-2023,162,Airbus A380,250,123,3356545.36,1900124.95,1456420.41,49.2,International,2023-08
3899,DEL-BLR,DEL,BLR,26-06-2023,480,ATR 72,250,232,929821.92,680702.98,249118.94,92.8,Domestic,2023-06
3900,DEL-MAA,DEL,MAA,10-05-2023,775,Airbus A380,120,74,305895.09,214745.09,91150,61.66666667,Domestic,2023-05
3901,HYD-BOM,HYD,BOM,21-11-2023,706,ATR 72,350,217,614179.88,479742.61,134437.27,62,Domestic,2023-11
3902,MAA-BLR,MAA,BLR,01-03-2023,834,ATR 72,250,213,665983.12,552015.38,113967.74,85.2,Domestic,2023-03
3903,BOM-BKK,BOM,BKK,01-02-2023,69,Airbus A380,180,102,2536634.03,2847374.94,-310740.91,56.66666667,International,2023-02
3904,BOM-NRT,BOM,NRT,21-08-2023,752,Airbus A320,120,94,2546110.97,1761400.93,784710.04,78.33333333,International,2023-08
3905,HYD-BOM,HYD,BOM,26-04-2023,241,Boeing 777,350,304,1139133.7,1120380.6,18753.1,86.85714286,Domestic,2023-04
3906,DEL-FRA,DEL,FRA,20-06-2023,833,Airbus A380,180,175,4393250.38,4470962.44,-77712.06,97.22222222,International,2023-06
3907,DEL-AMD,DEL,AMD,05-10-2023,347,ATR 72,120,91,333208.98,379835.37,-46626.39,75.83333333,Domestic,2023-10
3908,CCU-DEL,CCU,DEL,01-03-2023,614,Boeing 737,180,117,461167.48,487488.76,-26321.28,65,Domestic,2023-03
3909,BOM-GOI,BOM,GOI,05-09-2023,112,Airbus A380,350,302,1042086.36,1160444.77,-118358.41,86.28571429,Domestic,2023-09
3910,BOM-NRT,BOM,NRT,03-06-2023,882,Airbus A380,250,222,4790269.95,2781877.38,2008392.57,88.8,International,2023-06
3911,BOM-NRT,BOM,NRT,31-08-2023,461,Boeing 777,250,160,4816666.2,3663825.94,1152840.26,64,International,2023-08
3912,BOM-DXB,BOM,DXB,25-08-2023,213,ATR 72,350,304,6771755.12,5298496.76,1473258.36,86.85714286,International,2023-08
3913,BOM-NRT,BOM,NRT,18-04-2023,363,ATR 72,180,106,3692479.14,2085650.57,1606828.57,58.88888889,International,2023-04
3914,CCU-DEL,CCU,DEL,24-10-2023,70,ATR 72,350,205,744868.74,645842.05,99026.69,58.57142857,Domestic,2023-10
3915,DEL-LHR,DEL,LHR,02-08-2023,71,Airbus A380,250,208,6434211.3,4241417.86,2192793.44,83.2,International,2023-08
3916,BOM-BKK,BOM,BKK,04-02-2023,283,ATR 72,150,141,4473481.12,3739001.26,734479.86,94,International,2023-02
3917,DEL-CDG,DEL,CDG,15-08-2023,511,Airbus A380,250,191,5161929.85,5183203.72,-21273.87,76.4,International,2023-08
3918,CCU-DEL,CCU,DEL,19-10-2023,638,Airbus A380,150,97,319576.62,288755.29,30821.33,64.66666667,Domestic,2023-10
3919,DEL-FRA,DEL,FRA,05-02-2023,746,Boeing 737,120,114,3578384.85,4090142.53,-511757.68,95,International,2023-02
3920,BLR-HYD,BLR,HYD,08-03-2023,627,ATR 72,250,135,484547.4,275944.52,208602.88,54,Domestic,2023-03
3921,MAA-CMB,MAA,CMB,01-12-2023,231,Boeing 777,150,80,1831110.84,2041660.11,-210549.27,53.33333333,International,2023-12
3922,HYD-BOM,HYD,BOM,27-01-2023,866,Airbus A320,150,116,472390.61,331305.82,141084.79,77.33333333,Domestic,2023-01
3923,BLR-SIN,BLR,SIN,12-01-2023,866,Airbus A380,120,107,3667852.11,2848848.33,819003.78,89.16666667,International,2023-01
3924,MAA-BLR,MAA,BLR,29-12-2023,292,Boeing 737,250,193,690526.68,458811.83,231714.85,77.2,Domestic,2023-12
3925,DEL-FRA,DEL,FRA,03-10-2023,461,Boeing 777,150,115,2455843.33,2096084.36,359758.97,76.66666667,International,2023-10
3926,HYD-BOM,HYD,BOM,04-09-2023,792,Boeing 737,120,103,406919.48,288481.76,118437.72,85.83333333,Domestic,2023-09
3927,HYD-DXB,HYD,DXB,12-10-2023,404,Boeing 777,350,246,8414732,5867132.83,2547599.17,70.28571429,International,2023-10
3928,BLR-HYD,BLR,HYD,24-10-2023,706,ATR 72,120,70,213625.86,240938.21,-27312.35,58.33333333,Domestic,2023-10
3929,DEL-MAA,DEL,MAA,29-09-2023,881,Boeing 737,180,104,332729.23,334752.08,-2022.85,57.77777778,Domestic,2023-09
3930,DEL-AMD,DEL,AMD,09-03-2023,433,Boeing 777,120,84,331577.54,371604.9,-40027.36,70,Domestic,2023-03
3931,MAA-CMB,MAA,CMB,29-09-2023,712,Airbus A380,350,231,6971818.7,4010370.96,2961447.74,66,International,2023-09
3932,BOM-NRT,BOM,NRT,08-03-2023,232,Boeing 737,150,138,4658300.07,2657604.89,2000695.18,92,International,2023-03
3933,BOM-CCU,BOM,CCU,15-11-2023,794,Boeing 777,350,231,726834.63,490837.61,235997.02,66,Domestic,2023-11
3934,BOM-NRT,BOM,NRT,23-10-2023,737,Airbus A320,350,307,8745786.64,8886084.24,-140297.6,87.71428571,International,2023-10
3935,BOM-GOI,BOM,GOI,23-09-2023,568,Airbus A320,120,70,187845.68,138222.32,49623.36,58.33333333,Domestic,2023-09
3936,DEL-LHR,DEL,LHR,29-07-2023,237,ATR 72,120,84,2519831.61,1979028.13,540803.48,70,International,2023-07
3937,DEL-AMD,DEL,AMD,28-02-2023,497,Boeing 737,150,82,223774.09,197821.83,25952.26,54.66666667,Domestic,2023-02
3938,BOM-DEL,BOM,DEL,30-08-2023,64,Boeing 737,180,88,217746.27,188621.1,29125.17,48.88888889,Domestic,2023-08
3939,DEL-AMD,DEL,AMD,23-06-2023,761,Boeing 737,150,142,378408.88,244272.97,134135.91,94.66666667,Domestic,2023-06
3940,BOM-DEL,BOM,DEL,12-02-2023,800,Airbus A380,180,109,447424.05,264022.22,183401.83,60.55555556,Domestic,2023-02
3941,MAA-BLR,MAA,BLR,29-09-2023,570,ATR 72,150,119,434720.91,253586.7,181134.21,79.33333333,Domestic,2023-09
3942,MAA-BLR,MAA,BLR,27-07-2023,485,Airbus A320,250,154,574650.79,584966.56,-10315.77,61.6,Domestic,2023-07
3943,DEL-LHR,DEL,LHR,29-03-2023,475,ATR 72,250,146,3294074.3,1912145.79,1381928.51,58.4,International,2023-03
3944,BLR-SIN,BLR,SIN,29-01-2023,552,ATR 72,180,108,3039421.72,3383820.82,-344399.1,60,International,2023-01
3945,CCU-DEL,CCU,DEL,14-04-2023,73,ATR 72,180,129,424170.1,462876.52,-38706.42,71.66666667,Domestic,2023-04
3946,MAA-CMB,MAA,CMB,21-04-2023,467,ATR 72,120,81,2586679.47,2764273.57,-177594.1,67.5,International,2023-04
3947,BOM-DXB,BOM,DXB,17-08-2023,668,Airbus A320,150,78,2127949.08,1512407.17,615541.91,52,International,2023-08
3948,MAA-CMB,MAA,CMB,25-06-2023,572,Boeing 737,350,275,5528740.2,4251543.44,1277196.76,78.57142857,International,2023-06
3949,BLR-HYD,BLR,HYD,17-10-2023,502,Airbus A380,350,339,1408808.14,1340601.62,68206.52,96.85714286,Domestic,2023-10
3950,BOM-DEL,BOM,DEL,13-11-2023,192,Boeing 777,120,90,223487.67,236680.47,-13192.8,75,Domestic,2023-11
3951,DEL-MAA,DEL,MAA,09-10-2023,801,Boeing 777,150,86,315538.95,357101.37,-41562.42,57.33333333,Domestic,2023-10
3952,DEL-FRA,DEL,FRA,02-01-2023,335,ATR 72,150,127,3655359.55,3119164.07,536195.48,84.66666667,International,2023-01
3953,BOM-NRT,BOM,NRT,22-02-2023,411,ATR 72,180,168,5402596.3,3222082.5,2180513.8,93.33333333,International,2023-02
3954,CCU-DEL,CCU,DEL,06-11-2023,721,Airbus A380,120,71,191470.86,107537.38,83933.48,59.16666667,Domestic,2023-11
3955,DEL-FRA,DEL,FRA,21-06-2023,530,Boeing 777,120,117,4030367.22,4428745.55,-398378.33,97.5,International,2023-06
3956,DEL-AMD,DEL,AMD,15-10-2023,890,Airbus A380,150,113,303429,190605.49,112823.51,75.33333333,Domestic,2023-10
3957,DEL-CDG,DEL,CDG,10-02-2023,589,ATR 72,150,122,2765405.54,2604683.43,160722.11,81.33333333,International,2023-02
3958,CCU-KUL,CCU,KUL,19-08-2023,301,Airbus A380,250,176,5848132.85,4121353.41,1726779.44,70.4,International,2023-08
3959,CCU-DEL,CCU,DEL,22-11-2023,373,Airbus A320,180,163,573881.37,474866.12,99015.25,90.55555556,Domestic,2023-11
3960,CCU-KUL,CCU,KUL,26-03-2023,678,Airbus A380,180,126,3157985.47,2506367.9,651617.57,70,International,2023-03
3961,DEL-AMD,DEL,AMD,25-04-2023,590,Boeing 737,150,116,397698.79,400776.79,-3078,77.33333333,Domestic,2023-04
3962,HYD-BOM,HYD,BOM,19-05-2023,606,Boeing 737,180,92,298781.09,319243.53,-20462.44,51.11111111,Domestic,2023-05
3963,DEL-BLR,DEL,BLR,17-11-2023,91,Boeing 737,350,210,731332.03,586067.64,145264.39,60,Domestic,2023-11
3964,DEL-LHR,DEL,LHR,05-09-2023,293,Airbus A380,250,129,4280828.49,3396026.34,884802.15,51.6,International,2023-09
3965,DEL-MAA,DEL,MAA,06-03-2023,434,Boeing 777,350,186,457466.13,364854.32,92611.81,53.14285714,Domestic,2023-03
3966,DEL-CDG,DEL,CDG,29-04-2023,114,ATR 72,120,99,2378618.66,2493055.25,-114436.59,82.5,International,2023-04
3967,DEL-BLR,DEL,BLR,21-02-2023,755,Boeing 777,150,104,269954.85,263596.51,6358.34,69.33333333,Domestic,2023-02
3968,DEL-FRA,DEL,FRA,05-04-2023,899,Airbus A320,250,153,3211088.06,2712744.48,498343.58,61.2,International,2023-04
3969,BOM-DXB,BOM,DXB,04-08-2023,645,Boeing 737,120,94,2615601.73,1636122.27,979479.46,78.33333333,International,2023-08
3970,DEL-CDG,DEL,CDG,25-04-2023,282,Boeing 777,350,255,7918878.65,6485760.15,1433118.5,72.85714286,International,2023-04
3971,DEL-AMD,DEL,AMD,25-03-2023,221,ATR 72,350,275,1072861.73,1209862.21,-137000.48,78.57142857,Domestic,2023-03
3972,BOM-DXB,BOM,DXB,12-11-2023,487,Airbus A380,250,216,6903091.19,4138071.72,2765019.47,86.4,International,2023-11
3973,DEL-LHR,DEL,LHR,08-05-2023,669,Boeing 737,150,80,2522977.63,1635180.81,887796.82,53.33333333,International,2023-05
3974,DEL-AMD,DEL,AMD,27-08-2023,806,Airbus A320,250,155,383914.99,257866.26,126048.73,62,Domestic,2023-08
3975,DEL-CDG,DEL,CDG,16-10-2023,76,ATR 72,120,98,2895147.79,2343316.33,551831.46,81.66666667,International,2023-10
3976,DEL-FRA,DEL,FRA,28-07-2023,129,Boeing 777,180,94,2589565.77,1811794.17,777771.6,52.22222222,International,2023-07
3977,BOM-DXB,BOM,DXB,12-06-2023,326,Boeing 737,180,97,2301690.16,1819098.03,482592.13,53.88888889,International,2023-06
3978,CCU-KUL,CCU,KUL,03-11-2023,207,Boeing 737,250,171,4352851.4,4648185.15,-295333.75,68.4,International,2023-11
3979,BOM-NRT,BOM,NRT,26-04-2023,696,Airbus A320,180,172,5204487.54,4112311.82,1092175.72,95.55555556,International,2023-04
3980,BOM-DEL,BOM,DEL,22-05-2023,387,Airbus A320,350,317,1212249.88,1167801.26,44448.62,90.57142857,Domestic,2023-05
3981,BOM-GOI,BOM,GOI,20-09-2023,540,ATR 72,150,94,259123.26,271131.37,-12008.11,62.66666667,Domestic,2023-09
3982,HYD-DXB,HYD,DXB,20-02-2023,286,Airbus A320,120,113,2653991.65,2001725.84,652265.81,94.16666667,International,2023-02
3983,CCU-DEL,CCU,DEL,26-01-2023,245,Airbus A320,250,153,599949.86,384877.57,215072.29,61.2,Domestic,2023-01
3984,CCU-KUL,CCU,KUL,10-05-2023,82,ATR 72,350,226,6942424.07,5728761.73,1213662.34,64.57142857,International,2023-05
3985,DEL-BLR,DEL,BLR,04-05-2023,295,Boeing 777,120,74,187273.37,108416.05,78857.32,61.66666667,Domestic,2023-05
3986,HYD-BOM,HYD,BOM,09-03-2023,394,Boeing 737,120,85,217735.49,243499.25,-25763.76,70.83333333,Domestic,2023-03
3987,BOM-DXB,BOM,DXB,01-10-2023,570,Boeing 737,350,334,8016533.46,9207791.53,-1191258.07,95.42857143,International,2023-10
3988,DEL-BLR,DEL,BLR,20-05-2023,215,Airbus A320,180,171,531448.59,315002.26,216446.33,95,Domestic,2023-05
3989,BOM-NRT,BOM,NRT,14-11-2023,220,Boeing 777,180,162,3559778.05,2454616.95,1105161.1,90,International,2023-11
3990,DEL-BLR,DEL,BLR,06-09-2023,849,ATR 72,120,91,356725.91,372199.73,-15473.82,75.83333333,Domestic,2023-09
3991,DEL-LHR,DEL,LHR,11-01-2023,417,Airbus A320,180,139,3309440.65,3333450.66,-24010.01,77.22222222,International,2023-01
3992,BOM-CCU,BOM,CCU,12-11-2023,790,Airbus A380,120,75,247123.67,248080.11,-956.44,62.5,Domestic,2023-11
3993,DEL-LHR,DEL,LHR,12-09-2023,184,Airbus A380,250,218,4927925.9,4232884.61,695041.29,87.2,International,2023-09
3994,DEL-MAA,DEL,MAA,23-05-2023,479,Airbus A320,120,107,339730.34,338707.18,1023.16,89.16666667,Domestic,2023-05
3995,DEL-MAA,DEL,MAA,08-02-2023,747,ATR 72,180,166,612376.34,424050.97,188325.37,92.22222222,Domestic,2023-02
3996,DEL-MAA,DEL,MAA,05-01-2023,857,Boeing 737,250,170,430386.21,247438.21,182948,68,Domestic,2023-01
3997,DEL-MAA,DEL,MAA,29-01-2023,381,ATR 72,350,279,921189.56,704801.78,216387.78,79.71428571,Domestic,2023-01
3998,BOM-BKK,BOM,BKK,01-11-2023,516,Airbus A380,120,73,2210993.29,2135019.65,75973.64,60.83333333,International,2023-11
3999,BOM-BKK,BOM,BKK,13-01-2023,577,Boeing 737,350,164,3388563.06,3727000.51,-338437.45,46.85714286,International,2023-01
4000,BOM-BKK,BOM,BKK,19-02-2023,111,Airbus A320,350,185,6006185.99,5193350.83,812835.16,52.85714286,International,2023-02
4001,MAA-CMB,MAA,CMB,20-02-2023,610,ATR 72,150,70,2239211.12,2435139.25,-195928.13,46.66666667,International,2023-02
4002,BLR-HYD,BLR,HYD,17-07-2023,308,ATR 72,350,178,736990.08,614560.77,122429.31,50.85714286,Domestic,2023-07
4003,MAA-CMB,MAA,CMB,30-06-2023,150,ATR 72,180,169,5739992.96,3314544.92,2425448.04,93.88888889,International,2023-06
4004,DEL-LHR,DEL,LHR,18-11-2023,96,ATR 72,250,156,4056607.79,3586376.38,470231.41,62.4,International,2023-11
4005,BOM-GOI,BOM,GOI,14-07-2023,550,Airbus A320,350,163,531787.72,342284.87,189502.85,46.57142857,Domestic,2023-07
4006,CCU-KUL,CCU,KUL,22-03-2023,61,ATR 72,120,96,3278841.04,2374634.65,904206.39,80,International,2023-03
4007,DEL-MAA,DEL,MAA,20-11-2023,257,Airbus A380,150,95,276344.75,229273.85,47070.9,63.33333333,Domestic,2023-11
4008,HYD-BOM,HYD,BOM,31-12-2023,859,Boeing 737,350,198,749145.62,683367.84,65777.78,56.57142857,Domestic,2023-12
4009,HYD-DXB,HYD,DXB,03-11-2023,658,ATR 72,180,90,2144659.38,2436687.97,-292028.59,50,International,2023-11
4010,DEL-CDG,DEL,CDG,08-10-2023,269,Airbus A380,250,230,5497732.45,4609758.41,887974.04,92,International,2023-10
4011,BOM-NRT,BOM,NRT,19-01-2023,505,Airbus A380,350,253,6645764.72,5140795.04,1504969.68,72.28571429,International,2023-01
4012,MAA-CMB,MAA,CMB,22-06-2023,841,Airbus A380,120,59,1449324.94,1172017.47,277307.47,49.16666667,International,2023-06
4013,DEL-LHR,DEL,LHR,09-12-2023,682,Boeing 777,250,139,3413152.38,3773844.07,-360691.69,55.6,International,2023-12
4014,BOM-CCU,BOM,CCU,15-09-2023,109,Airbus A380,150,114,303671.99,298162.01,5509.98,76,Domestic,2023-09
4015,DEL-MAA,DEL,MAA,28-06-2023,601,Boeing 777,250,156,596514.82,414062.32,182452.5,62.4,Domestic,2023-06
4016,CCU-KUL,CCU,KUL,27-12-2023,548,Airbus A380,150,68,1564064.13,1215460.64,348603.49,45.33333333,International,2023-12
4017,MAA-CMB,MAA,CMB,04-09-2023,170,ATR 72,150,134,2896539.69,2085226.99,811312.7,89.33333333,International,2023-09
4018,CCU-KUL,CCU,KUL,11-12-2023,217,Boeing 737,120,63,1888223.1,1195429.19,692793.91,52.5,International,2023-12
4019,DEL-LHR,DEL,LHR,29-05-2023,405,Boeing 777,120,95,3320422.4,2415515.78,904906.62,79.16666667,International,2023-05
4020,DEL-BLR,DEL,BLR,17-09-2023,822,Boeing 737,350,266,902008.84,609098.17,292910.67,76,Domestic,2023-09
4021,CCU-KUL,CCU,KUL,25-07-2023,706,Airbus A380,150,108,2934862.8,2159806.09,775056.71,72,International,2023-07
4022,BLR-HYD,BLR,HYD,20-07-2023,279,Boeing 737,150,130,492633.75,344468.43,148165.32,86.66666667,Domestic,2023-07
4023,HYD-BOM,HYD,BOM,10-12-2023,120,Boeing 737,120,90,263150.05,194131.79,69018.26,75,Domestic,2023-12
4024,DEL-CDG,DEL,CDG,07-06-2023,693,Airbus A320,120,85,2941414.26,2108369.91,833044.35,70.83333333,International,2023-06
4025,DEL-FRA,DEL,FRA,18-10-2023,639,Airbus A380,180,175,4584944.79,3587680.61,997264.18,97.22222222,International,2023-10
4026,HYD-DXB,HYD,DXB,14-11-2023,568,Airbus A320,180,90,2617607.84,2032717.15,584890.69,50,International,2023-11
4027,DEL-MAA,DEL,MAA,22-06-2023,218,Airbus A380,180,141,352533.31,228991.59,123541.72,78.33333333,Domestic,2023-06
4028,HYD-BOM,HYD,BOM,20-01-2023,192,Airbus A320,180,84,259394.94,215520.53,43874.41,46.66666667,Domestic,2023-01
4029,BLR-HYD,BLR,HYD,05-04-2023,428,Boeing 737,180,130,484359.45,506465.35,-22105.9,72.22222222,Domestic,2023-04
4030,BLR-HYD,BLR,HYD,22-09-2023,704,Airbus A320,350,321,777317.64,459915.4,317402.24,91.71428571,Domestic,2023-09
4031,BLR-SIN,BLR,SIN,09-08-2023,104,ATR 72,120,108,2512366.01,1573378.85,938987.16,90,International,2023-08
4032,HYD-DXB,HYD,DXB,11-10-2023,360,Boeing 777,250,196,4018917.68,3553222.74,465694.94,78.4,International,2023-10
4033,CCU-DEL,CCU,DEL,02-08-2023,144,Boeing 777,150,105,367573.29,385024.45,-17451.16,70,Domestic,2023-08
4034,DEL-AMD,DEL,AMD,05-06-2023,370,Airbus A320,120,63,241834.35,170665.64,71168.71,52.5,Domestic,2023-06
4035,MAA-CMB,MAA,CMB,18-03-2023,317,ATR 72,350,312,7135718.51,4226471.48,2909247.03,89.14285714,International,2023-03
4036,DEL-FRA,DEL,FRA,01-05-2023,533,Boeing 737,180,116,2713872.95,1612594.25,1101278.7,64.44444444,International,2023-05
4037,BLR-HYD,BLR,HYD,30-09-2023,92,Airbus A320,250,202,714340.12,740987.86,-26647.74,80.8,Domestic,2023-09
4038,MAA-BLR,MAA,BLR,04-03-2023,678,Airbus A320,350,233,719928.67,406546.86,313381.81,66.57142857,Domestic,2023-03
4039,DEL-FRA,DEL,FRA,17-02-2023,573,ATR 72,120,106,3415186.51,3526325.09,-111138.58,88.33333333,International,2023-02
4040,DEL-CDG,DEL,CDG,06-03-2023,811,Boeing 777,250,239,7205401.21,4581257.12,2624144.09,95.6,International,2023-03
4041,DEL-AMD,DEL,AMD,06-09-2023,479,ATR 72,350,281,781335.42,459452.04,321883.38,80.28571429,Domestic,2023-09
4042,DEL-BLR,DEL,BLR,23-04-2023,328,Boeing 737,180,89,334650.08,287598.68,47051.4,49.44444444,Domestic,2023-04
4043,BLR-HYD,BLR,HYD,15-10-2023,708,Boeing 737,180,81,337761.26,372543.2,-34781.94,45,Domestic,2023-10
4044,HYD-BOM,HYD,BOM,22-03-2023,382,Boeing 737,250,228,821559.16,604528.4,217030.76,91.2,Domestic,2023-03
4045,DEL-FRA,DEL,FRA,20-01-2023,574,Boeing 777,250,112,3491331.46,3580119.3,-88787.84,44.8,International,2023-01
4046,BLR-SIN,BLR,SIN,21-08-2023,162,Boeing 777,350,242,5612028.88,3159957.07,2452071.81,69.14285714,International,2023-08
4047,BLR-HYD,BLR,HYD,15-05-2023,888,Boeing 777,250,148,481420.65,538141.42,-56720.77,59.2,Domestic,2023-05
4048,DEL-MAA,DEL,MAA,23-08-2023,395,Airbus A380,350,207,517163.58,509605.93,7557.65,59.14285714,Domestic,2023-08
4049,BOM-DEL,BOM,DEL,24-04-2023,279,Airbus A380,180,105,370576.26,340212.03,30364.23,58.33333333,Domestic,2023-04
4050,HYD-DXB,HYD,DXB,19-08-2023,63,ATR 72,150,87,1879038.12,1291379.5,587658.62,58,International,2023-08
4051,DEL-CDG,DEL,CDG,28-05-2023,151,Airbus A320,250,240,5054910.14,5308026.71,-253116.57,96,International,2023-05
4052,BOM-DEL,BOM,DEL,25-04-2023,231,Airbus A380,250,158,646622.22,628318.83,18303.39,63.2,Domestic,2023-04
4053,MAA-CMB,MAA,CMB,24-01-2023,416,Airbus A380,250,144,4360561.41,2493035.09,1867526.32,57.6,International,2023-01
4054,BOM-DEL,BOM,DEL,01-10-2023,677,Airbus A380,180,109,415971.23,270150.92,145820.31,60.55555556,Domestic,2023-10
4055,HYD-BOM,HYD,BOM,22-07-2023,98,Airbus A380,180,83,241166.28,174690.21,66476.07,46.11111111,Domestic,2023-07
4056,HYD-DXB,HYD,DXB,24-07-2023,535,ATR 72,180,164,4211284.72,3922165.58,289119.14,91.11111111,International,2023-07
4057,BOM-NRT,BOM,NRT,23-09-2023,665,Boeing 777,350,204,4292169.32,2391898.18,1900271.14,58.28571429,International,2023-09
4058,HYD-BOM,HYD,BOM,27-07-2023,887,Boeing 737,120,116,470778.54,387731.77,83046.77,96.66666667,Domestic,2023-07
4059,DEL-FRA,DEL,FRA,03-01-2023,831,Boeing 737,250,176,6043194.07,6447928.25,-404734.18,70.4,International,2023-01
4060,CCU-KUL,CCU,KUL,10-06-2023,647,Boeing 777,350,194,4467787.75,5111766.86,-643979.11,55.42857143,International,2023-06
4061,DEL-BLR,DEL,BLR,16-08-2023,600,Boeing 737,120,113,286228.08,175735.53,110492.55,94.16666667,Domestic,2023-08
4062,BOM-BKK,BOM,BKK,27-01-2023,97,Boeing 777,350,161,5446421.44,3871478.2,1574943.24,46,International,2023-01
4063,DEL-AMD,DEL,AMD,14-02-2023,889,Boeing 777,180,162,512110.08,367484.89,144625.19,90,Domestic,2023-02
4064,HYD-BOM,HYD,BOM,30-04-2023,741,ATR 72,180,144,534922.6,610323.23,-75400.63,80,Domestic,2023-04
4065,BOM-DXB,BOM,DXB,11-07-2023,225,Airbus A320,350,340,9248229.1,8858172.21,390056.89,97.14285714,International,2023-07
4066,CCU-DEL,CCU,DEL,30-04-2023,428,Airbus A320,120,109,410149.16,302144.59,108004.57,90.83333333,Domestic,2023-04
4067,BOM-NRT,BOM,NRT,26-10-2023,244,Airbus A380,250,242,5618425.7,4391081.15,1227344.55,96.8,International,2023-10
4068,BLR-HYD,BLR,HYD,11-11-2023,549,Airbus A380,150,75,241348.04,271979.31,-30631.27,50,Domestic,2023-11
4069,DEL-AMD,DEL,AMD,07-08-2023,771,Airbus A320,180,129,476239.94,305432.63,170807.31,71.66666667,Domestic,2023-08
4070,CCU-DEL,CCU,DEL,14-10-2023,417,ATR 72,250,226,936893.85,652228.77,284665.08,90.4,Domestic,2023-10
4071,DEL-CDG,DEL,CDG,20-03-2023,550,Airbus A380,350,241,5154346.92,5003722.6,150624.32,68.85714286,International,2023-03
4072,HYD-BOM,HYD,BOM,21-05-2023,650,Airbus A320,120,110,359357.8,328947.08,30410.72,91.66666667,Domestic,2023-05
4073,DEL-FRA,DEL,FRA,18-01-2023,500,Boeing 737,180,115,3405869.74,2849400.25,556469.49,63.88888889,International,2023-01
4074,HYD-BOM,HYD,BOM,13-06-2023,533,ATR 72,150,76,280499.09,219672.5,60826.59,50.66666667,Domestic,2023-06
4075,BOM-DXB,BOM,DXB,13-01-2023,462,ATR 72,350,271,9218591.19,7122252.76,2096338.43,77.42857143,International,2023-01
4076,MAA-BLR,MAA,BLR,21-07-2023,369,Airbus A380,150,132,443943.27,402914.95,41028.32,88,Domestic,2023-07
4077,BOM-DEL,BOM,DEL,22-02-2023,363,Boeing 777,180,127,498413.92,343140.99,155272.93,70.55555556,Domestic,2023-02
4078,HYD-BOM,HYD,BOM,09-05-2023,737,Airbus A320,250,204,850259.72,837148,13111.72,81.6,Domestic,2023-05
4079,BLR-SIN,BLR,SIN,23-07-2023,825,ATR 72,150,96,2101646.19,2207255.16,-105608.97,64,International,2023-07
4080,DEL-BLR,DEL,BLR,18-06-2023,84,ATR 72,150,98,244654.33,141592.78,103061.55,65.33333333,Domestic,2023-06
4081,BOM-CCU,BOM,CCU,26-02-2023,743,Boeing 737,120,106,335324.46,267980.21,67344.25,88.33333333,Domestic,2023-02
4082,BOM-NRT,BOM,NRT,24-08-2023,257,ATR 72,180,156,5384986.3,5375245.15,9741.15,86.66666667,International,2023-08
4083,HYD-DXB,HYD,DXB,11-02-2023,202,Boeing 737,150,67,2015948.88,1781342.23,234606.65,44.66666667,International,2023-02
4084,DEL-MAA,DEL,MAA,02-12-2023,842,Airbus A320,350,315,1133627.34,878879.51,254747.83,90,Domestic,2023-12
4085,BOM-NRT,BOM,NRT,16-11-2023,112,ATR 72,250,175,4016185.65,4455157.35,-438971.7,70,International,2023-11
4086,BOM-CCU,BOM,CCU,01-02-2023,330,Boeing 777,350,180,651111.17,726875.32,-75764.15,51.42857143,Domestic,2023-02
4087,DEL-FRA,DEL,FRA,18-11-2023,310,Airbus A380,180,173,5340439.08,3162204.14,2178234.94,96.11111111,International,2023-11
4088,DEL-MAA,DEL,MAA,06-03-2023,133,ATR 72,350,182,482568.71,384315.99,98252.72,52,Domestic,2023-03
4089,BOM-CCU,BOM,CCU,27-09-2023,804,Airbus A380,180,92,284457.71,265354.95,19102.76,51.11111111,Domestic,2023-09
4090,HYD-BOM,HYD,BOM,15-01-2023,219,Airbus A320,250,147,383591.1,355464.22,28126.88,58.8,Domestic,2023-01
4091,DEL-CDG,DEL,CDG,03-05-2023,493,ATR 72,150,92,2703432.68,2445614.29,257818.39,61.33333333,International,2023-05
4092,BOM-BKK,BOM,BKK,25-08-2023,504,Boeing 777,120,107,2376483.8,2421474.02,-44990.22,89.16666667,International,2023-08
4093,BOM-CCU,BOM,CCU,20-10-2023,811,Airbus A320,150,145,384517.03,419054.18,-34537.15,96.66666667,Domestic,2023-10
4094,DEL-MAA,DEL,MAA,22-11-2023,884,Airbus A380,250,233,632513.17,684909.33,-52396.16,93.2,Domestic,2023-11
4095,HYD-BOM,HYD,BOM,25-08-2023,657,Boeing 777,350,314,1074447.35,1136116.08,-61668.73,89.71428571,Domestic,2023-08
4096,BOM-GOI,BOM,GOI,06-04-2023,380,Airbus A320,350,234,669959.18,489586.65,180372.53,66.85714286,Domestic,2023-04
4097,HYD-DXB,HYD,DXB,23-05-2023,838,Airbus A320,250,214,6622163.71,5370599.66,1251564.05,85.6,International,2023-05
4098,BLR-HYD,BLR,HYD,01-03-2023,136,Boeing 777,150,85,269191.11,151981.24,117209.87,56.66666667,Domestic,2023-03
4099,HYD-DXB,HYD,DXB,13-01-2023,388,ATR 72,250,175,5707391.76,4225515.52,1481876.24,70,International,2023-01
4100,DEL-LHR,DEL,LHR,01-11-2023,751,Boeing 737,250,205,4613215.83,3869976.18,743239.65,82,International,2023-11
4101,CCU-KUL,CCU,KUL,09-11-2023,113,Airbus A320,180,136,4123714.69,2307164.07,1816550.62,75.55555556,International,2023-11
4102,MAA-BLR,MAA,BLR,19-07-2023,301,Airbus A380,150,76,206829.41,203662.21,3167.2,50.66666667,Domestic,2023-07
4103,BLR-SIN,BLR,SIN,22-07-2023,802,Boeing 737,150,79,1963941.05,1430090.87,533850.18,52.66666667,International,2023-07
4104,MAA-CMB,MAA,CMB,04-01-2023,239,ATR 72,180,113,3309592.28,2947735.84,361856.44,62.77777778,International,2023-01
4105,CCU-KUL,CCU,KUL,28-08-2023,848,Airbus A320,250,241,7699909.53,5138451.6,2561457.93,96.4,International,2023-08
4106,DEL-LHR,DEL,LHR,08-09-2023,652,Boeing 777,180,87,2994979.97,3113803.52,-118823.55,48.33333333,International,2023-09
4107,MAA-BLR,MAA,BLR,20-08-2023,335,Boeing 737,120,58,209713.07,239614.67,-29901.6,48.33333333,Domestic,2023-08
4108,DEL-FRA,DEL,FRA,07-01-2023,283,ATR 72,250,132,3343189.79,3760102.47,-416912.68,52.8,International,2023-01
4109,DEL-FRA,DEL,FRA,09-08-2023,166,Boeing 737,150,96,2720079.82,2687901.25,32178.57,64,International,2023-08
4110,BOM-GOI,BOM,GOI,16-04-2023,272,Boeing 737,120,88,268460.61,301681.11,-33220.5,73.33333333,Domestic,2023-04
4111,DEL-BLR,DEL,BLR,18-09-2023,776,Airbus A320,350,336,1186382.91,1360230.45,-173847.54,96,Domestic,2023-09
4112,MAA-CMB,MAA,CMB,13-03-2023,583,Airbus A380,150,143,4658712.2,3041068.19,1617644.01,95.33333333,International,2023-03
4113,BLR-HYD,BLR,HYD,21-01-2023,543,ATR 72,350,195,528289.46,430464.02,97825.44,55.71428571,Domestic,2023-01
4114,BOM-BKK,BOM,BKK,30-06-2023,840,Boeing 777,350,222,5052360.37,4209433.36,842927.01,63.42857143,International,2023-06
4115,BOM-DEL,BOM,DEL,02-02-2023,691,Airbus A380,120,89,235663.82,196066.68,39597.14,74.16666667,Domestic,2023-02
4116,BOM-CCU,BOM,CCU,12-08-2023,758,Airbus A320,250,193,612540.99,663267.97,-50726.98,77.2,Domestic,2023-08
4117,BLR-SIN,BLR,SIN,17-06-2023,127,Airbus A320,350,293,7298210.31,5467893.24,1830317.07,83.71428571,International,2023-06
4118,BOM-DEL,BOM,DEL,10-01-2023,432,Boeing 737,120,86,302135.04,291010.84,11124.2,71.66666667,Domestic,2023-01
4119,MAA-BLR,MAA,BLR,30-12-2023,191,Airbus A320,250,228,632559.6,365995.09,266564.51,91.2,Domestic,2023-12
4120,CCU-DEL,CCU,DEL,03-08-2023,70,Airbus A380,150,77,229462.3,147343.35,82118.95,51.33333333,Domestic,2023-08
4121,HYD-DXB,HYD,DXB,29-04-2023,62,Airbus A320,180,146,4840970.16,4520725.31,320244.85,81.11111111,International,2023-04
4122,CCU-DEL,CCU,DEL,22-08-2023,398,Airbus A320,350,178,566490.38,506372.41,60117.97,50.85714286,Domestic,2023-08
4123,MAA-CMB,MAA,CMB,16-01-2023,680,Boeing 737,250,206,4803240.82,3858040.47,945200.35,82.4,International,2023-01
4124,BOM-BKK,BOM,BKK,10-11-2023,454,ATR 72,250,208,5113312.08,3575419.77,1537892.31,83.2,International,2023-11
4125,BOM-DEL,BOM,DEL,11-05-2023,442,Boeing 777,180,87,211753.46,129117.54,82635.92,48.33333333,Domestic,2023-05
4126,BLR-SIN,BLR,SIN,16-05-2023,654,Airbus A380,120,55,1550941.3,1123020.96,427920.34,45.83333333,International,2023-05
4127,BOM-DXB,BOM,DXB,10-10-2023,88,Boeing 737,180,150,3213713.31,2552749.13,660964.18,83.33333333,International,2023-10
4128,DEL-MAA,DEL,MAA,25-10-2023,482,Airbus A320,350,158,416056.51,252769.13,163287.38,45.14285714,Domestic,2023-10
4129,DEL-LHR,DEL,LHR,04-01-2023,385,Boeing 737,350,336,8776044.96,7844796.28,931248.68,96,International,2023-01
4130,BOM-BKK,BOM,BKK,20-02-2023,808,Airbus A320,120,74,1660295.78,1243312.45,416983.33,61.66666667,International,2023-02
4131,BOM-GOI,BOM,GOI,24-12-2023,310,Airbus A320,150,120,499597.54,555187.28,-55589.74,80,Domestic,2023-12
4132,BOM-DXB,BOM,DXB,15-09-2023,621,Airbus A320,250,198,5848804.23,4041564.6,1807239.63,79.2,International,2023-09
4133,MAA-BLR,MAA,BLR,30-01-2023,776,Boeing 777,250,244,662177.5,499227.15,162950.35,97.6,Domestic,2023-01
4134,CCU-DEL,CCU,DEL,02-11-2023,432,Boeing 737,120,59,238734.28,242500.58,-3766.3,49.16666667,Domestic,2023-11
4135,BOM-DXB,BOM,DXB,13-06-2023,578,Airbus A380,150,104,3178433.96,2801147.4,377286.56,69.33333333,International,2023-06
4136,BOM-GOI,BOM,GOI,25-07-2023,101,Airbus A320,120,116,336104.05,303346.22,32757.83,96.66666667,Domestic,2023-07
4137,HYD-BOM,HYD,BOM,11-01-2023,320,Boeing 777,350,322,1066946.31,1039226.19,27720.12,92,Domestic,2023-01
4138,BOM-NRT,BOM,NRT,30-08-2023,180,ATR 72,250,121,4033257.12,4259267.91,-226010.79,48.4,International,2023-08
4139,DEL-MAA,DEL,MAA,02-04-2023,683,Airbus A320,180,172,514496.41,496634.06,17862.35,95.55555556,Domestic,2023-04
4140,DEL-AMD,DEL,AMD,05-12-2023,808,Boeing 777,350,320,794032.65,787578.23,6454.42,91.42857143,Domestic,2023-12
4141,DEL-LHR,DEL,LHR,16-10-2023,476,Airbus A380,180,123,3566233.16,4063839.15,-497605.99,68.33333333,International,2023-10
4142,BOM-CCU,BOM,CCU,24-02-2023,756,Airbus A320,250,243,932018.18,637593.46,294424.72,97.2,Domestic,2023-02
4143,DEL-AMD,DEL,AMD,19-06-2023,538,Airbus A380,150,102,290720.95,293695.77,-2974.82,68,Domestic,2023-06
4144,BLR-HYD,BLR,HYD,14-02-2023,458,Boeing 737,350,263,1053568.54,804912.69,248655.85,75.14285714,Domestic,2023-02
4145,HYD-DXB,HYD,DXB,20-10-2023,535,Boeing 737,120,109,3257951.5,3676781.93,-418830.43,90.83333333,International,2023-10
4146,BOM-GOI,BOM,GOI,01-03-2023,855,Airbus A320,150,97,323886.71,329104.96,-5218.25,64.66666667,Domestic,2023-03
4147,DEL-BLR,DEL,BLR,04-01-2023,586,Airbus A320,180,124,449545.35,266224.71,183320.64,68.88888889,Domestic,2023-01
4148,HYD-DXB,HYD,DXB,22-11-2023,651,ATR 72,350,272,6367307.62,6126085.16,241222.46,77.71428571,International,2023-11
4149,CCU-KUL,CCU,KUL,24-05-2023,459,Boeing 737,120,101,3126741.78,2793265.32,333476.46,84.16666667,International,2023-05
4150,CCU-KUL,CCU,KUL,23-10-2023,668,Airbus A320,250,126,4233026.07,3162137.7,1070888.37,50.4,International,2023-10
4151,BLR-SIN,BLR,SIN,25-01-2023,861,Airbus A320,150,108,2946915,2577377.46,369537.54,72,International,2023-01
4152,HYD-DXB,HYD,DXB,13-12-2023,421,Airbus A320,350,225,6669140.97,7442967.48,-773826.51,64.28571429,International,2023-12
4153,DEL-CDG,DEL,CDG,20-09-2023,466,ATR 72,120,88,2772425.67,2815579.57,-43153.9,73.33333333,International,2023-09
4154,BOM-NRT,BOM,NRT,28-08-2023,465,Airbus A320,120,99,3311369.42,1838246.3,1473123.12,82.5,International,2023-08
4155,BOM-DEL,BOM,DEL,29-08-2023,302,Airbus A380,350,210,724144.34,664063.31,60081.03,60,Domestic,2023-08
4156,DEL-AMD,DEL,AMD,22-05-2023,380,Airbus A380,180,163,482067.99,297046.25,185021.74,90.55555556,Domestic,2023-05
4157,DEL-BLR,DEL,BLR,20-08-2023,472,ATR 72,150,126,333117.28,311181.41,21935.87,84,Domestic,2023-08
4158,BOM-DXB,BOM,DXB,26-05-2023,729,Airbus A320,180,154,4998096.02,5728361.12,-730265.1,85.55555556,International,2023-05
4159,BLR-HYD,BLR,HYD,19-12-2023,460,Boeing 737,180,104,358127.16,394570.86,-36443.7,57.77777778,Domestic,2023-12
4160,CCU-DEL,CCU,DEL,09-11-2023,588,Boeing 777,350,294,950122.81,868015.14,82107.67,84,Domestic,2023-11
4161,BOM-NRT,BOM,NRT,08-08-2023,432,ATR 72,180,123,3855424.96,4253149.41,-397724.45,68.33333333,International,2023-08
4162,CCU-KUL,CCU,KUL,18-06-2023,486,ATR 72,120,78,2175709.73,2496841.22,-321131.49,65,International,2023-06
4163,CCU-DEL,CCU,DEL,06-06-2023,753,Boeing 737,250,223,813540.26,475167.31,338372.95,89.2,Domestic,2023-06
4164,DEL-FRA,DEL,FRA,30-11-2023,746,Boeing 737,250,174,4492495.92,4843345.73,-350849.81,69.6,International,2023-11
4165,CCU-DEL,CCU,DEL,11-06-2023,733,Boeing 737,120,85,285794.03,223703.14,62090.89,70.83333333,Domestic,2023-06
4166,BOM-GOI,BOM,GOI,18-03-2023,255,Airbus A320,350,217,526133.27,574807.96,-48674.69,62,Domestic,2023-03
4167,BOM-BKK,BOM,BKK,25-10-2023,661,ATR 72,180,93,2633284.25,2526032.54,107251.71,51.66666667,International,2023-10
4168,DEL-BLR,DEL,BLR,06-04-2023,289,Boeing 737,150,141,511841,402078.12,109762.88,94,Domestic,2023-04
4169,CCU-DEL,CCU,DEL,23-03-2023,529,Airbus A320,180,147,540913.45,560017.01,-19103.56,81.66666667,Domestic,2023-03
4170,DEL-AMD,DEL,AMD,16-11-2023,521,Airbus A320,180,137,342025.18,216772.98,125252.2,76.11111111,Domestic,2023-11
4171,DEL-MAA,DEL,MAA,06-05-2023,334,Airbus A380,250,122,385884.25,354019.68,31864.57,48.8,Domestic,2023-05
4172,DEL-BLR,DEL,BLR,27-10-2023,308,Boeing 777,180,116,423486.91,483629.13,-60142.22,64.44444444,Domestic,2023-10
4173,DEL-BLR,DEL,BLR,18-03-2023,97,Boeing 737,250,127,362287.52,241550.47,120737.05,50.8,Domestic,2023-03
4174,DEL-AMD,DEL,AMD,16-05-2023,871,Boeing 777,350,208,675208.16,530022.72,145185.44,59.42857143,Domestic,2023-05
4175,BOM-GOI,BOM,GOI,25-02-2023,624,ATR 72,150,141,489935.21,550653.43,-60718.22,94,Domestic,2023-02
4176,DEL-MAA,DEL,MAA,02-09-2023,753,Boeing 737,250,155,494090.25,391879.13,102211.12,62,Domestic,2023-09
4177,DEL-MAA,DEL,MAA,28-03-2023,213,ATR 72,150,119,421043.03,323700.68,97342.35,79.33333333,Domestic,2023-03
4178,DEL-AMD,DEL,AMD,26-05-2023,489,ATR 72,180,104,250418.24,176294.93,74123.31,57.77777778,Domestic,2023-05
4179,DEL-LHR,DEL,LHR,15-06-2023,890,Boeing 777,350,219,4794137.45,3810063.82,984073.63,62.57142857,International,2023-06
4180,BOM-DXB,BOM,DXB,08-08-2023,66,Airbus A380,250,177,4970868.63,5125989.77,-155121.14,70.8,International,2023-08
4181,DEL-AMD,DEL,AMD,21-04-2023,297,Airbus A320,250,166,693065.79,620941.91,72123.88,66.4,Domestic,2023-04
4182,DEL-CDG,DEL,CDG,01-02-2023,329,Airbus A380,120,55,1246803.16,1240691.54,6111.62,45.83333333,International,2023-02
4183,HYD-BOM,HYD,BOM,24-07-2023,639,Airbus A380,150,142,449197.11,497476.18,-48279.07,94.66666667,Domestic,2023-07
4184,BOM-DEL,BOM,DEL,05-04-2023,762,Airbus A320,150,72,230358.29,257848.91,-27490.62,48,Domestic,2023-04
4185,BOM-DEL,BOM,DEL,25-07-2023,166,Airbus A380,350,164,583506.58,641626.62,-58120.04,46.85714286,Domestic,2023-07
4186,BOM-DEL,BOM,DEL,04-02-2023,408,Boeing 737,150,70,194108,205561.54,-11453.54,46.66666667,Domestic,2023-02
4187,MAA-BLR,MAA,BLR,08-06-2023,686,Boeing 737,250,170,553540.73,358779.57,194761.16,68,Domestic,2023-06
4188,BLR-HYD,BLR,HYD,15-07-2023,246,Boeing 737,350,277,1006773.33,1009738.8,-2965.47,79.14285714,Domestic,2023-07
4189,HYD-BOM,HYD,BOM,29-10-2023,812,Boeing 737,350,186,754370.73,769396.27,-15025.54,53.14285714,Domestic,2023-10
4190,DEL-CDG,DEL,CDG,17-03-2023,175,Boeing 737,180,102,2774987.43,1792001.55,982985.88,56.66666667,International,2023-03
4191,BOM-BKK,BOM,BKK,22-01-2023,116,ATR 72,150,137,3789915.64,3567904.88,222010.76,91.33333333,International,2023-01
4192,DEL-FRA,DEL,FRA,24-05-2023,246,Airbus A380,120,74,2168691.21,1614569.54,554121.67,61.66666667,International,2023-05
4193,MAA-CMB,MAA,CMB,02-10-2023,515,Airbus A320,350,330,6907590.56,4601211.07,2306379.49,94.28571429,International,2023-10
4194,BOM-GOI,BOM,GOI,21-12-2023,736,ATR 72,120,115,479036.1,311587.41,167448.69,95.83333333,Domestic,2023-12
4195,BOM-NRT,BOM,NRT,11-10-2023,114,Boeing 777,180,120,3154355.22,2687389.7,466965.52,66.66666667,International,2023-10
4196,BOM-DXB,BOM,DXB,12-03-2023,818,Boeing 777,250,166,5423159.85,4339469.24,1083690.61,66.4,International,2023-03
4197,BOM-DEL,BOM,DEL,28-11-2023,496,Boeing 777,250,133,469453.95,516441.37,-46987.42,53.2,Domestic,2023-11
4198,BOM-DXB,BOM,DXB,01-04-2023,430,Airbus A380,150,103,2779624.54,1946751.89,832872.65,68.66666667,International,2023-04
4199,CCU-KUL,CCU,KUL,08-10-2023,609,Boeing 777,120,82,2636870.12,2556300.16,80569.96,68.33333333,International,2023-10
4200,MAA-BLR,MAA,BLR,02-08-2023,385,Airbus A380,250,173,685347.99,785685.99,-100338,69.2,Domestic,2023-08
4201,BOM-CCU,BOM,CCU,14-03-2023,689,ATR 72,350,270,1111398.95,713397.99,398000.96,77.14285714,Domestic,2023-03
4202,DEL-AMD,DEL,AMD,21-03-2023,468,ATR 72,120,104,275121.14,282821.6,-7700.46,86.66666667,Domestic,2023-03
4203,DEL-MAA,DEL,MAA,25-07-2023,763,Boeing 737,250,146,465387.31,256328.76,209058.55,58.4,Domestic,2023-07
4204,CCU-DEL,CCU,DEL,10-09-2023,136,ATR 72,250,116,359245.81,352183.47,7062.34,46.4,Domestic,2023-09
4205,MAA-CMB,MAA,CMB,21-09-2023,70,Airbus A320,120,97,3342176.41,2643165.49,699010.92,80.83333333,International,2023-09
4206,DEL-AMD,DEL,AMD,30-08-2023,651,Boeing 777,120,63,217270.62,144386.08,72884.54,52.5,Domestic,2023-08
4207,BLR-HYD,BLR,HYD,31-03-2023,839,Boeing 777,150,111,338520.55,385841.99,-47321.44,74,Domestic,2023-03
4208,MAA-BLR,MAA,BLR,12-02-2023,468,Boeing 737,120,90,229867.18,211496.86,18370.32,75,Domestic,2023-02
4209,MAA-BLR,MAA,BLR,12-10-2023,80,ATR 72,250,112,410414.18,341780.07,68634.11,44.8,Domestic,2023-10
4210,HYD-DXB,HYD,DXB,17-12-2023,469,Airbus A380,120,77,1585518.08,1316619.87,268898.21,64.16666667,International,2023-12
4211,BLR-HYD,BLR,HYD,29-01-2023,542,Boeing 777,120,72,201951.63,229220.18,-27268.55,60,Domestic,2023-01
4212,BOM-NRT,BOM,NRT,10-07-2023,809,Airbus A380,350,227,6921415.88,6498309.9,423105.98,64.85714286,International,2023-07
4213,DEL-AMD,DEL,AMD,31-07-2023,145,Boeing 737,180,173,443721.36,490677.62,-46956.26,96.11111111,Domestic,2023-07
4214,BOM-NRT,BOM,NRT,01-01-2023,112,Airbus A380,120,105,2881770.4,2859135.65,22634.75,87.5,International,2023-01
4215,BOM-DEL,BOM,DEL,01-04-2023,72,Boeing 777,120,63,226625.04,201516.71,25108.33,52.5,Domestic,2023-04
4216,BOM-GOI,BOM,GOI,18-12-2023,840,Airbus A320,350,190,484012.67,553640,-69627.33,54.28571429,Domestic,2023-12
4217,BOM-GOI,BOM,GOI,14-11-2023,541,Boeing 777,350,304,988628.62,928375.01,60253.61,86.85714286,Domestic,2023-11
4218,BOM-DXB,BOM,DXB,24-11-2023,295,ATR 72,250,155,5115933.39,5845764.55,-729831.16,62,International,2023-11
4219,DEL-AMD,DEL,AMD,11-05-2023,838,Airbus A320,180,95,341391.23,327146.39,14244.84,52.77777778,Domestic,2023-05
4220,MAA-BLR,MAA,BLR,09-12-2023,724,Airbus A320,120,71,222090.44,137208.25,84882.19,59.16666667,Domestic,2023-12
4221,CCU-DEL,CCU,DEL,14-08-2023,358,Boeing 737,180,89,357471.03,236857.63,120613.4,49.44444444,Domestic,2023-08
4222,DEL-FRA,DEL,FRA,10-11-2023,845,Airbus A320,250,217,6931700.52,5457201.68,1474498.84,86.8,International,2023-11
4223,BOM-NRT,BOM,NRT,18-12-2023,682,Airbus A380,250,183,5701023.69,6215858.96,-514835.27,73.2,International,2023-12
4224,BOM-DEL,BOM,DEL,29-09-2023,387,Boeing 777,250,214,824970.45,680339.15,144631.3,85.6,Domestic,2023-09
4225,DEL-CDG,DEL,CDG,03-12-2023,107,Boeing 777,350,212,6541007.76,5623478.97,917528.79,60.57142857,International,2023-12
4226,BOM-CCU,BOM,CCU,21-05-2023,339,ATR 72,350,163,408308.76,458776.36,-50467.6,46.57142857,Domestic,2023-05
4227,BOM-DXB,BOM,DXB,15-09-2023,470,Airbus A320,180,151,4546248.62,3712126.71,834121.91,83.88888889,International,2023-09
4228,MAA-BLR,MAA,BLR,19-06-2023,87,ATR 72,350,264,841133.95,554807.25,286326.7,75.42857143,Domestic,2023-06
4229,DEL-LHR,DEL,LHR,05-05-2023,384,Airbus A320,250,210,4544233,4956928.07,-412695.07,84,International,2023-05
4230,BOM-CCU,BOM,CCU,21-12-2023,118,ATR 72,180,157,620288.8,699249.03,-78960.23,87.22222222,Domestic,2023-12
4231,MAA-BLR,MAA,BLR,30-07-2023,753,Airbus A380,350,270,972799.65,959314.3,13485.35,77.14285714,Domestic,2023-07
4232,DEL-CDG,DEL,CDG,24-04-2023,898,Airbus A320,120,69,2235689.14,1782358.3,453330.84,57.5,International,2023-04
4233,HYD-DXB,HYD,DXB,07-12-2023,274,Boeing 737,250,208,4779506.05,3417341.86,1362164.19,83.2,International,2023-12
4234,MAA-CMB,MAA,CMB,05-01-2023,837,Boeing 737,150,79,2597234.89,1840967.71,756267.18,52.66666667,International,2023-01
4235,DEL-LHR,DEL,LHR,12-11-2023,567,Airbus A320,120,75,1873367.55,1644796.78,228570.77,62.5,International,2023-11
4236,BOM-GOI,BOM,GOI,22-10-2023,589,Airbus A380,350,317,1170640.09,742822.4,427817.69,90.57142857,Domestic,2023-10
4237,BOM-CCU,BOM,CCU,25-05-2023,541,Boeing 777,350,292,847989.47,621600.24,226389.23,83.42857143,Domestic,2023-05
4238,BOM-DEL,BOM,DEL,31-05-2023,238,ATR 72,150,141,581644.64,488039.05,93605.59,94,Domestic,2023-05
4239,MAA-CMB,MAA,CMB,10-05-2023,758,Airbus A380,150,73,1930609.18,1592379.43,338229.75,48.66666667,International,2023-05
4240,CCU-KUL,CCU,KUL,22-06-2023,608,Boeing 737,180,113,2504176.35,2627651.91,-123475.56,62.77777778,International,2023-06
4241,BOM-GOI,BOM,GOI,05-08-2023,516,Airbus A380,350,328,1093304.68,1007147.46,86157.22,93.71428571,Domestic,2023-08
4242,BOM-NRT,BOM,NRT,05-10-2023,597,Airbus A380,250,156,3772346.79,3235287.7,537059.09,62.4,International,2023-10
4243,DEL-FRA,DEL,FRA,31-05-2023,130,Airbus A320,180,81,2735451.77,3024650.91,-289199.14,45,International,2023-05
4244,DEL-MAA,DEL,MAA,25-10-2023,768,Airbus A320,250,244,988319.71,953484.89,34834.82,97.6,Domestic,2023-10
4245,DEL-CDG,DEL,CDG,11-08-2023,246,Airbus A380,180,144,3018245.37,2924608.84,93636.53,80,International,2023-08
4246,CCU-DEL,CCU,DEL,09-05-2023,445,Airbus A320,350,269,699288.05,737173.89,-37885.84,76.85714286,Domestic,2023-05
4247,HYD-DXB,HYD,DXB,27-05-2023,866,Boeing 777,250,192,5055165.09,5171404.91,-116239.82,76.8,International,2023-05
4248,DEL-LHR,DEL,LHR,28-07-2023,181,Boeing 737,180,120,3845971.38,2429353.54,1416617.84,66.66666667,International,2023-07
4249,DEL-MAA,DEL,MAA,26-12-2023,305,Boeing 737,250,116,365863.31,335852.81,30010.5,46.4,Domestic,2023-12
4250,HYD-DXB,HYD,DXB,16-01-2023,383,Airbus A320,120,78,1713644.01,1076719.88,636924.13,65,International,2023-01
4251,DEL-AMD,DEL,AMD,04-05-2023,314,Boeing 737,150,134,553205.53,362768.14,190437.39,89.33333333,Domestic,2023-05
4252,CCU-KUL,CCU,KUL,04-02-2023,609,Airbus A380,150,90,2416367.15,2596634.56,-180267.41,60,International,2023-02
4253,BOM-BKK,BOM,BKK,07-04-2023,124,Boeing 737,150,117,2708035.65,2624403.67,83631.98,78,International,2023-04
4254,CCU-KUL,CCU,KUL,06-10-2023,250,ATR 72,250,183,5850362.59,6398555.75,-548193.16,73.2,International,2023-10
4255,BOM-BKK,BOM,BKK,09-02-2023,386,Boeing 777,180,140,3872379.84,3323120.17,549259.67,77.77777778,International,2023-02
4256,BLR-SIN,BLR,SIN,29-04-2023,422,Airbus A380,180,148,3618122.96,3125085.69,493037.27,82.22222222,International,2023-04
4257,BOM-DEL,BOM,DEL,26-03-2023,703,ATR 72,350,190,503712.36,560573.92,-56861.56,54.28571429,Domestic,2023-03
4258,HYD-DXB,HYD,DXB,27-12-2023,613,Airbus A380,250,189,6363626.8,4706915.68,1656711.12,75.6,International,2023-12
4259,DEL-CDG,DEL,CDG,20-05-2023,459,ATR 72,350,255,6286370.63,5482432.61,803938.02,72.85714286,International,2023-05
4260,BOM-GOI,BOM,GOI,21-12-2023,605,Boeing 777,250,229,684941.16,394987.49,289953.67,91.6,Domestic,2023-12
4261,BOM-CCU,BOM,CCU,09-12-2023,285,Airbus A320,350,257,1017896.27,840948.18,176948.09,73.42857143,Domestic,2023-12
4262,BOM-GOI,BOM,GOI,18-04-2023,823,Airbus A320,120,67,212970.45,165899.97,47070.48,55.83333333,Domestic,2023-04
4263,BOM-BKK,BOM,BKK,31-05-2023,189,Airbus A380,250,184,4055867.91,4529774.35,-473906.44,73.6,International,2023-05
4264,BOM-DXB,BOM,DXB,06-04-2023,542,Airbus A320,350,243,6240430.92,3541046.1,2699384.82,69.42857143,International,2023-04
4265,HYD-BOM,HYD,BOM,18-03-2023,66,ATR 72,250,171,480115.68,341449.9,138665.78,68.4,Domestic,2023-03
4266,BOM-CCU,BOM,CCU,04-01-2023,476,Airbus A320,350,199,557071.77,519545.22,37526.55,56.85714286,Domestic,2023-01
4267,DEL-LHR,DEL,LHR,22-11-2023,781,Boeing 777,250,144,4803928.11,3142204.01,1661724.1,57.6,International,2023-11
4268,DEL-MAA,DEL,MAA,20-08-2023,571,Boeing 737,120,70,194833.66,169202.19,25631.47,58.33333333,Domestic,2023-08
4269,BOM-NRT,BOM,NRT,29-08-2023,283,Boeing 737,150,129,3006912.01,2801290.4,205621.61,86,International,2023-08
4270,DEL-MAA,DEL,MAA,29-03-2023,623,Boeing 777,250,234,571138.16,557151.83,13986.33,93.6,Domestic,2023-03
4271,MAA-BLR,MAA,BLR,22-01-2023,841,Airbus A320,180,113,330257.96,262993.25,67264.71,62.77777778,Domestic,2023-01
4272,DEL-CDG,DEL,CDG,25-12-2023,760,Airbus A320,350,305,10182606.76,11606526.1,-1423919.34,87.14285714,International,2023-12
4273,DEL-BLR,DEL,BLR,31-05-2023,166,Boeing 737,250,175,595744.04,632850.17,-37106.13,70,Domestic,2023-05
4274,BOM-CCU,BOM,CCU,04-07-2023,867,ATR 72,250,196,775299.25,612361.23,162938.02,78.4,Domestic,2023-07
4275,DEL-FRA,DEL,FRA,30-04-2023,600,Airbus A380,180,117,2357829.4,2660446.82,-302617.42,65,International,2023-04
4276,MAA-BLR,MAA,BLR,21-09-2023,747,Boeing 777,250,178,500335.82,331446.16,168889.66,71.2,Domestic,2023-09
4277,BOM-GOI,BOM,GOI,16-11-2023,132,Airbus A320,180,132,395277.97,344206.25,51071.72,73.33333333,Domestic,2023-11
4278,DEL-FRA,DEL,FRA,15-01-2023,70,Airbus A380,150,86,2513298.57,2799839.9,-286541.33,57.33333333,International,2023-01
4279,BOM-NRT,BOM,NRT,31-10-2023,753,Boeing 777,150,101,2068137.23,1649439.24,418697.99,67.33333333,International,2023-10
4280,MAA-CMB,MAA,CMB,01-11-2023,390,Airbus A320,120,59,2015488.39,1165595.4,849892.99,49.16666667,International,2023-11
4281,HYD-BOM,HYD,BOM,22-10-2023,583,Boeing 737,120,69,283009.05,240353.76,42655.29,57.5,Domestic,2023-10
4282,BLR-SIN,BLR,SIN,15-03-2023,617,Airbus A320,150,95,2683356.4,1561725.83,1121630.57,63.33333333,International,2023-03
4283,MAA-CMB,MAA,CMB,08-02-2023,99,ATR 72,120,114,2905817.8,1979082.18,926735.62,95,International,2023-02
4284,DEL-FRA,DEL,FRA,24-05-2023,887,Airbus A320,180,119,2417798.87,2252258.88,165539.99,66.11111111,International,2023-05
4285,DEL-FRA,DEL,FRA,09-09-2023,229,ATR 72,250,121,2998567.79,2334633.8,663933.99,48.4,International,2023-09
4286,DEL-CDG,DEL,CDG,09-08-2023,735,ATR 72,180,125,4218472.73,4010381.9,208090.83,69.44444444,International,2023-08
4287,DEL-AMD,DEL,AMD,30-06-2023,566,Boeing 777,350,221,757162.85,859953.43,-102790.58,63.14285714,Domestic,2023-06
4288,BOM-DEL,BOM,DEL,25-06-2023,391,Airbus A320,250,130,478157.22,286792.63,191364.59,52,Domestic,2023-06
4289,BLR-HYD,BLR,HYD,03-06-2023,586,Boeing 777,180,166,565474.25,522814.52,42659.73,92.22222222,Domestic,2023-06
4290,BOM-GOI,BOM,GOI,20-12-2023,380,Airbus A320,180,94,383468.44,427737.01,-44268.57,52.22222222,Domestic,2023-12
4291,HYD-DXB,HYD,DXB,27-11-2023,572,Airbus A320,120,79,1951302.07,2096088.15,-144786.08,65.83333333,International,2023-11
4292,DEL-CDG,DEL,CDG,19-11-2023,786,Airbus A320,120,73,2453906.95,2073197.07,380709.88,60.83333333,International,2023-11
4293,DEL-AMD,DEL,AMD,13-06-2023,212,Boeing 737,150,70,269660.97,170237.98,99422.99,46.66666667,Domestic,2023-06
4294,BLR-SIN,BLR,SIN,15-11-2023,328,Airbus A380,150,69,2136223.9,1875935.98,260287.92,46,International,2023-11
4295,DEL-AMD,DEL,AMD,30-01-2023,253,Boeing 777,150,81,331042.61,338148.22,-7105.61,54,Domestic,2023-01
4296,DEL-AMD,DEL,AMD,27-05-2023,69,Airbus A320,350,194,735497.98,507589.92,227908.06,55.42857143,Domestic,2023-05
4297,BOM-DEL,BOM,DEL,22-10-2023,316,Boeing 737,150,130,332720.02,293128.46,39591.56,86.66666667,Domestic,2023-10
4298,DEL-BLR,DEL,BLR,05-07-2023,795,Airbus A320,180,126,374292.08,333460.5,40831.58,70,Domestic,2023-07
4299,BOM-DEL,BOM,DEL,25-05-2023,896,Airbus A380,350,326,834355.64,859625.23,-25269.59,93.14285714,Domestic,2023-05
4300,HYD-BOM,HYD,BOM,20-03-2023,392,Boeing 777,250,113,383820.17,347973.7,35846.47,45.2,Domestic,2023-03
4301,BLR-HYD,BLR,HYD,15-04-2023,879,Boeing 777,150,88,290770.58,223932.27,66838.31,58.66666667,Domestic,2023-04
4302,BOM-CCU,BOM,CCU,14-04-2023,279,ATR 72,350,237,643839.21,532460.45,111378.76,67.71428571,Domestic,2023-04
4303,MAA-CMB,MAA,CMB,01-08-2023,149,Airbus A320,250,144,4649874.98,2880991.5,1768883.48,57.6,International,2023-08
4304,BLR-HYD,BLR,HYD,19-03-2023,86,Airbus A320,350,173,631873.83,424802.32,207071.51,49.42857143,Domestic,2023-03
4305,BOM-CCU,BOM,CCU,25-04-2023,100,Boeing 737,180,137,404090.77,230583.04,173507.73,76.11111111,Domestic,2023-04
4306,DEL-CDG,DEL,CDG,27-09-2023,676,Boeing 737,350,258,7204489.28,4266076.46,2938412.82,73.71428571,International,2023-09
4307,BLR-SIN,BLR,SIN,13-12-2023,482,Boeing 777,180,96,2088504.79,1865802.26,222702.53,53.33333333,International,2023-12
4308,BOM-NRT,BOM,NRT,30-10-2023,96,ATR 72,150,73,1697569.19,1260547.09,437022.1,48.66666667,International,2023-10
4309,MAA-CMB,MAA,CMB,23-12-2023,271,Boeing 737,250,239,5617113.91,4542126.83,1074987.08,95.6,International,2023-12
4310,BLR-SIN,BLR,SIN,08-09-2023,115,Boeing 777,120,111,2361651.77,2515051.79,-153400.02,92.5,International,2023-09
4311,CCU-DEL,CCU,DEL,20-12-2023,621,ATR 72,120,93,371827.18,381461.26,-9634.08,77.5,Domestic,2023-12
4312,CCU-KUL,CCU,KUL,29-05-2023,96,Boeing 777,120,61,1880791.92,1916588.91,-35796.99,50.83333333,International,2023-05
4313,BOM-DEL,BOM,DEL,08-05-2023,338,Boeing 777,350,225,551265.46,466291,84974.46,64.28571429,Domestic,2023-05
4314,MAA-BLR,MAA,BLR,23-09-2023,546,Airbus A380,180,86,317168.41,260797.8,56370.61,47.77777778,Domestic,2023-09
4315,DEL-MAA,DEL,MAA,03-07-2023,784,Airbus A380,150,85,330302.97,331472.77,-1169.8,56.66666667,Domestic,2023-07
4316,CCU-DEL,CCU,DEL,02-03-2023,463,Boeing 737,150,120,495291.1,422135.17,73155.93,80,Domestic,2023-03
4317,BOM-CCU,BOM,CCU,17-02-2023,727,Boeing 737,180,154,560875.36,456381.72,104493.64,85.55555556,Domestic,2023-02
4318,BOM-DEL,BOM,DEL,07-04-2023,837,ATR 72,350,227,860029.23,504197.44,355831.79,64.85714286,Domestic,2023-04
4319,BLR-SIN,BLR,SIN,25-08-2023,83,Boeing 737,180,137,3317322.27,3643741.55,-326419.28,76.11111111,International,2023-08
4320,BLR-SIN,BLR,SIN,23-07-2023,762,ATR 72,150,135,2977272.76,3005618.65,-28345.89,90,International,2023-07
4321,CCU-DEL,CCU,DEL,20-12-2023,532,Boeing 737,120,85,317554.99,235297.24,82257.75,70.83333333,Domestic,2023-12
4322,BOM-DEL,BOM,DEL,14-01-2023,653,Airbus A380,120,71,176605.48,141728.32,34877.16,59.16666667,Domestic,2023-01
4323,HYD-BOM,HYD,BOM,04-04-2023,281,Boeing 777,150,134,514338.44,408247.13,106091.31,89.33333333,Domestic,2023-04
4324,MAA-CMB,MAA,CMB,09-09-2023,360,Boeing 777,350,286,8088334.88,7472252.36,616082.52,81.71428571,International,2023-09
4325,BOM-GOI,BOM,GOI,05-05-2023,539,Boeing 777,350,293,1146600.79,969717.56,176883.23,83.71428571,Domestic,2023-05
4326,DEL-MAA,DEL,MAA,26-09-2023,392,ATR 72,150,122,413669.95,311327.59,102342.36,81.33333333,Domestic,2023-09
4327,MAA-BLR,MAA,BLR,02-07-2023,383,Boeing 737,150,116,302271.69,270734.17,31537.52,77.33333333,Domestic,2023-07
4328,BOM-BKK,BOM,BKK,13-01-2023,279,Boeing 777,350,317,10040747.52,6939408.23,3101339.29,90.57142857,International,2023-01
4329,CCU-KUL,CCU,KUL,05-10-2023,634,Airbus A320,350,289,6627284.68,7136397.09,-509112.41,82.57142857,International,2023-10
4330,CCU-DEL,CCU,DEL,16-03-2023,306,ATR 72,120,56,204441.58,162882.03,41559.55,46.66666667,Domestic,2023-03
4331,DEL-FRA,DEL,FRA,06-07-2023,591,Boeing 777,250,168,5374899.44,4624329.11,750570.33,67.2,International,2023-07
4332,CCU-KUL,CCU,KUL,31-12-2023,332,Boeing 737,250,143,4504622.83,2829631.31,1674991.52,57.2,International,2023-12
4333,BLR-SIN,BLR,SIN,27-04-2023,168,Airbus A380,180,113,2545873.54,2075800.86,470072.68,62.77777778,International,2023-04
4334,BLR-SIN,BLR,SIN,20-01-2023,184,Boeing 777,180,129,2589425.17,1584891.77,1004533.4,71.66666667,International,2023-01
4335,MAA-BLR,MAA,BLR,10-05-2023,878,Boeing 737,180,122,412273.41,401570.86,10702.55,67.77777778,Domestic,2023-05
4336,CCU-DEL,CCU,DEL,26-12-2023,448,Boeing 737,120,80,246894.12,150898.35,95995.77,66.66666667,Domestic,2023-12
4337,BLR-SIN,BLR,SIN,16-01-2023,263,Airbus A380,120,59,1717701.05,1356642.31,361058.74,49.16666667,International,2023-01
4338,BOM-DEL,BOM,DEL,20-06-2023,409,Boeing 777,180,117,354643.55,249996.26,104647.29,65,Domestic,2023-06
4339,BLR-SIN,BLR,SIN,14-09-2023,312,Airbus A380,350,297,10060426.62,11225938.89,-1165512.27,84.85714286,International,2023-09
4340,HYD-BOM,HYD,BOM,13-09-2023,522,Boeing 737,180,157,432869.14,465927.79,-33058.65,87.22222222,Domestic,2023-09
4341,MAA-BLR,MAA,BLR,20-11-2023,762,Boeing 777,180,175,686993.87,523835.15,163158.72,97.22222222,Domestic,2023-11
4342,BOM-BKK,BOM,BKK,06-08-2023,89,Boeing 737,150,146,4784186.74,2897444.63,1886742.11,97.33333333,International,2023-08
4343,BOM-BKK,BOM,BKK,26-11-2023,200,Airbus A320,250,215,7384587.39,8353478.21,-968890.82,86,International,2023-11
4344,BLR-SIN,BLR,SIN,28-10-2023,542,Boeing 777,150,122,3632488.49,3581877.18,50611.31,81.33333333,International,2023-10
4345,DEL-FRA,DEL,FRA,17-04-2023,459,ATR 72,150,110,3285898.33,3531855.76,-245957.43,73.33333333,International,2023-04
4346,BOM-NRT,BOM,NRT,16-06-2023,755,Airbus A380,120,116,3338729.92,2354414.43,984315.49,96.66666667,International,2023-06
4347,DEL-CDG,DEL,CDG,21-10-2023,147,Airbus A380,180,84,1823012.48,1209360.11,613652.37,46.66666667,International,2023-10
4348,MAA-BLR,MAA,BLR,10-01-2023,306,Boeing 777,350,274,934765.04,620021.86,314743.18,78.28571429,Domestic,2023-01
4349,CCU-KUL,CCU,KUL,26-08-2023,94,Boeing 737,250,135,3686203.72,3289006,397197.72,54,International,2023-08
4350,BOM-NRT,BOM,NRT,21-06-2023,786,Boeing 737,180,158,4567585.15,3486162.21,1081422.94,87.77777778,International,2023-06
4351,DEL-AMD,DEL,AMD,10-11-2023,826,Airbus A380,250,188,550582.56,578763.64,-28181.08,75.2,Domestic,2023-11
4352,CCU-KUL,CCU,KUL,23-12-2023,774,Boeing 777,250,129,3243308.23,2757765.04,485543.19,51.6,International,2023-12
4353,BOM-DEL,BOM,DEL,27-02-2023,484,Boeing 737,250,139,410169.45,368321.9,41847.55,55.6,Domestic,2023-02
4354,DEL-AMD,DEL,AMD,23-12-2023,829,Boeing 777,350,191,566024.7,351232.94,214791.76,54.57142857,Domestic,2023-12
4355,BOM-BKK,BOM,BKK,31-12-2023,277,ATR 72,150,132,3476673.95,3809280.73,-332606.78,88,International,2023-12
4356,HYD-DXB,HYD,DXB,07-11-2023,558,Boeing 737,120,57,1520437.4,1260555.09,259882.31,47.5,International,2023-11
4357,BLR-HYD,BLR,HYD,06-03-2023,759,ATR 72,180,141,424144.02,336355.29,87788.73,78.33333333,Domestic,2023-03
4358,BOM-CCU,BOM,CCU,03-05-2023,101,Boeing 777,350,213,619258.09,600253.39,19004.7,60.85714286,Domestic,2023-05
4359,DEL-AMD,DEL,AMD,30-03-2023,700,Airbus A320,180,149,565151.5,577757.37,-12605.87,82.77777778,Domestic,2023-03
4360,MAA-CMB,MAA,CMB,14-04-2023,715,Airbus A320,250,134,3755099.1,3128460.08,626639.02,53.6,International,2023-04
4361,DEL-LHR,DEL,LHR,27-07-2023,734,Airbus A380,350,341,7457811.65,5033062.35,2424749.3,97.42857143,International,2023-07
4362,DEL-MAA,DEL,MAA,01-08-2023,393,Airbus A380,180,141,579658.61,483094.36,96564.25,78.33333333,Domestic,2023-08
4363,BOM-CCU,BOM,CCU,24-06-2023,590,ATR 72,150,137,508558.64,299464.54,209094.1,91.33333333,Domestic,2023-06
4364,HYD-DXB,HYD,DXB,28-08-2023,98,ATR 72,350,208,7068963.1,7857896.28,-788933.18,59.42857143,International,2023-08
4365,CCU-KUL,CCU,KUL,23-10-2023,183,Boeing 737,250,128,3137337.79,2480998.1,656339.69,51.2,International,2023-10
4366,MAA-BLR,MAA,BLR,15-07-2023,789,Boeing 737,120,117,461128.07,320332.05,140796.02,97.5,Domestic,2023-07
4367,BOM-NRT,BOM,NRT,23-08-2023,431,Boeing 777,150,125,3066200.6,3375848.85,-309648.25,83.33333333,International,2023-08
4368,CCU-DEL,CCU,DEL,10-12-2023,588,ATR 72,180,173,472723.26,400975.69,71747.57,96.11111111,Domestic,2023-12
4369,CCU-KUL,CCU,KUL,30-05-2023,632,Airbus A380,250,113,3054541.74,2707257.94,347283.8,45.2,International,2023-05
4370,BLR-HYD,BLR,HYD,20-11-2023,210,Boeing 777,150,81,330201.25,212680.8,117520.45,54,Domestic,2023-11
4371,MAA-CMB,MAA,CMB,16-01-2023,623,Airbus A320,150,99,2829050.61,2549918.26,279132.35,66,International,2023-01
4372,DEL-CDG,DEL,CDG,29-07-2023,741,Airbus A380,250,208,4623015.94,3736444.66,886571.28,83.2,International,2023-07
4373,CCU-DEL,CCU,DEL,09-10-2023,280,ATR 72,180,124,389082.36,307961.26,81121.1,68.88888889,Domestic,2023-10
4374,HYD-DXB,HYD,DXB,10-03-2023,171,Boeing 737,120,66,2303093.93,1919472.02,383621.91,55,International,2023-03
4375,BOM-NRT,BOM,NRT,11-01-2023,517,Boeing 737,150,106,3354972.2,2907545.92,447426.28,70.66666667,International,2023-01
4376,HYD-DXB,HYD,DXB,02-08-2023,790,Airbus A380,350,199,4089204.6,4213226.39,-124021.79,56.85714286,International,2023-08
4377,DEL-BLR,DEL,BLR,20-10-2023,587,Airbus A320,180,129,447496.11,426657.08,20839.03,71.66666667,Domestic,2023-10
4378,BOM-BKK,BOM,BKK,09-09-2023,799,Boeing 777,350,239,6247577.07,6000603.02,246974.05,68.28571429,International,2023-09
4379,DEL-CDG,DEL,CDG,29-07-2023,415,Boeing 737,250,218,6561356.24,4667833.27,1893522.97,87.2,International,2023-07
4380,BOM-DXB,BOM,DXB,22-07-2023,384,Airbus A380,150,101,2618678.35,2503951.54,114726.81,67.33333333,International,2023-07
4381,BOM-CCU,BOM,CCU,03-11-2023,582,Airbus A320,350,176,738546.02,526485.65,212060.37,50.28571429,Domestic,2023-11
4382,CCU-KUL,CCU,KUL,23-10-2023,418,Boeing 737,120,66,1650505.87,1038871.53,611634.34,55,International,2023-10
4383,DEL-MAA,DEL,MAA,01-02-2023,250,Airbus A380,150,99,414320.12,284000.22,130319.9,66,Domestic,2023-02
4384,CCU-DEL,CCU,DEL,06-03-2023,821,Airbus A380,180,113,465046.37,359355.38,105690.99,62.77777778,Domestic,2023-03
4385,DEL-FRA,DEL,FRA,25-04-2023,307,Boeing 737,350,326,10231199.57,11760322.14,-1529122.57,93.14285714,International,2023-04
4386,DEL-FRA,DEL,FRA,13-05-2023,854,Boeing 737,250,142,3024333.12,2597794.09,426539.03,56.8,International,2023-05
4387,DEL-MAA,DEL,MAA,28-11-2023,212,Boeing 777,250,165,538154.81,335433.5,202721.31,66,Domestic,2023-11
4388,BOM-DXB,BOM,DXB,29-12-2023,631,Airbus A320,250,213,6096345.04,6950239.69,-853894.65,85.2,International,2023-12
4389,DEL-BLR,DEL,BLR,03-07-2023,274,Airbus A380,250,192,532984.1,336633.72,196350.38,76.8,Domestic,2023-07
4390,BOM-BKK,BOM,BKK,29-04-2023,282,Boeing 777,150,79,2698256.7,2612698.29,85558.41,52.66666667,International,2023-04
4391,BOM-GOI,BOM,GOI,24-09-2023,296,Airbus A380,150,138,538092.25,558655.5,-20563.25,92,Domestic,2023-09
4392,CCU-KUL,CCU,KUL,12-12-2023,240,Airbus A320,180,152,3514006.64,2007225.3,1506781.34,84.44444444,International,2023-12
4393,HYD-BOM,HYD,BOM,30-08-2023,845,Boeing 737,120,88,303716.27,193025.34,110690.93,73.33333333,Domestic,2023-08
4394,CCU-DEL,CCU,DEL,09-05-2023,94,Airbus A320,250,113,311374.28,214827.37,96546.91,45.2,Domestic,2023-05
4395,CCU-DEL,CCU,DEL,16-12-2023,186,ATR 72,350,196,569512.37,449444.47,120067.9,56,Domestic,2023-12
4396,BOM-CCU,BOM,CCU,07-03-2023,428,Airbus A380,350,273,661411.94,548207.32,113204.62,78,Domestic,2023-03
4397,DEL-FRA,DEL,FRA,21-02-2023,666,ATR 72,180,152,4606549.86,2847783.33,1758766.53,84.44444444,International,2023-02
4398,BOM-BKK,BOM,BKK,20-10-2023,734,Airbus A380,350,160,5545384.35,5138908.54,406475.81,45.71428571,International,2023-10
4399,DEL-AMD,DEL,AMD,09-07-2023,782,Boeing 777,180,109,424838.16,270387.26,154450.9,60.55555556,Domestic,2023-07
4400,DEL-LHR,DEL,LHR,08-09-2023,741,ATR 72,150,104,3123198.87,2533057.11,590141.76,69.33333333,International,2023-09
4401,BOM-DEL,BOM,DEL,15-06-2023,271,Airbus A320,250,138,572078.95,647006.93,-74927.98,55.2,Domestic,2023-06
4402,BOM-BKK,BOM,BKK,25-09-2023,602,Boeing 777,350,195,6023046.05,3792542.86,2230503.19,55.71428571,International,2023-09
4403,MAA-CMB,MAA,CMB,20-04-2023,710,ATR 72,120,68,1825950.49,2001437.2,-175486.71,56.66666667,International,2023-04
4404,DEL-FRA,DEL,FRA,13-12-2023,748,ATR 72,150,121,2565749.33,1984290.67,581458.66,80.66666667,International,2023-12
4405,HYD-BOM,HYD,BOM,26-03-2023,156,ATR 72,350,226,779016.9,743583.78,35433.12,64.57142857,Domestic,2023-03
4406,DEL-LHR,DEL,LHR,05-07-2023,858,Boeing 737,120,62,1250865.5,1015136.31,235729.19,51.66666667,International,2023-07
4407,HYD-DXB,HYD,DXB,27-07-2023,713,Boeing 737,250,198,4622767.38,3368141.84,1254625.54,79.2,International,2023-07
4408,BOM-BKK,BOM,BKK,30-08-2023,155,Boeing 777,350,264,7386293.46,5155395.54,2230897.92,75.42857143,International,2023-08
4409,MAA-CMB,MAA,CMB,26-10-2023,426,ATR 72,120,110,2201599.96,1907999.63,293600.33,91.66666667,International,2023-10
4410,BOM-GOI,BOM,GOI,08-06-2023,210,Airbus A380,250,134,346483.01,263840.51,82642.5,53.6,Domestic,2023-06
4411,BLR-SIN,BLR,SIN,04-05-2023,753,Airbus A380,180,100,3014996.56,2408316.81,606679.75,55.55555556,International,2023-05
4412,DEL-CDG,DEL,CDG,06-11-2023,323,ATR 72,180,168,4088356.54,2741805.48,1346551.06,93.33333333,International,2023-11
4413,BOM-NRT,BOM,NRT,28-06-2023,388,Boeing 777,250,160,5068868.54,4773611.66,295256.88,64,International,2023-06
4414,CCU-DEL,CCU,DEL,08-02-2023,541,Boeing 737,350,248,609177.4,389733.56,219443.84,70.85714286,Domestic,2023-02
4415,BOM-CCU,BOM,CCU,09-01-2023,738,Airbus A320,250,237,730980.27,566967.21,164013.06,94.8,Domestic,2023-01
4416,BOM-GOI,BOM,GOI,29-06-2023,813,Airbus A380,250,139,509860.11,337289.04,172571.07,55.6,Domestic,2023-06
4417,CCU-DEL,CCU,DEL,26-05-2023,577,Airbus A380,180,134,465931.55,274520.86,191410.69,74.44444444,Domestic,2023-05
4418,BLR-SIN,BLR,SIN,03-01-2023,876,Boeing 737,350,180,5228662,3824338.65,1404323.35,51.42857143,International,2023-01
4419,HYD-DXB,HYD,DXB,09-08-2023,465,Boeing 737,250,140,4603601.15,2958049.23,1645551.92,56,International,2023-08
4420,DEL-AMD,DEL,AMD,05-06-2023,833,Airbus A380,350,321,1133229.37,757701.38,375527.99,91.71428571,Domestic,2023-06
4421,CCU-KUL,CCU,KUL,21-09-2023,425,ATR 72,180,141,3410916.5,2867237.93,543678.57,78.33333333,International,2023-09
4422,BOM-BKK,BOM,BKK,30-01-2023,865,ATR 72,120,92,2523995.4,2779106.46,-255111.06,76.66666667,International,2023-01
4423,DEL-AMD,DEL,AMD,29-12-2023,732,Boeing 777,350,177,515780.73,516160.49,-379.76,50.57142857,Domestic,2023-12
4424,HYD-BOM,HYD,BOM,20-05-2023,488,Airbus A380,350,312,891975.2,754838.06,137137.14,89.14285714,Domestic,2023-05
4425,CCU-DEL,CCU,DEL,19-12-2023,299,ATR 72,250,214,853416.93,850447.19,2969.74,85.6,Domestic,2023-12
4426,BOM-DXB,BOM,DXB,08-03-2023,573,ATR 72,120,95,2454312.28,1857576.47,596735.81,79.16666667,International,2023-03
4427,BOM-CCU,BOM,CCU,11-10-2023,255,Airbus A380,350,305,898315.66,736273.86,162041.8,87.14285714,Domestic,2023-10
4428,BOM-CCU,BOM,CCU,31-10-2023,601,ATR 72,350,201,643422.92,448663.28,194759.64,57.42857143,Domestic,2023-10
4429,MAA-BLR,MAA,BLR,01-07-2023,104,ATR 72,250,179,629032.02,535946.82,93085.2,71.6,Domestic,2023-07
4430,BLR-SIN,BLR,SIN,22-03-2023,824,Boeing 777,120,63,1302599.48,1389019.48,-86420,52.5,International,2023-03
4431,BOM-NRT,BOM,NRT,11-12-2023,459,Boeing 777,250,218,7474027.12,4852435.4,2621591.72,87.2,International,2023-12
4432,HYD-BOM,HYD,BOM,02-06-2023,853,Airbus A320,180,104,325547.11,243504.67,82042.44,57.77777778,Domestic,2023-06
4433,BLR-HYD,BLR,HYD,06-04-2023,899,Boeing 737,180,118,457908.46,390432.14,67476.32,65.55555556,Domestic,2023-04
4434,BOM-CCU,BOM,CCU,03-01-2023,593,ATR 72,120,67,265454.44,212831.95,52622.49,55.83333333,Domestic,2023-01
4435,DEL-AMD,DEL,AMD,15-07-2023,497,Boeing 737,180,137,343250.32,287013.44,56236.88,76.11111111,Domestic,2023-07
4436,MAA-BLR,MAA,BLR,14-08-2023,342,Airbus A380,250,209,720864,680671.55,40192.45,83.6,Domestic,2023-08
4437,BOM-CCU,BOM,CCU,07-08-2023,143,Airbus A320,150,76,228642.4,260882.76,-32240.36,50.66666667,Domestic,2023-08
4438,HYD-BOM,HYD,BOM,22-10-2023,895,Airbus A380,180,174,590251.23,469406.26,120844.97,96.66666667,Domestic,2023-10
4439,HYD-DXB,HYD,DXB,31-12-2023,778,Boeing 737,350,324,6695854.28,6847832.36,-151978.08,92.57142857,International,2023-12
4440,DEL-AMD,DEL,AMD,04-03-2023,381,ATR 72,350,198,552422.98,347260.43,205162.55,56.57142857,Domestic,2023-03
4441,MAA-CMB,MAA,CMB,01-08-2023,791,Airbus A380,120,60,1401082.08,1034386.96,366695.12,50,International,2023-08
4442,BOM-DEL,BOM,DEL,14-01-2023,231,ATR 72,180,155,506455.77,518555.54,-12099.77,86.11111111,Domestic,2023-01
4443,BOM-DEL,BOM,DEL,24-02-2023,91,Boeing 737,150,135,520987.17,554169.04,-33181.87,90,Domestic,2023-02
4444,BLR-HYD,BLR,HYD,05-10-2023,154,Boeing 777,350,167,625550.69,589547.35,36003.34,47.71428571,Domestic,2023-10
4445,BOM-CCU,BOM,CCU,03-11-2023,362,ATR 72,350,300,782605.32,859307.2,-76701.88,85.71428571,Domestic,2023-11
4446,DEL-LHR,DEL,LHR,19-01-2023,424,Boeing 777,120,90,2706987.99,2690250.7,16737.29,75,International,2023-01
4447,BOM-NRT,BOM,NRT,24-04-2023,650,Airbus A380,350,238,6550948.78,6727641.13,-176692.35,68,International,2023-04
4448,CCU-KUL,CCU,KUL,09-02-2023,554,Boeing 737,350,159,3922185.45,4387954.16,-465768.71,45.42857143,International,2023-02
4449,DEL-CDG,DEL,CDG,15-04-2023,784,Airbus A320,350,325,11151828.98,11804027.84,-652198.86,92.85714286,International,2023-04
4450,DEL-LHR,DEL,LHR,09-01-2023,562,Boeing 737,350,235,5241786.31,4741693.35,500092.96,67.14285714,International,2023-01
4451,CCU-DEL,CCU,DEL,13-03-2023,136,Airbus A320,180,135,363655.99,229416.56,134239.43,75,Domestic,2023-03
4452,BOM-NRT,BOM,NRT,16-05-2023,102,Boeing 737,150,105,3165050.4,3517574.56,-352524.16,70,International,2023-05
4453,CCU-KUL,CCU,KUL,11-09-2023,431,ATR 72,350,222,4954483.41,4059602.16,894881.25,63.42857143,International,2023-09
4454,MAA-CMB,MAA,CMB,04-01-2023,457,Airbus A380,120,58,1958781.03,2190612.66,-231831.63,48.33333333,International,2023-01
4455,BOM-GOI,BOM,GOI,01-08-2023,867,Airbus A320,120,95,384781.36,441269.73,-56488.37,79.16666667,Domestic,2023-08
4456,BOM-NRT,BOM,NRT,09-07-2023,135,Airbus A380,180,127,2717741.07,1674401.51,1043339.56,70.55555556,International,2023-07
4457,MAA-CMB,MAA,CMB,09-08-2023,109,Boeing 737,350,172,3753312.12,3707967.92,45344.2,49.14285714,International,2023-08
4458,HYD-BOM,HYD,BOM,14-12-2023,689,ATR 72,150,83,226407.18,173044.44,53362.74,55.33333333,Domestic,2023-12
4459,HYD-DXB,HYD,DXB,11-09-2023,654,Airbus A320,120,81,1803031.75,1116100.57,686931.18,67.5,International,2023-09
4460,DEL-AMD,DEL,AMD,06-12-2023,409,ATR 72,250,186,676583.03,656737.71,19845.32,74.4,Domestic,2023-12
4461,BLR-HYD,BLR,HYD,11-01-2023,656,Airbus A380,120,90,281538.94,247344.28,34194.66,75,Domestic,2023-01
4462,DEL-AMD,DEL,AMD,03-07-2023,91,Boeing 777,150,74,196378.77,113776.34,82602.43,49.33333333,Domestic,2023-07
4463,CCU-DEL,CCU,DEL,05-08-2023,66,ATR 72,120,79,228574.92,139872.12,88702.8,65.83333333,Domestic,2023-08
4464,MAA-CMB,MAA,CMB,07-01-2023,319,Boeing 777,250,223,7391701.1,7176466.19,215234.91,89.2,International,2023-01
4465,DEL-CDG,DEL,CDG,13-09-2023,164,Boeing 777,120,105,2969102.09,2053583.82,915518.27,87.5,International,2023-09
4466,BOM-BKK,BOM,BKK,16-10-2023,393,Boeing 777,180,135,3413603.76,3557439.94,-143836.18,75,International,2023-10
4467,BOM-DEL,BOM,DEL,30-10-2023,756,Boeing 777,350,163,634045.94,612099.39,21946.55,46.57142857,Domestic,2023-10
4468,DEL-FRA,DEL,FRA,15-05-2023,408,Airbus A380,250,191,4451556.54,4099627.99,351928.55,76.4,International,2023-05
4469,MAA-CMB,MAA,CMB,28-06-2023,645,Boeing 737,250,146,4252371.04,3038352.13,1214018.91,58.4,International,2023-06
4470,DEL-AMD,DEL,AMD,15-03-2023,741,ATR 72,120,72,219337.64,243014.62,-23676.98,60,Domestic,2023-03
4471,DEL-FRA,DEL,FRA,09-08-2023,243,Boeing 777,150,121,3558187.87,2571121.15,987066.72,80.66666667,International,2023-08
4472,BLR-SIN,BLR,SIN,19-07-2023,679,Boeing 737,350,307,7039131.28,4275819.85,2763311.43,87.71428571,International,2023-07
4473,DEL-AMD,DEL,AMD,11-09-2023,202,ATR 72,250,128,535118.25,510169.77,24948.48,51.2,Domestic,2023-09
4474,BLR-SIN,BLR,SIN,23-09-2023,387,ATR 72,120,62,1967555.71,1892451.99,75103.72,51.66666667,International,2023-09
4475,DEL-MAA,DEL,MAA,08-11-2023,885,Airbus A380,250,123,463144.07,362256.35,100887.72,49.2,Domestic,2023-11
4476,MAA-CMB,MAA,CMB,24-07-2023,505,Boeing 737,150,92,2560488.87,1823173.03,737315.84,61.33333333,International,2023-07
4477,BLR-SIN,BLR,SIN,08-10-2023,668,Airbus A380,250,198,4331059.86,3342480.95,988578.91,79.2,International,2023-10
4478,BOM-GOI,BOM,GOI,12-09-2023,823,Airbus A380,180,85,213624.54,164139.22,49485.32,47.22222222,Domestic,2023-09
4479,CCU-KUL,CCU,KUL,09-03-2023,271,Boeing 737,150,93,2241555.39,2525368.52,-283813.13,62,International,2023-03
4480,BOM-DXB,BOM,DXB,19-03-2023,409,Airbus A380,120,54,1340033.56,1409916.9,-69883.34,45,International,2023-03
4481,DEL-CDG,DEL,CDG,08-06-2023,674,Airbus A380,120,82,1772840.6,1991740.26,-218899.66,68.33333333,International,2023-06
4482,DEL-BLR,DEL,BLR,23-06-2023,851,Airbus A320,120,93,375231.45,408348.04,-33116.59,77.5,Domestic,2023-06
4483,BOM-DXB,BOM,DXB,12-04-2023,845,Boeing 737,150,124,3437966.07,2657135.61,780830.46,82.66666667,International,2023-04
4484,BOM-BKK,BOM,BKK,09-01-2023,397,ATR 72,350,200,5991644.94,4166111.99,1825532.95,57.14285714,International,2023-01
4485,DEL-MAA,DEL,MAA,31-12-2023,186,Boeing 737,350,173,460939.67,496389.81,-35450.14,49.42857143,Domestic,2023-12
4486,MAA-BLR,MAA,BLR,13-05-2023,822,Airbus A320,120,104,301485.05,292141.9,9343.15,86.66666667,Domestic,2023-05
4487,BOM-CCU,BOM,CCU,24-05-2023,91,ATR 72,250,180,517937.5,566706.63,-48769.13,72,Domestic,2023-05
4488,CCU-DEL,CCU,DEL,15-12-2023,710,Airbus A380,250,190,642045.1,618613.55,23431.55,76,Domestic,2023-12
4489,DEL-AMD,DEL,AMD,24-01-2023,834,Airbus A320,120,113,358068.9,310997.95,47070.95,94.16666667,Domestic,2023-01
4490,HYD-BOM,HYD,BOM,17-02-2023,282,Airbus A380,350,331,1310061.25,1428911.03,-118849.78,94.57142857,Domestic,2023-02
4491,HYD-DXB,HYD,DXB,11-02-2023,574,Boeing 737,120,115,3686931.85,3281801.63,405130.22,95.83333333,International,2023-02
4492,DEL-MAA,DEL,MAA,09-06-2023,226,Airbus A380,180,175,583585.26,536858.31,46726.95,97.22222222,Domestic,2023-06
4493,BOM-BKK,BOM,BKK,22-04-2023,755,Boeing 777,180,129,3453959.23,2484586.44,969372.79,71.66666667,International,2023-04
4494,DEL-LHR,DEL,LHR,07-03-2023,487,Airbus A320,180,128,4384672.43,2789632.3,1595040.13,71.11111111,International,2023-03
4495,CCU-KUL,CCU,KUL,17-11-2023,212,Boeing 777,180,109,2483585.84,2318767,164818.84,60.55555556,International,2023-11
4496,CCU-DEL,CCU,DEL,17-06-2023,179,Boeing 737,250,241,873194.57,876980.95,-3786.38,96.4,Domestic,2023-06
4497,MAA-CMB,MAA,CMB,13-01-2023,399,Boeing 737,150,87,2217008,1956313.04,260694.96,58,International,2023-01
4498,HYD-DXB,HYD,DXB,06-04-2023,583,Airbus A380,150,68,1627235.7,1282304.15,344931.55,45.33333333,International,2023-04
4499,BOM-BKK,BOM,BKK,14-07-2023,447,Boeing 737,350,181,5102341.02,4322123.4,780217.62,51.71428571,International,2023-07
4500,BOM-DXB,BOM,DXB,28-12-2023,773,ATR 72,250,122,3657181.46,2133487.51,1523693.95,48.8,International,2023-12
4501,CCU-KUL,CCU,KUL,10-06-2023,272,Boeing 737,150,124,3205448.29,2455195.94,750252.35,82.66666667,International,2023-06
4502,CCU-DEL,CCU,DEL,22-02-2023,440,Airbus A320,250,129,462078.08,263698.7,198379.38,51.6,Domestic,2023-02
4503,DEL-AMD,DEL,AMD,31-12-2023,144,Boeing 777,180,101,357946.69,223025.39,134921.3,56.11111111,Domestic,2023-12
4504,BLR-SIN,BLR,SIN,11-02-2023,344,Boeing 777,180,94,2991719.69,2717981.56,273738.13,52.22222222,International,2023-02
4505,DEL-AMD,DEL,AMD,30-06-2023,784,Airbus A380,180,106,293464.71,173577.49,119887.22,58.88888889,Domestic,2023-06
4506,DEL-CDG,DEL,CDG,03-09-2023,159,Boeing 737,180,102,3292592.38,3563567.48,-270975.1,56.66666667,International,2023-09
4507,BOM-NRT,BOM,NRT,19-08-2023,228,ATR 72,250,224,6050474.66,3662599.97,2387874.69,89.6,International,2023-08
4508,DEL-BLR,DEL,BLR,16-04-2023,870,Boeing 777,150,90,313160.39,265497.58,47662.81,60,Domestic,2023-04
4509,MAA-CMB,MAA,CMB,25-12-2023,424,ATR 72,250,195,6045960.56,5224288.87,821671.69,78,International,2023-12
4510,BOM-CCU,BOM,CCU,01-09-2023,584,Airbus A380,120,114,477974.12,494893.81,-16919.69,95,Domestic,2023-09
4511,DEL-MAA,DEL,MAA,01-03-2023,435,ATR 72,350,185,646132.48,439635.15,206497.33,52.85714286,Domestic,2023-03
4512,BOM-BKK,BOM,BKK,23-04-2023,587,Airbus A320,250,232,6670132.81,3848811.58,2821321.23,92.8,International,2023-04
4513,CCU-DEL,CCU,DEL,20-04-2023,180,Airbus A320,150,82,325351.29,241702.11,83649.18,54.66666667,Domestic,2023-04
4514,MAA-CMB,MAA,CMB,21-01-2023,509,Boeing 737,180,123,3725231.49,4240566.11,-515334.62,68.33333333,International,2023-01
4515,HYD-DXB,HYD,DXB,22-04-2023,876,Airbus A380,350,243,6536086.53,6430425.79,105660.74,69.42857143,International,2023-04
4516,CCU-KUL,CCU,KUL,11-05-2023,66,Airbus A380,120,68,1752695.85,1867982.89,-115287.04,56.66666667,International,2023-05
4517,DEL-LHR,DEL,LHR,25-07-2023,72,Boeing 737,250,162,4982428.16,3224789.65,1757638.51,64.8,International,2023-07
4518,MAA-CMB,MAA,CMB,21-03-2023,183,Airbus A320,350,181,5197492.31,5752370.21,-554877.9,51.71428571,International,2023-03
4519,HYD-DXB,HYD,DXB,01-08-2023,610,Airbus A320,250,186,4449833.67,3623136.3,826697.37,74.4,International,2023-08
4520,BOM-BKK,BOM,BKK,14-05-2023,785,Airbus A320,350,195,6387676,6986751.87,-599075.87,55.71428571,International,2023-05
4521,DEL-LHR,DEL,LHR,26-11-2023,660,Airbus A380,350,188,5904582.24,6436469.19,-531886.95,53.71428571,International,2023-11
4522,BLR-SIN,BLR,SIN,04-12-2023,466,Boeing 737,180,132,4597303.39,2789185.98,1808117.41,73.33333333,International,2023-12
4523,CCU-DEL,CCU,DEL,10-05-2023,729,Boeing 777,150,146,487332.23,480608.28,6723.95,97.33333333,Domestic,2023-05
4524,BOM-NRT,BOM,NRT,15-10-2023,153,Boeing 737,350,279,9687355.43,9968313,-280957.57,79.71428571,International,2023-10
4525,DEL-LHR,DEL,LHR,20-02-2023,217,Boeing 777,150,76,2515126.72,2514163.14,963.58,50.66666667,International,2023-02
4526,DEL-FRA,DEL,FRA,13-10-2023,758,Boeing 737,250,212,4300347.11,3807814.19,492532.92,84.8,International,2023-10
4527,HYD-BOM,HYD,BOM,12-07-2023,318,ATR 72,120,59,185223.74,139442.05,45781.69,49.16666667,Domestic,2023-07
4528,DEL-LHR,DEL,LHR,05-07-2023,815,ATR 72,180,135,3222468.17,1913987.87,1308480.3,75,International,2023-07
4529,HYD-BOM,HYD,BOM,13-09-2023,647,Airbus A320,120,67,263692.64,175633.21,88059.43,55.83333333,Domestic,2023-09
4530,BLR-SIN,BLR,SIN,22-06-2023,650,Airbus A380,150,106,2853333.41,2459002.88,394330.53,70.66666667,International,2023-06
4531,CCU-KUL,CCU,KUL,07-09-2023,434,ATR 72,150,96,2724959.15,1616286.53,1108672.62,64,International,2023-09
4532,DEL-AMD,DEL,AMD,15-02-2023,557,Boeing 777,350,171,516912.96,524489.8,-7576.84,48.85714286,Domestic,2023-02
4533,MAA-CMB,MAA,CMB,13-01-2023,620,ATR 72,180,98,3116335.6,3312599.89,-196264.29,54.44444444,International,2023-01
4534,CCU-DEL,CCU,DEL,13-04-2023,682,ATR 72,120,97,318355.49,252655,65700.49,80.83333333,Domestic,2023-04
4535,DEL-LHR,DEL,LHR,15-01-2023,93,Boeing 737,120,59,1719663.76,1290757.89,428905.87,49.16666667,International,2023-01
4536,HYD-DXB,HYD,DXB,01-01-2023,375,Boeing 777,150,127,3326189.97,2330556.71,995633.26,84.66666667,International,2023-01
4537,DEL-CDG,DEL,CDG,22-03-2023,836,Boeing 737,180,175,5084735.81,3062122.18,2022613.63,97.22222222,International,2023-03
4538,HYD-DXB,HYD,DXB,21-07-2023,159,Airbus A380,180,159,4859125.22,2726595.6,2132529.62,88.33333333,International,2023-07
4539,DEL-CDG,DEL,CDG,20-10-2023,151,Boeing 777,250,142,4248953.58,2405148.78,1843804.8,56.8,International,2023-10
4540,DEL-FRA,DEL,FRA,10-11-2023,646,Airbus A380,250,200,5161313.48,3400811.86,1760501.62,80,International,2023-11
4541,DEL-BLR,DEL,BLR,27-10-2023,751,Airbus A380,120,56,152667.52,101707.55,50959.97,46.66666667,Domestic,2023-10
4542,BOM-GOI,BOM,GOI,10-08-2023,372,Airbus A320,150,72,238755.67,186748.08,52007.59,48,Domestic,2023-08
4543,BOM-NRT,BOM,NRT,13-08-2023,222,Boeing 777,180,140,3784842.15,3590845.64,193996.51,77.77777778,International,2023-08
4544,DEL-LHR,DEL,LHR,05-07-2023,758,Airbus A380,350,193,6083999.16,5130853.1,953146.06,55.14285714,International,2023-07
4545,BOM-DEL,BOM,DEL,02-03-2023,178,Boeing 777,180,145,373023.36,421157.52,-48134.16,80.55555556,Domestic,2023-03
4546,CCU-KUL,CCU,KUL,16-04-2023,700,Airbus A320,250,113,3898067.99,3135630.53,762437.46,45.2,International,2023-04
4547,BOM-DXB,BOM,DXB,28-07-2023,580,ATR 72,350,318,9635402.3,7728176.51,1907225.79,90.85714286,International,2023-07
4548,BOM-CCU,BOM,CCU,18-01-2023,834,ATR 72,180,145,471787.8,526070.93,-54283.13,80.55555556,Domestic,2023-01
4549,HYD-DXB,HYD,DXB,13-07-2023,550,ATR 72,180,160,5477342.38,6022247.2,-544904.82,88.88888889,International,2023-07
4550,BOM-BKK,BOM,BKK,21-05-2023,338,Airbus A380,120,64,1472733.98,1242989.45,229744.53,53.33333333,International,2023-05
4551,CCU-KUL,CCU,KUL,03-12-2023,494,Boeing 777,350,230,7607977.67,5388750.86,2219226.81,65.71428571,International,2023-12
4552,BOM-DXB,BOM,DXB,23-09-2023,515,Airbus A380,250,194,6264060.51,5824373.24,439687.27,77.6,International,2023-09
4553,DEL-FRA,DEL,FRA,10-02-2023,417,Boeing 777,150,89,2371875.49,1664214.46,707661.03,59.33333333,International,2023-02
4554,BOM-DXB,BOM,DXB,28-11-2023,96,Airbus A320,180,83,2113858.34,1724084.27,389774.07,46.11111111,International,2023-11
4555,BOM-GOI,BOM,GOI,04-11-2023,722,Boeing 737,350,291,1054178.62,1052937.11,1241.51,83.14285714,Domestic,2023-11
4556,DEL-CDG,DEL,CDG,23-07-2023,382,Airbus A320,350,205,6798402.49,4705949.57,2092452.92,58.57142857,International,2023-07
4557,DEL-LHR,DEL,LHR,24-05-2023,627,Boeing 737,250,182,4662651.17,4053044.26,609606.91,72.8,International,2023-05
4558,CCU-DEL,CCU,DEL,01-10-2023,440,Airbus A380,350,192,710190.34,442107.25,268083.09,54.85714286,Domestic,2023-10
4559,BOM-BKK,BOM,BKK,04-11-2023,448,Boeing 777,350,165,5574038.26,5779460.86,-205422.6,47.14285714,International,2023-11
4560,BOM-DEL,BOM,DEL,01-09-2023,286,Airbus A380,150,71,273014.61,195178.65,77835.96,47.33333333,Domestic,2023-09
4561,DEL-LHR,DEL,LHR,01-01-2023,799,Airbus A380,150,81,2822163.81,1988329.26,833834.55,54,International,2023-01
4562,BOM-DEL,BOM,DEL,10-06-2023,165,Boeing 737,150,99,329644.81,353250.54,-23605.73,66,Domestic,2023-06
4563,DEL-FRA,DEL,FRA,20-11-2023,655,Airbus A380,150,83,2022732.45,1591366.37,431366.08,55.33333333,International,2023-11
4564,MAA-BLR,MAA,BLR,28-11-2023,497,Boeing 777,250,226,845696.65,590790.16,254906.49,90.4,Domestic,2023-11
4565,DEL-MAA,DEL,MAA,06-09-2023,261,ATR 72,350,245,637153.58,577758.87,59394.71,70,Domestic,2023-09
4566,DEL-BLR,DEL,BLR,29-12-2023,836,ATR 72,180,159,401581.28,432212.08,-30630.8,88.33333333,Domestic,2023-12
4567,BOM-DEL,BOM,DEL,02-04-2023,703,Airbus A380,250,118,454010.81,279718.33,174292.48,47.2,Domestic,2023-04
4568,DEL-CDG,DEL,CDG,17-06-2023,177,Airbus A380,180,174,4164787.83,4492520.52,-327732.69,96.66666667,International,2023-06
4569,CCU-KUL,CCU,KUL,17-10-2023,709,Airbus A380,150,108,3773268.84,4029191.75,-255922.91,72,International,2023-10
4570,BOM-DEL,BOM,DEL,07-08-2023,149,Boeing 777,180,101,300836.35,321090.64,-20254.29,56.11111111,Domestic,2023-08
4571,DEL-LHR,DEL,LHR,19-05-2023,782,Airbus A380,350,266,8731501.9,4922437.79,3809064.11,76,International,2023-05
4572,DEL-LHR,DEL,LHR,09-12-2023,835,Airbus A320,250,116,3643315.83,2067202.8,1576113.03,46.4,International,2023-12
4573,BLR-SIN,BLR,SIN,28-09-2023,541,Boeing 777,250,212,4432270.97,2664317.26,1767953.71,84.8,International,2023-09
4574,MAA-CMB,MAA,CMB,15-12-2023,182,Airbus A320,350,191,6349927.39,5013115.86,1336811.53,54.57142857,International,2023-12
4575,BLR-HYD,BLR,HYD,22-04-2023,643,Boeing 737,150,82,264949.98,203574.14,61375.84,54.66666667,Domestic,2023-04
4576,BOM-NRT,BOM,NRT,24-09-2023,364,Boeing 737,150,139,3298040.09,2627665.8,670374.29,92.66666667,International,2023-09
4577,HYD-DXB,HYD,DXB,17-08-2023,69,Boeing 777,350,301,6072860.62,5448982.13,623878.49,86,International,2023-08
4578,DEL-BLR,DEL,BLR,18-11-2023,881,Airbus A380,180,92,225761.79,182051.93,43709.86,51.11111111,Domestic,2023-11
4579,DEL-BLR,DEL,BLR,11-09-2023,96,Airbus A380,350,195,656782.52,615597.27,41185.25,55.71428571,Domestic,2023-09
4580,DEL-FRA,DEL,FRA,29-09-2023,808,Boeing 777,350,337,10811957.26,7425639.45,3386317.81,96.28571429,International,2023-09
4581,HYD-DXB,HYD,DXB,29-06-2023,533,Airbus A320,250,235,5858185.45,4222866.9,1635318.55,94,International,2023-06
4582,BOM-DEL,BOM,DEL,30-05-2023,328,ATR 72,150,105,349159.75,320739.36,28420.39,70,Domestic,2023-05
4583,CCU-DEL,CCU,DEL,02-03-2023,522,ATR 72,350,202,725946.89,569125.08,156821.81,57.71428571,Domestic,2023-03
4584,MAA-BLR,MAA,BLR,06-05-2023,817,Boeing 737,250,177,590235.41,588858.74,1376.67,70.8,Domestic,2023-05
4585,HYD-DXB,HYD,DXB,17-05-2023,327,Boeing 777,120,89,2659750.36,2900723.85,-240973.49,74.16666667,International,2023-05
4586,BOM-NRT,BOM,NRT,21-04-2023,84,Airbus A320,150,144,2952736.53,2733643.44,219093.09,96,International,2023-04
4587,DEL-LHR,DEL,LHR,12-08-2023,65,Boeing 777,150,101,2966866.69,1728054.59,1238812.1,67.33333333,International,2023-08
4588,DEL-LHR,DEL,LHR,23-03-2023,271,Boeing 737,150,115,3331751.17,3076773.53,254977.64,76.66666667,International,2023-03
4589,BLR-SIN,BLR,SIN,11-04-2023,284,Boeing 737,350,310,6967865.98,4860313.84,2107552.14,88.57142857,International,2023-04
4590,BLR-SIN,BLR,SIN,30-06-2023,331,Boeing 737,150,69,1998145.6,1810122.42,188023.18,46,International,2023-06
4591,DEL-LHR,DEL,LHR,21-05-2023,884,Boeing 737,150,121,2798391.88,1813389.95,985001.93,80.66666667,International,2023-05
4592,BLR-HYD,BLR,HYD,16-03-2023,703,ATR 72,180,101,343921.88,379287.8,-35365.92,56.11111111,Domestic,2023-03
4593,BOM-DEL,BOM,DEL,12-01-2023,359,Airbus A320,150,73,299684.52,190005.65,109678.87,48.66666667,Domestic,2023-01
4594,DEL-BLR,DEL,BLR,21-12-2023,453,ATR 72,150,131,327479,283926.68,43552.32,87.33333333,Domestic,2023-12
4595,BLR-HYD,BLR,HYD,21-12-2023,93,ATR 72,150,139,347590.12,391540,-43949.88,92.66666667,Domestic,2023-12
4596,DEL-AMD,DEL,AMD,29-09-2023,354,Airbus A380,150,140,426446.73,428106.59,-1659.86,93.33333333,Domestic,2023-09
4597,CCU-KUL,CCU,KUL,04-11-2023,517,Airbus A320,350,308,10508215.3,6727533.42,3780681.88,88,International,2023-11
4598,BOM-DXB,BOM,DXB,23-11-2023,756,Boeing 777,150,109,2351638.98,2504055.24,-152416.26,72.66666667,International,2023-11
4599,MAA-CMB,MAA,CMB,22-03-2023,557,Airbus A320,150,128,4231052.38,3435421.91,795630.47,85.33333333,International,2023-03
4600,MAA-BLR,MAA,BLR,09-03-2023,660,Boeing 777,120,86,234986.28,180328.92,54657.36,71.66666667,Domestic,2023-03
4601,DEL-FRA,DEL,FRA,18-12-2023,488,ATR 72,350,280,5932916.35,6485616.28,-552699.93,80,International,2023-12
4602,BOM-NRT,BOM,NRT,22-01-2023,309,Boeing 737,350,180,4742699.17,4676452.46,66246.71,51.42857143,International,2023-01
4603,DEL-CDG,DEL,CDG,18-06-2023,370,Boeing 777,350,241,5193480.47,5346814.54,-153334.07,68.85714286,International,2023-06
4604,BOM-DEL,BOM,DEL,29-12-2023,840,Boeing 777,350,260,897875.29,555854.12,342021.17,74.28571429,Domestic,2023-12
4605,BOM-DXB,BOM,DXB,16-01-2023,582,ATR 72,150,119,2894270.71,2828012.84,66257.87,79.33333333,International,2023-01
4606,DEL-BLR,DEL,BLR,02-05-2023,400,Boeing 737,250,236,741831.06,822073.82,-80242.76,94.4,Domestic,2023-05
4607,DEL-LHR,DEL,LHR,30-06-2023,675,Airbus A320,180,163,4502802.07,2686740.06,1816062.01,90.55555556,International,2023-06
4608,DEL-BLR,DEL,BLR,17-09-2023,834,Airbus A320,150,103,391063.76,285482.43,105581.33,68.66666667,Domestic,2023-09
4609,DEL-FRA,DEL,FRA,18-11-2023,568,Airbus A380,180,116,3840550.82,2964760.76,875790.06,64.44444444,International,2023-11
4610,BLR-HYD,BLR,HYD,06-03-2023,282,ATR 72,250,132,385337.64,347604.14,37733.5,52.8,Domestic,2023-03
4611,HYD-BOM,HYD,BOM,05-09-2023,670,Airbus A380,350,164,539269.34,526551.7,12717.64,46.85714286,Domestic,2023-09
4612,BOM-DXB,BOM,DXB,06-07-2023,674,Boeing 777,350,311,8875274.31,8807173.95,68100.36,88.85714286,International,2023-07
4613,DEL-FRA,DEL,FRA,16-05-2023,796,Boeing 737,250,168,3857644.51,3426297.81,431346.7,67.2,International,2023-05
4614,BOM-BKK,BOM,BKK,04-12-2023,560,Boeing 737,150,93,2677642.09,2024574.94,653067.15,62,International,2023-12
4615,BOM-DEL,BOM,DEL,28-03-2023,855,Airbus A380,250,171,602487.29,617393.35,-14906.06,68.4,Domestic,2023-03
4616,BLR-SIN,BLR,SIN,04-06-2023,186,Airbus A320,150,106,3200468.57,2523186.94,677281.63,70.66666667,International,2023-06
4617,CCU-DEL,CCU,DEL,02-02-2023,349,Boeing 777,120,98,270825.44,165726.59,105098.85,81.66666667,Domestic,2023-02
4618,DEL-BLR,DEL,BLR,29-01-2023,407,Boeing 777,180,113,320150.17,231748.39,88401.78,62.77777778,Domestic,2023-01
4619,DEL-LHR,DEL,LHR,15-11-2023,404,Boeing 777,250,218,7493377.03,6027504.67,1465872.36,87.2,International,2023-11
4620,MAA-CMB,MAA,CMB,06-12-2023,279,Airbus A320,180,156,5291034.42,4445488.04,845546.38,86.66666667,International,2023-12
4621,BOM-BKK,BOM,BKK,01-08-2023,581,Boeing 737,350,309,9020149.35,9066842.62,-46693.27,88.28571429,International,2023-08
4622,DEL-AMD,DEL,AMD,25-10-2023,153,Boeing 737,350,234,863827.58,627330.48,236497.1,66.85714286,Domestic,2023-10
4623,BOM-CCU,BOM,CCU,31-08-2023,150,Boeing 777,180,145,493939.57,498669.15,-4729.58,80.55555556,Domestic,2023-08
4624,BOM-CCU,BOM,CCU,17-11-2023,795,ATR 72,250,189,529487.57,467851.41,61636.16,75.6,Domestic,2023-11
4625,DEL-BLR,DEL,BLR,12-11-2023,758,Airbus A320,120,96,303016.43,261838.71,41177.72,80,Domestic,2023-11
4626,HYD-DXB,HYD,DXB,17-09-2023,619,Boeing 777,120,116,2378136.76,1838497.88,539638.88,96.66666667,International,2023-09
4627,MAA-CMB,MAA,CMB,11-04-2023,671,Boeing 737,120,60,1957097.12,1279798.51,677298.61,50,International,2023-04
4628,BOM-GOI,BOM,GOI,27-07-2023,351,Boeing 737,120,92,252240.72,241323.62,10917.1,76.66666667,Domestic,2023-07
4629,HYD-BOM,HYD,BOM,29-12-2023,282,ATR 72,250,144,497863.29,329070,168793.29,57.6,Domestic,2023-12
4630,BOM-DEL,BOM,DEL,07-12-2023,745,Airbus A320,350,261,836657.22,545279.49,291377.73,74.57142857,Domestic,2023-12
4631,BOM-CCU,BOM,CCU,14-10-2023,605,ATR 72,150,109,317188.67,353182.29,-35993.62,72.66666667,Domestic,2023-10
4632,HYD-DXB,HYD,DXB,20-02-2023,830,Airbus A380,250,169,4009860.95,4327370.18,-317509.23,67.6,International,2023-02
4633,DEL-MAA,DEL,MAA,05-01-2023,616,Airbus A320,180,129,331126.11,240519.31,90606.8,71.66666667,Domestic,2023-01
4634,BLR-SIN,BLR,SIN,11-08-2023,359,Airbus A380,180,95,3063045.19,2248803.39,814241.8,52.77777778,International,2023-08
4635,BOM-DEL,BOM,DEL,12-05-2023,534,ATR 72,150,128,483452.27,486824.48,-3372.21,85.33333333,Domestic,2023-05
4636,DEL-CDG,DEL,CDG,11-08-2023,476,Airbus A320,250,191,5685702.04,4895218.32,790483.72,76.4,International,2023-08
4637,MAA-CMB,MAA,CMB,31-08-2023,514,Boeing 777,180,139,3131874.47,2451951.47,679923,77.22222222,International,2023-08
4638,DEL-FRA,DEL,FRA,06-12-2023,150,Boeing 777,180,117,3410304.19,3886569.67,-476265.48,65,International,2023-12
4639,BOM-NRT,BOM,NRT,12-11-2023,780,Boeing 777,150,74,1843010.47,1907242.58,-64232.11,49.33333333,International,2023-11
4640,BLR-SIN,BLR,SIN,09-06-2023,729,Airbus A320,150,116,2337812.23,1499841.64,837970.59,77.33333333,International,2023-06
4641,BLR-SIN,BLR,SIN,26-10-2023,837,Boeing 737,350,331,10617837.15,7548872.18,3068964.97,94.57142857,International,2023-10
4642,BOM-NRT,BOM,NRT,18-07-2023,459,Airbus A380,350,169,5654844.22,5353853.38,300990.84,48.28571429,International,2023-07
4643,MAA-CMB,MAA,CMB,04-04-2023,202,ATR 72,150,86,2716023.15,2520705.07,195318.08,57.33333333,International,2023-04
4644,DEL-MAA,DEL,MAA,17-05-2023,452,ATR 72,250,130,523375.92,359001.26,164374.66,52,Domestic,2023-05
4645,CCU-DEL,CCU,DEL,28-04-2023,557,ATR 72,180,86,266277.59,260254.16,6023.43,47.77777778,Domestic,2023-04
4646,CCU-DEL,CCU,DEL,21-09-2023,483,Airbus A380,180,148,618765.15,698088.83,-79323.68,82.22222222,Domestic,2023-09
4647,CCU-KUL,CCU,KUL,14-09-2023,310,Boeing 737,180,156,3887187.72,3035991.95,851195.77,86.66666667,International,2023-09
4648,BOM-DXB,BOM,DXB,12-12-2023,854,Airbus A380,250,198,5938271.27,6083655.8,-145384.53,79.2,International,2023-12
4649,DEL-LHR,DEL,LHR,24-08-2023,574,Airbus A380,350,283,5889704.31,4485227.97,1404476.34,80.85714286,International,2023-08
4650,BOM-CCU,BOM,CCU,09-03-2023,465,Airbus A380,250,147,420391.61,382973.65,37417.96,58.8,Domestic,2023-03
4651,CCU-DEL,CCU,DEL,01-08-2023,289,Airbus A320,250,117,367374.89,258343.91,109030.98,46.8,Domestic,2023-08
4652,BOM-BKK,BOM,BKK,01-07-2023,257,Boeing 777,180,97,2029412.3,1299950.85,729461.45,53.88888889,International,2023-07
4653,HYD-DXB,HYD,DXB,09-08-2023,513,Boeing 777,250,207,6827249.8,4317367.24,2509882.56,82.8,International,2023-08
4654,HYD-BOM,HYD,BOM,16-06-2023,144,ATR 72,120,90,301484.37,287134.29,14350.08,75,Domestic,2023-06
4655,BOM-DEL,BOM,DEL,24-06-2023,478,Boeing 777,120,68,201951.7,214337.51,-12385.81,56.66666667,Domestic,2023-06
4656,BOM-DXB,BOM,DXB,26-01-2023,616,Boeing 737,180,175,5895157.88,6188579.93,-293422.05,97.22222222,International,2023-01
4657,BOM-NRT,BOM,NRT,14-09-2023,547,Airbus A380,250,206,4752868.87,5050042.27,-297173.4,82.4,International,2023-09
4658,BOM-NRT,BOM,NRT,21-12-2023,793,Boeing 737,180,93,2145215.06,1303160.51,842054.55,51.66666667,International,2023-12
4659,BLR-SIN,BLR,SIN,21-01-2023,821,ATR 72,350,337,10463910.13,8838230.02,1625680.11,96.28571429,International,2023-01
4660,DEL-BLR,DEL,BLR,06-07-2023,214,Airbus A320,350,172,495547.18,409062.72,86484.46,49.14285714,Domestic,2023-07
4661,DEL-AMD,DEL,AMD,25-10-2023,845,Airbus A380,180,139,338836.59,358606.63,-19770.04,77.22222222,Domestic,2023-10
4662,CCU-KUL,CCU,KUL,10-01-2023,780,Airbus A320,180,139,3674912.2,4132391.05,-457478.85,77.22222222,International,2023-01
4663,DEL-AMD,DEL,AMD,21-04-2023,384,ATR 72,150,71,290810.13,161034.2,129775.93,47.33333333,Domestic,2023-04
4664,CCU-KUL,CCU,KUL,03-09-2023,809,Boeing 777,120,68,1796668.85,999852.88,796815.97,56.66666667,International,2023-09
4665,DEL-MAA,DEL,MAA,13-03-2023,171,Airbus A380,350,266,776055.34,801002.24,-24946.9,76,Domestic,2023-03
4666,CCU-DEL,CCU,DEL,24-08-2023,172,Boeing 777,250,144,561869.43,323769.56,238099.87,57.6,Domestic,2023-08
4667,HYD-BOM,HYD,BOM,12-02-2023,684,Airbus A320,250,149,572119.75,376322.72,195797.03,59.6,Domestic,2023-02
4668,BOM-BKK,BOM,BKK,30-07-2023,419,Airbus A380,120,65,1496215.16,900525.15,595690.01,54.16666667,International,2023-07
4669,BOM-BKK,BOM,BKK,02-07-2023,407,ATR 72,120,80,1774654.94,1459145.24,315509.7,66.66666667,International,2023-07
4670,BOM-DXB,BOM,DXB,23-06-2023,213,Airbus A380,250,237,7919049.53,7560089.3,358960.23,94.8,International,2023-06
4671,BLR-SIN,BLR,SIN,19-11-2023,544,Boeing 737,150,103,2545262.04,1411678.12,1133583.92,68.66666667,International,2023-11
4672,DEL-LHR,DEL,LHR,17-12-2023,507,ATR 72,250,118,3384913.72,2509995.03,874918.69,47.2,International,2023-12
4673,BOM-CCU,BOM,CCU,06-02-2023,242,Boeing 737,350,174,537578,576122.49,-38544.49,49.71428571,Domestic,2023-02
4674,DEL-CDG,DEL,CDG,14-04-2023,889,Airbus A320,150,96,3065866.75,2742754.34,323112.41,64,International,2023-04
4675,HYD-BOM,HYD,BOM,23-12-2023,296,Boeing 737,180,107,311089.34,279873.7,31215.64,59.44444444,Domestic,2023-12
4676,BOM-DXB,BOM,DXB,11-02-2023,488,Boeing 777,250,220,7358068.79,6614970.12,743098.67,88,International,2023-02
4677,CCU-DEL,CCU,DEL,16-03-2023,170,ATR 72,150,70,202197.61,159244.14,42953.47,46.66666667,Domestic,2023-03
4678,MAA-BLR,MAA,BLR,31-07-2023,827,ATR 72,180,140,508395.43,505105.78,3289.65,77.77777778,Domestic,2023-07
4679,BOM-NRT,BOM,NRT,13-01-2023,206,Boeing 737,180,87,2751133.59,3008505.51,-257371.92,48.33333333,International,2023-01
4680,BOM-DXB,BOM,DXB,30-12-2023,372,ATR 72,350,163,4032773.79,2338775.5,1693998.29,46.57142857,International,2023-12
4681,HYD-BOM,HYD,BOM,08-04-2023,351,Airbus A380,180,150,420553.02,336437.61,84115.41,83.33333333,Domestic,2023-04
4682,HYD-BOM,HYD,BOM,04-01-2023,383,Airbus A380,180,147,404002.16,392017.17,11984.99,81.66666667,Domestic,2023-01
4683,DEL-BLR,DEL,BLR,02-01-2023,651,ATR 72,180,92,348489.01,246774.88,101714.13,51.11111111,Domestic,2023-01
4684,DEL-FRA,DEL,FRA,18-08-2023,93,Airbus A320,120,104,2096729.44,2369292,-272562.56,86.66666667,International,2023-08
4685,MAA-BLR,MAA,BLR,14-08-2023,122,Boeing 737,150,94,344052.02,317711.21,26340.81,62.66666667,Domestic,2023-08
4686,MAA-CMB,MAA,CMB,15-12-2023,884,Airbus A320,150,140,4117930.97,3661822.78,456108.19,93.33333333,International,2023-12
4687,CCU-KUL,CCU,KUL,17-02-2023,519,ATR 72,180,117,2530313.47,1966445.02,563868.45,65,International,2023-02
4688,DEL-FRA,DEL,FRA,11-07-2023,97,Boeing 777,350,175,5998579.33,4151333.66,1847245.67,50,International,2023-07
4689,BOM-NRT,BOM,NRT,03-05-2023,91,Boeing 737,120,97,2989213.4,3244755.21,-255541.81,80.83333333,International,2023-05
4690,BOM-NRT,BOM,NRT,12-02-2023,853,Airbus A380,350,300,6851420.22,6717712.5,133707.72,85.71428571,International,2023-02
4691,BOM-CCU,BOM,CCU,07-09-2023,662,Airbus A320,250,150,494883.27,426331.7,68551.57,60,Domestic,2023-09
4692,MAA-BLR,MAA,BLR,03-06-2023,104,Airbus A380,180,148,568701.85,413792.68,154909.17,82.22222222,Domestic,2023-06
4693,DEL-LHR,DEL,LHR,18-03-2023,817,Boeing 777,350,195,6359740.39,5280179.18,1079561.21,55.71428571,International,2023-03
4694,CCU-KUL,CCU,KUL,15-07-2023,437,Boeing 737,350,205,4653274.3,2593781.53,2059492.77,58.57142857,International,2023-07
4695,MAA-CMB,MAA,CMB,28-11-2023,388,Airbus A380,150,119,3667410.18,3007643.32,659766.86,79.33333333,International,2023-11
4696,BOM-NRT,BOM,NRT,05-12-2023,898,Airbus A320,250,115,2521956.46,2797841.36,-275884.9,46,International,2023-12
4697,BLR-SIN,BLR,SIN,03-02-2023,184,ATR 72,250,180,5935803.83,5898421.94,37381.89,72,International,2023-02
4698,BOM-DEL,BOM,DEL,07-11-2023,866,Airbus A320,250,223,771076.7,455553.6,315523.1,89.2,Domestic,2023-11
4699,MAA-BLR,MAA,BLR,20-10-2023,63,ATR 72,120,95,236371.93,253725.03,-17353.1,79.16666667,Domestic,2023-10
4700,DEL-MAA,DEL,MAA,13-09-2023,766,Airbus A380,150,109,329235.2,347805.8,-18570.6,72.66666667,Domestic,2023-09
4701,HYD-DXB,HYD,DXB,25-08-2023,536,Airbus A380,250,216,4594190.94,4376494.05,217696.89,86.4,International,2023-08
4702,DEL-FRA,DEL,FRA,10-03-2023,774,Airbus A380,350,181,6223272.36,3815542.63,2407729.73,51.71428571,International,2023-03
4703,BOM-DXB,BOM,DXB,07-08-2023,723,ATR 72,250,153,3124653.36,2638814.32,485839.04,61.2,International,2023-08
4704,CCU-DEL,CCU,DEL,22-11-2023,385,ATR 72,180,118,452728.53,435302.11,17426.42,65.55555556,Domestic,2023-11
4705,BOM-NRT,BOM,NRT,27-03-2023,212,Boeing 737,180,163,5464360.07,3399246.54,2065113.53,90.55555556,International,2023-03
4706,CCU-DEL,CCU,DEL,08-07-2023,470,Airbus A320,350,330,1185760,1219255.76,-33495.76,94.28571429,Domestic,2023-07
4707,HYD-DXB,HYD,DXB,10-12-2023,684,Airbus A320,180,85,2332386.1,1430929.11,901456.99,47.22222222,International,2023-12
4708,DEL-FRA,DEL,FRA,17-05-2023,889,ATR 72,250,197,4498899.02,3935654.56,563244.46,78.8,International,2023-05
4709,MAA-CMB,MAA,CMB,08-03-2023,808,Boeing 737,250,208,4977877.57,4079693.06,898184.51,83.2,International,2023-03
4710,DEL-AMD,DEL,AMD,13-09-2023,521,ATR 72,150,97,404764.34,448116.5,-43352.16,64.66666667,Domestic,2023-09
4711,BOM-DXB,BOM,DXB,02-12-2023,623,Boeing 777,150,110,2815192.12,2569274.62,245917.5,73.33333333,International,2023-12
4712,BOM-NRT,BOM,NRT,29-08-2023,829,Boeing 737,150,95,3001555.31,3167877.61,-166322.3,63.33333333,International,2023-08
4713,DEL-CDG,DEL,CDG,13-04-2023,123,Airbus A380,180,121,3468942.74,2217425.58,1251517.16,67.22222222,International,2023-04
4714,CCU-KUL,CCU,KUL,27-02-2023,651,Boeing 737,350,235,6763070.16,4487225.7,2275844.46,67.14285714,International,2023-02
4715,DEL-LHR,DEL,LHR,03-05-2023,754,Boeing 737,150,117,2770529.03,2446565.06,323963.97,78,International,2023-05
4716,MAA-CMB,MAA,CMB,21-04-2023,100,Boeing 777,250,182,5047586.89,5011376.64,36210.25,72.8,International,2023-04
4717,CCU-KUL,CCU,KUL,11-07-2023,297,Airbus A320,180,161,3649715.49,3517331.41,132384.08,89.44444444,International,2023-07
4718,DEL-BLR,DEL,BLR,11-03-2023,672,Boeing 777,350,334,954052.97,813338.25,140714.72,95.42857143,Domestic,2023-03
4719,BLR-HYD,BLR,HYD,06-04-2023,631,Airbus A320,250,190,683243.04,456529.83,226713.21,76,Domestic,2023-04
4720,DEL-LHR,DEL,LHR,04-03-2023,522,Airbus A320,350,338,10819262.83,6842826.02,3976436.81,96.57142857,International,2023-03
4721,HYD-BOM,HYD,BOM,12-02-2023,511,Airbus A380,350,237,955156.88,529963.95,425192.93,67.71428571,Domestic,2023-02
4722,HYD-BOM,HYD,BOM,18-10-2023,726,Boeing 777,250,161,606078.66,569122.13,36956.53,64.4,Domestic,2023-10
4723,BOM-DXB,BOM,DXB,16-06-2023,553,Airbus A380,250,215,6114204.12,5045490.67,1068713.45,86,International,2023-06
4724,CCU-DEL,CCU,DEL,07-02-2023,188,Boeing 777,150,91,270695.58,205686.76,65008.82,60.66666667,Domestic,2023-02
4725,HYD-DXB,HYD,DXB,23-12-2023,138,Boeing 737,180,128,2620782.59,2365430.03,255352.56,71.11111111,International,2023-12
4726,DEL-FRA,DEL,FRA,22-03-2023,111,ATR 72,180,130,4029492.12,2670977.47,1358514.65,72.22222222,International,2023-03
4727,BOM-NRT,BOM,NRT,26-12-2023,442,Airbus A380,180,175,3989439.92,3658662.66,330777.26,97.22222222,International,2023-12
4728,CCU-DEL,CCU,DEL,13-04-2023,650,Boeing 737,250,183,732337.07,750348.84,-18011.77,73.2,Domestic,2023-04
4729,BOM-DEL,BOM,DEL,24-09-2023,609,Boeing 777,180,82,281320.2,200684.17,80636.03,45.55555556,Domestic,2023-09
4730,BOM-NRT,BOM,NRT,26-11-2023,339,Boeing 777,120,57,1752910.11,980551.43,772358.68,47.5,International,2023-11
4731,DEL-MAA,DEL,MAA,07-09-2023,858,ATR 72,250,147,403854.94,289581.38,114273.56,58.8,Domestic,2023-09
4732,BOM-NRT,BOM,NRT,18-03-2023,177,Boeing 737,120,108,3455507.99,2947403.09,508104.9,90,International,2023-03
4733,DEL-CDG,DEL,CDG,01-08-2023,685,ATR 72,120,67,1496401.67,1583961.55,-87559.88,55.83333333,International,2023-08
4734,BOM-NRT,BOM,NRT,06-05-2023,438,Airbus A380,180,101,2484629.66,2116105.15,368524.51,56.11111111,International,2023-05
4735,BOM-CCU,BOM,CCU,21-02-2023,151,Boeing 777,250,117,320530.14,264383.95,56146.19,46.8,Domestic,2023-02
4736,BLR-SIN,BLR,SIN,28-01-2023,718,Boeing 737,250,150,5099297.55,4906899.4,192398.15,60,International,2023-01
4737,BLR-SIN,BLR,SIN,06-04-2023,369,Boeing 777,180,108,3762411.21,2076654.95,1685756.26,60,International,2023-04
4738,BOM-GOI,BOM,GOI,05-03-2023,296,Boeing 777,180,156,549333.77,531458.41,17875.36,86.66666667,Domestic,2023-03
4739,DEL-MAA,DEL,MAA,06-12-2023,315,ATR 72,180,81,316366.59,189825.02,126541.57,45,Domestic,2023-12
4740,DEL-FRA,DEL,FRA,07-05-2023,742,Boeing 777,150,89,2291338.23,1345554.82,945783.41,59.33333333,International,2023-05
4741,DEL-CDG,DEL,CDG,24-06-2023,325,Airbus A380,120,99,2055195,1192905.58,862289.42,82.5,International,2023-06
4742,HYD-BOM,HYD,BOM,20-10-2023,598,Boeing 737,120,82,343693.39,262747.49,80945.9,68.33333333,Domestic,2023-10
4743,BLR-SIN,BLR,SIN,08-04-2023,405,Airbus A320,120,70,2200672.18,1323142.23,877529.95,58.33333333,International,2023-04
4744,BOM-GOI,BOM,GOI,01-01-2023,234,Airbus A320,180,141,462154.02,364924.22,97229.8,78.33333333,Domestic,2023-01
4745,BLR-SIN,BLR,SIN,21-09-2023,102,ATR 72,180,122,3655957.35,2199191.47,1456765.88,67.77777778,International,2023-09
4746,BOM-DXB,BOM,DXB,19-05-2023,184,Airbus A320,150,121,3209072.24,2457487.87,751584.37,80.66666667,International,2023-05
4747,BOM-DEL,BOM,DEL,13-03-2023,590,Boeing 777,350,305,768968.03,840385.55,-71417.52,87.14285714,Domestic,2023-03
4748,BOM-DXB,BOM,DXB,10-10-2023,179,Airbus A380,350,175,4479677.12,3736348.08,743329.04,50,International,2023-10
4749,BOM-GOI,BOM,GOI,17-10-2023,120,Boeing 777,150,126,371351.22,243966.19,127385.03,84,Domestic,2023-10
4750,BOM-CCU,BOM,CCU,27-10-2023,178,Boeing 737,180,96,331124.57,302834.14,28290.43,53.33333333,Domestic,2023-10
4751,HYD-DXB,HYD,DXB,27-02-2023,357,Boeing 737,180,81,1722170.27,1789921.24,-67750.97,45,International,2023-02
4752,DEL-LHR,DEL,LHR,22-12-2023,780,Airbus A380,350,265,7607438.84,5482725.76,2124713.08,75.71428571,International,2023-12
4753,BOM-GOI,BOM,GOI,31-07-2023,389,Airbus A320,120,111,432003.95,450353.13,-18349.18,92.5,Domestic,2023-07
4754,BOM-DEL,BOM,DEL,25-02-2023,521,Boeing 777,120,63,221426.33,189021.31,32405.02,52.5,Domestic,2023-02
4755,DEL-AMD,DEL,AMD,26-12-2023,374,Airbus A380,350,339,1126931.46,971801.66,155129.8,96.85714286,Domestic,2023-12
4756,BLR-SIN,BLR,SIN,06-07-2023,699,Boeing 777,350,171,4811416.48,3983904.18,827512.3,48.85714286,International,2023-07
4757,DEL-CDG,DEL,CDG,05-03-2023,313,Airbus A380,250,230,5727973.23,5235382.37,492590.86,92,International,2023-03
4758,BLR-HYD,BLR,HYD,02-08-2023,379,Boeing 777,350,180,726470.17,536144.35,190325.82,51.42857143,Domestic,2023-08
4759,DEL-MAA,DEL,MAA,28-02-2023,633,Boeing 737,120,60,150656.72,111303.26,39353.46,50,Domestic,2023-02
4760,DEL-MAA,DEL,MAA,22-04-2023,164,Boeing 777,250,222,746034.65,486784.06,259250.59,88.8,Domestic,2023-04
4761,HYD-BOM,HYD,BOM,29-05-2023,247,ATR 72,180,170,705690.86,696064.98,9625.88,94.44444444,Domestic,2023-05
4762,DEL-MAA,DEL,MAA,09-05-2023,464,Airbus A320,250,175,445727.03,310055.61,135671.42,70,Domestic,2023-05
4763,BOM-GOI,BOM,GOI,06-01-2023,202,Boeing 777,150,142,588099.42,634376.61,-46277.19,94.66666667,Domestic,2023-01
4764,BOM-GOI,BOM,GOI,04-05-2023,609,Airbus A380,250,218,842434.1,702970.93,139463.17,87.2,Domestic,2023-05
4765,BOM-DEL,BOM,DEL,09-06-2023,851,Airbus A320,350,327,901285.73,1032614.94,-131329.21,93.42857143,Domestic,2023-06
4766,BOM-NRT,BOM,NRT,02-10-2023,565,Airbus A380,250,233,5716831.83,6476053.71,-759221.88,93.2,International,2023-10
4767,CCU-KUL,CCU,KUL,07-09-2023,197,Boeing 737,120,82,2055790.81,2109436.72,-53645.91,68.33333333,International,2023-09
4768,DEL-BLR,DEL,BLR,11-01-2023,306,Airbus A320,120,110,337333.44,200317.21,137016.23,91.66666667,Domestic,2023-01
4769,DEL-CDG,DEL,CDG,10-09-2023,208,Boeing 777,250,219,4831914.72,3459194.74,1372719.98,87.6,International,2023-09
4770,BOM-BKK,BOM,BKK,27-06-2023,356,Boeing 737,250,211,6329239.76,5500803.78,828435.98,84.4,International,2023-06
4771,CCU-DEL,CCU,DEL,31-10-2023,242,Airbus A380,250,212,872656.55,851491.56,21164.99,84.8,Domestic,2023-10
4772,HYD-BOM,HYD,BOM,25-10-2023,624,Boeing 777,150,84,301023.72,310946.28,-9922.56,56,Domestic,2023-10
4773,BOM-GOI,BOM,GOI,19-09-2023,650,Airbus A320,250,198,820995.8,760188.74,60807.06,79.2,Domestic,2023-09
4774,DEL-FRA,DEL,FRA,09-10-2023,726,Airbus A380,350,161,5356403.59,5316531.83,39871.76,46,International,2023-10
4775,DEL-BLR,DEL,BLR,21-05-2023,244,Airbus A320,180,167,538056.44,505914.69,32141.75,92.77777778,Domestic,2023-05
4776,BOM-CCU,BOM,CCU,24-09-2023,688,ATR 72,180,136,343726.09,205680.93,138045.16,75.55555556,Domestic,2023-09
4777,BOM-BKK,BOM,BKK,16-12-2023,652,ATR 72,150,121,3601203.21,2669388.6,931814.61,80.66666667,International,2023-12
4778,DEL-AMD,DEL,AMD,29-12-2023,538,Boeing 737,180,81,262821.45,279327.76,-16506.31,45,Domestic,2023-12
4779,BOM-DEL,BOM,DEL,11-09-2023,550,Boeing 777,120,99,335891.31,340793.97,-4902.66,82.5,Domestic,2023-09
4780,DEL-AMD,DEL,AMD,17-10-2023,349,ATR 72,350,271,1095733.78,732708.26,363025.52,77.42857143,Domestic,2023-10
4781,DEL-LHR,DEL,LHR,22-08-2023,446,ATR 72,250,205,5374905.5,5435202.1,-60296.6,82,International,2023-08
4782,HYD-BOM,HYD,BOM,07-10-2023,71,Boeing 777,350,223,780410.21,814688.65,-34278.44,63.71428571,Domestic,2023-10
4783,MAA-CMB,MAA,CMB,24-05-2023,817,Boeing 777,180,152,3411374.03,2635192.23,776181.8,84.44444444,International,2023-05
4784,BOM-DXB,BOM,DXB,22-06-2023,163,Airbus A320,150,123,3829905.15,3513555.79,316349.36,82,International,2023-06
4785,DEL-LHR,DEL,LHR,31-05-2023,158,ATR 72,250,140,4246405.48,2615107.7,1631297.78,56,International,2023-05
4786,BLR-HYD,BLR,HYD,14-01-2023,670,Airbus A380,250,153,396737.93,273049.13,123688.8,61.2,Domestic,2023-01
4787,BOM-BKK,BOM,BKK,28-04-2023,471,Boeing 777,350,159,5215602.45,5165453.43,50149.02,45.42857143,International,2023-04
4788,MAA-BLR,MAA,BLR,03-02-2023,563,Airbus A320,250,229,922892.35,585482.98,337409.37,91.6,Domestic,2023-02
4789,MAA-BLR,MAA,BLR,10-03-2023,489,Airbus A380,350,303,981422.86,1105400.35,-123977.49,86.57142857,Domestic,2023-03
4790,DEL-BLR,DEL,BLR,30-12-2023,263,Airbus A320,150,117,395575.43,250777.64,144797.79,78,Domestic,2023-12
4791,BOM-CCU,BOM,CCU,14-08-2023,124,ATR 72,350,278,952529.45,655374.22,297155.23,79.42857143,Domestic,2023-08
4792,DEL-AMD,DEL,AMD,12-12-2023,513,Boeing 777,150,143,374089.35,408466.2,-34376.85,95.33333333,Domestic,2023-12
4793,DEL-FRA,DEL,FRA,12-06-2023,655,Airbus A380,150,127,3488773.39,3628483.46,-139710.07,84.66666667,International,2023-06
4794,BOM-CCU,BOM,CCU,14-02-2023,373,ATR 72,150,86,359346.23,391184.08,-31837.85,57.33333333,Domestic,2023-02
4795,MAA-CMB,MAA,CMB,15-09-2023,472,Airbus A320,150,71,1880063.77,1899069.21,-19005.44,47.33333333,International,2023-09
4796,BOM-NRT,BOM,NRT,13-05-2023,749,Boeing 737,120,68,2306334.8,1400671.42,905663.38,56.66666667,International,2023-05
4797,BOM-DEL,BOM,DEL,05-05-2023,781,Airbus A380,180,133,408310.19,247275.8,161034.39,73.88888889,Domestic,2023-05
4798,DEL-BLR,DEL,BLR,23-01-2023,192,Boeing 737,350,185,469242.31,329265.57,139976.74,52.85714286,Domestic,2023-01
4799,MAA-CMB,MAA,CMB,14-02-2023,518,Boeing 737,150,108,3735474.39,2194997.23,1540477.16,72,International,2023-02
4800,MAA-CMB,MAA,CMB,29-08-2023,605,Airbus A380,150,82,1719003.97,1531156.72,187847.25,54.66666667,International,2023-08
4801,BOM-NRT,BOM,NRT,02-09-2023,71,Airbus A320,150,144,3485025.26,3263852.8,221172.46,96,International,2023-09
4802,CCU-KUL,CCU,KUL,11-05-2023,278,Airbus A320,180,110,2372381.29,1890349.18,482032.11,61.11111111,International,2023-05
4803,BOM-CCU,BOM,CCU,24-01-2023,884,Boeing 737,180,161,386963.45,215613,171350.45,89.44444444,Domestic,2023-01
4804,DEL-AMD,DEL,AMD,26-02-2023,264,Boeing 737,150,94,282105.7,281293.01,812.69,62.66666667,Domestic,2023-02
4805,BOM-NRT,BOM,NRT,05-06-2023,196,Boeing 737,250,213,7450228.23,7158026.69,292201.54,85.2,International,2023-06
4806,DEL-MAA,DEL,MAA,14-12-2023,297,ATR 72,180,121,477844.16,461343.88,16500.28,67.22222222,Domestic,2023-12
4807,DEL-MAA,DEL,MAA,03-12-2023,147,Airbus A380,250,217,550780.57,475676.56,75104.01,86.8,Domestic,2023-12
4808,DEL-CDG,DEL,CDG,14-10-2023,656,ATR 72,250,207,6953822.57,7259115.11,-305292.54,82.8,International,2023-10
4809,CCU-KUL,CCU,KUL,05-08-2023,547,Airbus A380,180,163,3792368.37,3178876.14,613492.23,90.55555556,International,2023-08
4810,BOM-CCU,BOM,CCU,07-03-2023,868,Airbus A320,350,257,863380.18,772083.29,91296.89,73.42857143,Domestic,2023-03
4811,DEL-CDG,DEL,CDG,22-08-2023,718,Airbus A320,120,71,1927527.35,1105053.19,822474.16,59.16666667,International,2023-08
4812,DEL-LHR,DEL,LHR,01-03-2023,661,Boeing 777,180,113,3109688.89,3444402.22,-334713.33,62.77777778,International,2023-03
4813,BOM-CCU,BOM,CCU,27-11-2023,814,Airbus A380,150,89,299875.86,326653.88,-26778.02,59.33333333,Domestic,2023-11
4814,BOM-DEL,BOM,DEL,13-09-2023,652,Airbus A380,180,150,370813.53,343309.23,27504.3,83.33333333,Domestic,2023-09
4815,BLR-HYD,BLR,HYD,28-06-2023,556,Boeing 777,350,218,598817.74,533688.37,65129.37,62.28571429,Domestic,2023-06
4816,MAA-CMB,MAA,CMB,23-11-2023,393,Airbus A320,250,207,4242366.23,4625522.04,-383155.81,82.8,International,2023-11
4817,DEL-AMD,DEL,AMD,04-11-2023,255,Airbus A320,350,191,486299.43,431894.43,54405,54.57142857,Domestic,2023-11
4818,MAA-BLR,MAA,BLR,16-01-2023,480,Airbus A320,350,215,678724.43,559032.71,119691.72,61.42857143,Domestic,2023-01
4819,DEL-MAA,DEL,MAA,28-01-2023,816,Airbus A380,120,102,281009.56,248792.73,32216.83,85,Domestic,2023-01
4820,MAA-BLR,MAA,BLR,06-04-2023,116,Boeing 777,180,146,441918.11,332298.3,109619.81,81.11111111,Domestic,2023-04
4821,HYD-BOM,HYD,BOM,11-12-2023,387,Boeing 777,180,170,667922.29,547766.65,120155.64,94.44444444,Domestic,2023-12
4822,HYD-DXB,HYD,DXB,29-12-2023,667,Airbus A380,250,174,6005660.35,6454381.61,-448721.26,69.6,International,2023-12
4823,MAA-CMB,MAA,CMB,28-10-2023,228,Airbus A320,120,102,2087863.91,1196804.32,891059.59,85,International,2023-10
4824,DEL-MAA,DEL,MAA,14-12-2023,742,Boeing 737,180,83,312160.84,229816.99,82343.85,46.11111111,Domestic,2023-12
4825,BOM-CCU,BOM,CCU,05-03-2023,861,Airbus A320,180,119,432987.3,333502.67,99484.63,66.11111111,Domestic,2023-03
4826,CCU-KUL,CCU,KUL,03-10-2023,769,Boeing 737,180,90,2998426.32,3362850.8,-364424.48,50,International,2023-10
4827,DEL-AMD,DEL,AMD,10-10-2023,497,Airbus A380,250,123,387842.29,434624.48,-46782.19,49.2,Domestic,2023-10
4828,DEL-MAA,DEL,MAA,10-08-2023,189,Boeing 777,180,159,656692.37,384543.6,272148.77,88.33333333,Domestic,2023-08
4829,MAA-BLR,MAA,BLR,16-10-2023,621,Airbus A380,250,123,473472.25,538715.42,-65243.17,49.2,Domestic,2023-10
4830,HYD-DXB,HYD,DXB,26-08-2023,537,Boeing 737,150,86,2140926.53,2175041.89,-34115.36,57.33333333,International,2023-08
4831,DEL-AMD,DEL,AMD,04-12-2023,360,Airbus A320,120,83,219309.81,231166.68,-11856.87,69.16666667,Domestic,2023-12
4832,BOM-BKK,BOM,BKK,29-09-2023,639,ATR 72,250,199,4745255.61,4919744.96,-174489.35,79.6,International,2023-09
4833,DEL-BLR,DEL,BLR,20-04-2023,714,Boeing 737,180,157,441114.02,502679.13,-61565.11,87.22222222,Domestic,2023-04
4834,DEL-FRA,DEL,FRA,15-08-2023,699,ATR 72,350,330,9438407.41,6669868.38,2768539.03,94.28571429,International,2023-08
4835,BOM-NRT,BOM,NRT,24-03-2023,350,Airbus A380,120,71,1981677.14,1215103.51,766573.63,59.16666667,International,2023-03
4836,CCU-DEL,CCU,DEL,31-01-2023,155,ATR 72,250,214,624696.43,394520.55,230175.88,85.6,Domestic,2023-01
4837,BOM-CCU,BOM,CCU,16-05-2023,425,Airbus A380,180,90,343516.94,223159.14,120357.8,50,Domestic,2023-05
4838,DEL-LHR,DEL,LHR,01-11-2023,142,Airbus A380,120,55,1323762.46,1445703.56,-121941.1,45.83333333,International,2023-11
4839,DEL-FRA,DEL,FRA,19-05-2023,262,Airbus A320,180,165,5295011.66,4402260.45,892751.21,91.66666667,International,2023-05
4840,BOM-DEL,BOM,DEL,19-12-2023,398,Airbus A320,250,130,333389.84,313267.15,20122.69,52,Domestic,2023-12
4841,DEL-MAA,DEL,MAA,16-04-2023,186,Boeing 737,180,105,372390.63,230184.18,142206.45,58.33333333,Domestic,2023-04
4842,BOM-DEL,BOM,DEL,24-11-2023,200,Boeing 737,250,114,294624.95,292327.82,2297.13,45.6,Domestic,2023-11
4843,BOM-NRT,BOM,NRT,15-04-2023,114,Boeing 737,180,164,3714279.08,4221881.68,-507602.6,91.11111111,International,2023-04
4844,DEL-AMD,DEL,AMD,16-05-2023,227,Airbus A380,250,199,816540.19,815689.09,851.1,79.6,Domestic,2023-05
4845,DEL-LHR,DEL,LHR,13-04-2023,633,Boeing 777,150,92,2425699.74,1514160.92,911538.82,61.33333333,International,2023-04
4846,BOM-BKK,BOM,BKK,25-02-2023,761,Boeing 777,350,263,7670827.58,5462249.09,2208578.49,75.14285714,International,2023-02
4847,DEL-MAA,DEL,MAA,31-07-2023,871,Boeing 737,350,208,808840.44,597530.99,211309.45,59.42857143,Domestic,2023-07
4848,DEL-FRA,DEL,FRA,12-06-2023,608,Airbus A320,250,182,5605154.05,5184316.96,420837.09,72.8,International,2023-06
4849,DEL-BLR,DEL,BLR,01-10-2023,169,Boeing 777,350,265,1042451.25,767835.05,274616.2,75.71428571,Domestic,2023-10
4850,DEL-BLR,DEL,BLR,04-04-2023,878,Airbus A320,150,82,278741.68,252511.29,26230.39,54.66666667,Domestic,2023-04
4851,DEL-LHR,DEL,LHR,19-09-2023,117,Airbus A320,180,164,3701631.28,3186078.96,515552.32,91.11111111,International,2023-09
4852,BOM-DXB,BOM,DXB,15-01-2023,885,Airbus A380,180,85,2333769.75,2215661.5,118108.25,47.22222222,International,2023-01
4853,BOM-CCU,BOM,CCU,27-10-2023,762,Airbus A380,150,96,366629.05,382565.12,-15936.07,64,Domestic,2023-10
4854,DEL-MAA,DEL,MAA,03-07-2023,245,Boeing 777,250,177,578500.18,417193.81,161306.37,70.8,Domestic,2023-07
4855,MAA-BLR,MAA,BLR,17-10-2023,459,Boeing 777,350,202,596104.92,428830.14,167274.78,57.71428571,Domestic,2023-10
4856,DEL-BLR,DEL,BLR,25-01-2023,505,Boeing 737,250,187,742917.62,820446.33,-77528.71,74.8,Domestic,2023-01
4857,BLR-SIN,BLR,SIN,02-06-2023,619,Airbus A380,150,143,4300572.69,3304958.57,995614.12,95.33333333,International,2023-06
4858,DEL-LHR,DEL,LHR,17-04-2023,568,Airbus A380,350,199,6624613.34,7608525.46,-983912.12,56.85714286,International,2023-04
4859,DEL-LHR,DEL,LHR,30-11-2023,357,Airbus A380,120,91,2010709,1132599.38,878109.62,75.83333333,International,2023-11
4860,MAA-BLR,MAA,BLR,13-01-2023,539,Airbus A320,180,105,436797.2,431854.13,4943.07,58.33333333,Domestic,2023-01
4861,DEL-CDG,DEL,CDG,11-08-2023,104,Boeing 737,250,120,3900950.9,3583794.92,317155.98,48,International,2023-08
4862,HYD-BOM,HYD,BOM,14-03-2023,707,Boeing 777,250,116,396093.52,312233.92,83859.6,46.4,Domestic,2023-03
4863,DEL-MAA,DEL,MAA,04-07-2023,744,Boeing 737,250,151,396205.18,311633.25,84571.93,60.4,Domestic,2023-07
4864,DEL-BLR,DEL,BLR,22-04-2023,194,Boeing 777,120,95,267524.8,256352.56,11172.24,79.16666667,Domestic,2023-04
4865,BOM-NRT,BOM,NRT,02-06-2023,312,ATR 72,350,330,7880350.49,5598693.87,2281656.62,94.28571429,International,2023-06
4866,DEL-MAA,DEL,MAA,24-08-2023,630,ATR 72,180,95,386114.66,311373.61,74741.05,52.77777778,Domestic,2023-08
4867,CCU-KUL,CCU,KUL,30-10-2023,330,ATR 72,250,208,5208704.66,5360085.53,-151380.87,83.2,International,2023-10
4868,DEL-CDG,DEL,CDG,24-12-2023,826,Boeing 777,350,223,5986720.8,5114122.63,872598.17,63.71428571,International,2023-12
4869,BLR-HYD,BLR,HYD,30-03-2023,519,Airbus A320,120,85,337734.52,323763.25,13971.27,70.83333333,Domestic,2023-03
4870,DEL-MAA,DEL,MAA,13-08-2023,806,Boeing 737,350,199,782072.32,867369.12,-85296.8,56.85714286,Domestic,2023-08
4871,MAA-BLR,MAA,BLR,13-01-2023,225,Airbus A320,350,336,1044774.84,991905.37,52869.47,96,Domestic,2023-01
4872,DEL-MAA,DEL,MAA,01-09-2023,456,Boeing 737,250,166,642131.54,626909.97,15221.57,66.4,Domestic,2023-09
4873,MAA-BLR,MAA,BLR,21-01-2023,344,Airbus A380,180,144,371338.33,240635.53,130702.8,80,Domestic,2023-01
4874,BLR-SIN,BLR,SIN,29-04-2023,576,Boeing 737,120,115,2904120.91,3231223.62,-327102.71,95.83333333,International,2023-04
4875,DEL-MAA,DEL,MAA,30-09-2023,795,ATR 72,150,70,265643.06,192636.95,73006.11,46.66666667,Domestic,2023-09
4876,BOM-DXB,BOM,DXB,28-10-2023,425,Airbus A320,350,338,11563180.37,9428756.41,2134423.96,96.57142857,International,2023-10
4877,BOM-BKK,BOM,BKK,09-09-2023,553,Boeing 777,150,83,1921693.72,1863134.21,58559.51,55.33333333,International,2023-09
4878,CCU-DEL,CCU,DEL,28-04-2023,899,Airbus A380,150,125,329968.61,268686.69,61281.92,83.33333333,Domestic,2023-04
4879,CCU-DEL,CCU,DEL,08-11-2023,488,ATR 72,150,73,301149.11,187259.4,113889.71,48.66666667,Domestic,2023-11
4880,BOM-DEL,BOM,DEL,12-03-2023,448,Boeing 737,250,170,458531.01,323024,135507.01,68,Domestic,2023-03
4881,MAA-BLR,MAA,BLR,23-12-2023,594,Airbus A380,350,281,867948.26,888817.46,-20869.2,80.28571429,Domestic,2023-12
4882,BOM-DXB,BOM,DXB,21-04-2023,568,Boeing 737,180,167,4533388.67,2796371.94,1737016.73,92.77777778,International,2023-04
4883,BOM-DEL,BOM,DEL,02-07-2023,245,Boeing 737,350,262,720547.62,636725.07,83822.55,74.85714286,Domestic,2023-07
4884,HYD-BOM,HYD,BOM,16-01-2023,741,ATR 72,180,85,299272.61,315666.15,-16393.54,47.22222222,Domestic,2023-01
4885,DEL-FRA,DEL,FRA,19-08-2023,293,Boeing 737,150,116,4040693.04,4377900.87,-337207.83,77.33333333,International,2023-08
4886,MAA-BLR,MAA,BLR,13-02-2023,819,Boeing 777,350,220,881914.49,891012.21,-9097.72,62.85714286,Domestic,2023-02
4887,DEL-FRA,DEL,FRA,09-12-2023,442,ATR 72,120,87,2277627.23,2231412.08,46215.15,72.5,International,2023-12
4888,BOM-DEL,BOM,DEL,08-11-2023,120,Airbus A380,150,81,276161,255988.37,20172.63,54,Domestic,2023-11
4889,BOM-CCU,BOM,CCU,22-03-2023,831,Boeing 737,350,265,994982.82,713965.81,281017.01,75.71428571,Domestic,2023-03
4890,BOM-GOI,BOM,GOI,06-05-2023,670,Boeing 777,350,234,577522.47,398921.52,178600.95,66.85714286,Domestic,2023-05
4891,BOM-CCU,BOM,CCU,17-06-2023,890,ATR 72,350,253,818760.04,622640.63,196119.41,72.28571429,Domestic,2023-06
4892,DEL-FRA,DEL,FRA,04-07-2023,516,ATR 72,120,66,1514646.06,1577399.07,-62753.01,55,International,2023-07
4893,MAA-CMB,MAA,CMB,27-09-2023,611,Boeing 737,250,226,7523504.15,5415460.76,2108043.39,90.4,International,2023-09
4894,BOM-CCU,BOM,CCU,27-08-2023,404,Boeing 737,150,143,532194.7,331588.39,200606.31,95.33333333,Domestic,2023-08
4895,HYD-BOM,HYD,BOM,13-01-2023,108,Airbus A380,350,273,863158.96,811175.7,51983.26,78,Domestic,2023-01
4896,HYD-DXB,HYD,DXB,25-12-2023,860,Airbus A380,180,113,3177350.53,3557666.05,-380315.52,62.77777778,International,2023-12
4897,BOM-DEL,BOM,DEL,28-10-2023,406,ATR 72,120,73,180862.57,166604.78,14257.79,60.83333333,Domestic,2023-10
4898,DEL-FRA,DEL,FRA,01-04-2023,314,Airbus A380,250,194,5850519.9,3666881.43,2183638.47,77.6,International,2023-04
4899,BOM-GOI,BOM,GOI,14-09-2023,499,Boeing 777,120,88,230974.65,233354.44,-2379.79,73.33333333,Domestic,2023-09
4900,DEL-MAA,DEL,MAA,21-01-2023,375,Airbus A320,350,207,743509.63,816360.73,-72851.1,59.14285714,Domestic,2023-01
4901,MAA-BLR,MAA,BLR,25-07-2023,209,Boeing 737,250,228,654228.35,435733.94,218494.41,91.2,Domestic,2023-07
4902,DEL-AMD,DEL,AMD,06-11-2023,266,ATR 72,180,91,346837.48,382517.09,-35679.61,50.55555556,Domestic,2023-11
4903,BLR-SIN,BLR,SIN,18-08-2023,322,Boeing 737,250,186,5613808.49,5351135.02,262673.47,74.4,International,2023-08
4904,BOM-BKK,BOM,BKK,16-10-2023,583,Boeing 777,350,215,5173114.18,3079171,2093943.18,61.42857143,International,2023-10
4905,BOM-CCU,BOM,CCU,28-01-2023,464,Airbus A380,250,197,819718.33,593327,226391.33,78.8,Domestic,2023-01
4906,BOM-CCU,BOM,CCU,16-09-2023,518,ATR 72,150,119,381993.56,350169.71,31823.85,79.33333333,Domestic,2023-09
4907,BOM-DXB,BOM,DXB,21-04-2023,525,Airbus A380,120,58,1299293.65,1162860.8,136432.85,48.33333333,International,2023-04
4908,BLR-HYD,BLR,HYD,09-08-2023,818,Boeing 777,180,145,503983.02,579079.22,-75096.2,80.55555556,Domestic,2023-08
4909,MAA-BLR,MAA,BLR,07-05-2023,509,ATR 72,120,71,170750.55,97936.8,72813.75,59.16666667,Domestic,2023-05
4910,BOM-NRT,BOM,NRT,13-04-2023,458,Boeing 777,120,104,3387284.37,2621629.19,765655.18,86.66666667,International,2023-04
4911,BOM-NRT,BOM,NRT,02-04-2023,502,ATR 72,150,127,4128159.17,4186256.12,-58096.95,84.66666667,International,2023-04
4912,HYD-BOM,HYD,BOM,09-12-2023,802,Airbus A320,250,238,984134.74,999672.92,-15538.18,95.2,Domestic,2023-12
4913,BLR-HYD,BLR,HYD,14-03-2023,432,Airbus A380,250,243,1015791.82,652727.03,363064.79,97.2,Domestic,2023-03
4914,HYD-BOM,HYD,BOM,03-01-2023,87,ATR 72,180,124,410527.47,367694.82,42832.65,68.88888889,Domestic,2023-01
4915,BOM-NRT,BOM,NRT,28-02-2023,436,Airbus A320,150,123,2795104.94,2838026.21,-42921.27,82,International,2023-02
4916,BLR-SIN,BLR,SIN,11-01-2023,67,ATR 72,350,303,9941768.54,10690155.32,-748386.78,86.57142857,International,2023-01
4917,BOM-DXB,BOM,DXB,09-09-2023,890,ATR 72,150,99,2879537.17,2789321.52,90215.65,66,International,2023-09
4918,CCU-DEL,CCU,DEL,16-01-2023,267,Boeing 777,120,106,440532.52,459514.46,-18981.94,88.33333333,Domestic,2023-01
4919,BLR-SIN,BLR,SIN,23-06-2023,729,Airbus A320,150,114,2832633.18,2802510.36,30122.82,76,International,2023-06
4920,MAA-CMB,MAA,CMB,17-05-2023,691,ATR 72,250,227,7273197.34,7562817.87,-289620.53,90.8,International,2023-05
4921,BOM-DEL,BOM,DEL,13-09-2023,880,Boeing 737,250,118,389128.06,433171.45,-44043.39,47.2,Domestic,2023-09
4922,BLR-HYD,BLR,HYD,23-05-2023,866,Airbus A320,150,136,334083.49,193945.16,140138.33,90.66666667,Domestic,2023-05
4923,MAA-BLR,MAA,BLR,30-10-2023,141,Airbus A380,180,166,483173.07,378088.52,105084.55,92.22222222,Domestic,2023-10
4924,DEL-FRA,DEL,FRA,12-02-2023,736,Airbus A380,150,107,3267567.45,2653257.5,614309.95,71.33333333,International,2023-02
4925,BOM-CCU,BOM,CCU,03-07-2023,549,Airbus A380,180,160,596847.36,419571.77,177275.59,88.88888889,Domestic,2023-07
4926,DEL-LHR,DEL,LHR,14-09-2023,507,Airbus A380,120,87,2119063.31,1851061.84,268001.47,72.5,International,2023-09
4927,CCU-KUL,CCU,KUL,07-06-2023,128,Boeing 777,150,106,2694860.8,1860316.17,834544.63,70.66666667,International,2023-06
4928,BOM-CCU,BOM,CCU,09-05-2023,171,ATR 72,350,250,677904.43,457140.74,220763.69,71.42857143,Domestic,2023-05
4929,MAA-BLR,MAA,BLR,18-12-2023,645,Airbus A320,120,94,248670.92,243263.39,5407.53,78.33333333,Domestic,2023-12
4930,BOM-NRT,BOM,NRT,27-10-2023,880,ATR 72,150,77,2190480.89,1236058.24,954422.65,51.33333333,International,2023-10
4931,DEL-FRA,DEL,FRA,24-12-2023,185,Airbus A320,150,120,2412097.72,2366327.61,45770.11,80,International,2023-12
4932,HYD-DXB,HYD,DXB,13-05-2023,859,Boeing 777,250,172,5491277.15,3254365.39,2236911.76,68.8,International,2023-05
4933,MAA-BLR,MAA,BLR,26-02-2023,811,Airbus A380,250,164,481186.1,385244.26,95941.84,65.6,Domestic,2023-02
4934,BOM-NRT,BOM,NRT,29-04-2023,650,Boeing 737,120,79,2550269.37,1877176.81,673092.56,65.83333333,International,2023-04
4935,DEL-FRA,DEL,FRA,01-12-2023,470,Airbus A380,250,212,5510405.39,4262109.29,1248296.1,84.8,International,2023-12
4936,CCU-KUL,CCU,KUL,10-08-2023,454,Airbus A380,180,126,3264752.42,2896760.19,367992.23,70,International,2023-08
4937,DEL-MAA,DEL,MAA,05-01-2023,572,Boeing 777,150,114,337386.65,363796.7,-26410.05,76,Domestic,2023-01
4938,BOM-GOI,BOM,GOI,06-02-2023,562,Boeing 777,120,72,253567.38,218484.94,35082.44,60,Domestic,2023-02
4939,HYD-DXB,HYD,DXB,10-03-2023,667,ATR 72,350,247,5472005.7,4193502.72,1278502.98,70.57142857,International,2023-03
4940,MAA-BLR,MAA,BLR,14-03-2023,230,Boeing 737,250,122,446483.01,342492.31,103990.7,48.8,Domestic,2023-03
4941,DEL-BLR,DEL,BLR,01-08-2023,681,Airbus A320,350,310,1004816.57,962275.79,42540.78,88.57142857,Domestic,2023-08
4942,HYD-DXB,HYD,DXB,10-08-2023,863,Boeing 777,120,57,1824347.43,1156299.82,668047.61,47.5,International,2023-08
4943,BOM-BKK,BOM,BKK,10-08-2023,267,ATR 72,120,69,2208103.91,1330674.21,877429.7,57.5,International,2023-08
4944,HYD-BOM,HYD,BOM,29-01-2023,258,Boeing 737,350,286,1201109.71,1252104.84,-50995.13,81.71428571,Domestic,2023-01
4945,HYD-BOM,HYD,BOM,04-05-2023,900,Boeing 737,120,60,156100.14,167232.15,-11132.01,50,Domestic,2023-05
4946,MAA-BLR,MAA,BLR,09-12-2023,81,Airbus A380,180,105,352505.87,266453.16,86052.71,58.33333333,Domestic,2023-12
4947,CCU-KUL,CCU,KUL,13-06-2023,440,Airbus A320,180,114,3253867.54,1993336.13,1260531.41,63.33333333,International,2023-06
4948,BOM-CCU,BOM,CCU,22-05-2023,257,Airbus A380,350,242,690985.71,568607.75,122377.96,69.14285714,Domestic,2023-05
4949,HYD-DXB,HYD,DXB,19-04-2023,384,Boeing 737,250,239,7933706.18,5314244.89,2619461.29,95.6,International,2023-04
4950,HYD-DXB,HYD,DXB,22-08-2023,789,Boeing 737,150,93,3211586.69,3607075.04,-395488.35,62,International,2023-08
4951,DEL-CDG,DEL,CDG,10-08-2023,313,Airbus A320,350,289,8273352.25,8077724.73,195627.52,82.57142857,International,2023-08
4952,MAA-CMB,MAA,CMB,12-08-2023,740,Boeing 777,120,83,2324686.38,1475059.71,849626.67,69.16666667,International,2023-08
4953,BLR-SIN,BLR,SIN,24-01-2023,769,Boeing 737,350,271,7790521.86,4802890.81,2987631.05,77.42857143,International,2023-01
4954,BOM-BKK,BOM,BKK,08-03-2023,330,Airbus A380,350,214,5790391.47,5629469.13,160922.34,61.14285714,International,2023-03
4955,BOM-GOI,BOM,GOI,31-10-2023,260,Airbus A380,350,210,667150.17,711184.43,-44034.26,60,Domestic,2023-10
4956,BLR-HYD,BLR,HYD,06-09-2023,664,Airbus A380,150,102,348458.62,366952.84,-18494.22,68,Domestic,2023-09
4957,DEL-BLR,DEL,BLR,16-02-2023,892,Boeing 737,150,119,484923.38,513785.01,-28861.63,79.33333333,Domestic,2023-02
4958,BOM-CCU,BOM,CCU,07-11-2023,837,Boeing 737,350,215,794755.32,759514.49,35240.83,61.42857143,Domestic,2023-11
4959,DEL-MAA,DEL,MAA,05-01-2023,252,ATR 72,250,133,538276.61,336164.52,202112.09,53.2,Domestic,2023-01
4960,DEL-LHR,DEL,LHR,23-11-2023,137,ATR 72,120,94,3147642.03,3111777.2,35864.83,78.33333333,International,2023-11
4961,BLR-SIN,BLR,SIN,29-03-2023,372,Boeing 777,250,203,4518285.77,2739483.15,1778802.62,81.2,International,2023-03
4962,BOM-DXB,BOM,DXB,06-08-2023,477,Airbus A320,150,115,3999834.18,3046610.75,953223.43,76.66666667,International,2023-08
4963,HYD-DXB,HYD,DXB,21-03-2023,354,Airbus A320,150,97,2410012.48,2299532.62,110479.86,64.66666667,International,2023-03
4964,BOM-CCU,BOM,CCU,22-05-2023,74,Airbus A320,120,94,278708.29,311216.78,-32508.49,78.33333333,Domestic,2023-05
4965,DEL-CDG,DEL,CDG,27-09-2023,350,Boeing 737,180,166,3472607.86,3752108.63,-279500.77,92.22222222,International,2023-09
4966,HYD-DXB,HYD,DXB,02-06-2023,254,Boeing 777,120,85,2170567.53,2183547.81,-12980.28,70.83333333,International,2023-06
4967,DEL-CDG,DEL,CDG,19-04-2023,815,Airbus A320,150,108,3545049.25,3310333.73,234715.52,72,International,2023-04
4968,BOM-NRT,BOM,NRT,08-11-2023,870,Airbus A380,120,62,1490941.67,1090426.95,400514.72,51.66666667,International,2023-11
4969,CCU-DEL,CCU,DEL,14-02-2023,84,ATR 72,120,83,213571.17,188873.23,24697.94,69.16666667,Domestic,2023-02
4970,HYD-BOM,HYD,BOM,13-12-2023,396,Airbus A320,150,127,416576.98,386483.41,30093.57,84.66666667,Domestic,2023-12
4971,HYD-BOM,HYD,BOM,08-09-2023,506,Boeing 777,180,105,327191.18,265856.78,61334.4,58.33333333,Domestic,2023-09
4972,DEL-FRA,DEL,FRA,02-07-2023,547,Airbus A320,180,111,3148098.1,1933069.44,1215028.66,61.66666667,International,2023-07
4973,DEL-FRA,DEL,FRA,19-02-2023,244,Airbus A380,250,169,4240849.59,4071235.87,169613.72,67.6,International,2023-02
4974,BOM-NRT,BOM,NRT,22-04-2023,877,ATR 72,150,115,2609175.36,2543115.36,66060,76.66666667,International,2023-04
4975,DEL-MAA,DEL,MAA,05-02-2023,414,Boeing 737,120,67,191514.81,203466.26,-11951.45,55.83333333,Domestic,2023-02
4976,HYD-BOM,HYD,BOM,19-10-2023,111,Airbus A380,150,105,413534.14,361328.12,52206.02,70,Domestic,2023-10
4977,DEL-CDG,DEL,CDG,26-11-2023,398,ATR 72,150,138,4441577.24,3703798.23,737779.01,92,International,2023-11
4978,CCU-DEL,CCU,DEL,27-12-2023,638,Boeing 737,150,115,400960.31,230969.46,169990.85,76.66666667,Domestic,2023-12
4979,DEL-FRA,DEL,FRA,27-02-2023,765,ATR 72,120,63,1677316.12,1525808.54,151507.58,52.5,International,2023-02
4980,BOM-NRT,BOM,NRT,23-12-2023,866,Boeing 777,180,125,4225160.85,4729480.27,-504319.42,69.44444444,International,2023-12
4981,BOM-GOI,BOM,GOI,13-02-2023,868,Boeing 737,250,237,648562.72,425694,222868.72,94.8,Domestic,2023-02
4982,BLR-SIN,BLR,SIN,01-12-2023,798,Boeing 777,350,173,3470004.45,2483356.15,986648.3,49.42857143,International,2023-12
4983,MAA-BLR,MAA,BLR,08-04-2023,463,Boeing 777,150,98,286373.89,193634.33,92739.56,65.33333333,Domestic,2023-04
4984,BOM-GOI,BOM,GOI,16-10-2023,887,Airbus A380,350,174,463751.33,447061.33,16690,49.71428571,Domestic,2023-10
4985,BOM-DEL,BOM,DEL,20-11-2023,117,Airbus A380,150,80,320043.48,260791.28,59252.2,53.33333333,Domestic,2023-11
4986,HYD-DXB,HYD,DXB,03-05-2023,386,Airbus A320,250,179,5854674.28,5002014.5,852659.78,71.6,International,2023-05
4987,DEL-FRA,DEL,FRA,07-10-2023,387,Airbus A380,120,57,1923181.52,1275094.37,648087.15,47.5,International,2023-10
4988,DEL-LHR,DEL,LHR,22-04-2023,100,Boeing 737,120,91,3047834.41,2893494.8,154339.61,75.83333333,International,2023-04
4989,CCU-DEL,CCU,DEL,21-11-2023,203,Boeing 777,350,293,926885.41,1042193.72,-115308.31,83.71428571,Domestic,2023-11
4990,DEL-FRA,DEL,FRA,19-06-2023,350,Airbus A380,180,133,2900588.07,1883697.3,1016890.77,73.88888889,International,2023-06
4991,DEL-AMD,DEL,AMD,25-08-2023,729,Boeing 737,150,90,346154.91,322835.64,23319.27,60,Domestic,2023-08
4992,HYD-BOM,HYD,BOM,05-04-2023,788,Boeing 777,250,159,607398.2,611303.74,-3905.54,63.6,Domestic,2023-04
4993,BOM-BKK,BOM,BKK,28-09-2023,351,Boeing 737,180,109,2851688.33,1911822.07,939866.26,60.55555556,International,2023-09
4994,BLR-HYD,BLR,HYD,27-08-2023,380,Airbus A380,150,92,384431.24,227118.52,157312.72,61.33333333,Domestic,2023-08
4995,HYD-DXB,HYD,DXB,07-07-2023,170,Airbus A380,250,187,4824426.43,4690217.58,134208.85,74.8,International,2023-07
4996,BOM-NRT,BOM,NRT,04-07-2023,653,Airbus A380,180,156,3149500.5,3216851.42,-67350.92,86.66666667,International,2023-07
4997,HYD-BOM,HYD,BOM,28-12-2023,284,Airbus A380,180,95,325362.08,256091.49,69270.59,52.77777778,Domestic,2023-12
4998,MAA-BLR,MAA,BLR,22-09-2023,322,Airbus A320,120,54,145128.27,164351.55,-19223.28,45,Domestic,2023-09
4999,DEL-MAA,DEL,MAA,16-06-2023,154,Boeing 777,180,114,461934.42,429755.4,32179.02,63.33333333,Domestic,2023-06
5000,CCU-DEL,CCU,DEL,21-08-2023,716,Airbus A320,150,106,333240.98,237870.57,95370.41,70.66666667,Domestic,2023-08
